# Forms the Serbian list misses, added to its word: headword<TAB>forms
# Generated from the sr-en dictionary pack: each word's Latin-script inflected forms the list does not hold (a spelling the list already files under another word is left to that word; Cyrillic spellings are left out, as the courses are written in Latin script).
biti	beh behu bejah bejahu bejasmo bejaste bejaše besmo beste beše bij bijah bijahu bijasmo bijaste bijaše bije bijem bijemo bijen bijenje bijete biješ bijmo bijte biju bijući bivši bićemo bićete bićeš biću biše bjeh bjehu bjesmo bjeste bješe bu budemo budete budu budući buju bum bumo buš byti jesmo jest neje nesam nesmo neste nesu nijesam nijesmo nijeste nijesu
da	the
hteti	hotevši hotijah hotijahu hotijasmo hotijaste hotijaše hoćah hoćahu hoćasmo hoćaste hoćaše hte htede htedne htednem htednemo htednete htedneš htedni htednimo htednite htednu htedoh htedosmo htedoste htedoše hteh htenje htesmo hteste htevši hteće htećemo htećete htećeš hteći hteću hteše htijah htijahu htijasmo htijaste htijaše htijući šćadijah šćadijahu šćadijasmo šćadijaste šćadijaše šćah šćahu šćasmo šćaste šćaše
on	njem
moći	mogah mogahu mogasmo mogaste mogaše mognete mogni mognimo mognite mognu mogoh mogosmo mogoste mogoše mozimo mozite
šta	čeg čem
znati	viediti znade znadem znademo znadete znadi znadijah znadijahu znadijasmo znadijaste znadijaše znadimo znadite znadne znadnem znadnemo znadnete znadneš znadnu znadoh znadosmo znadoste znadoše znadu znadući znah znahu znajmo znasmo znaste znavši znađah znađahu znađasmo znađaste znađaše znaše
imati	imade imadem imademo imadete imadeš imadijah imadijahu imadijasmo imadijaste imadijaše imadu imah imahu imajmo imasmo imaste imavši imađah imađahu imađasmo imađaste imađaše imaše
što	čeg čem
misliti	mišljahu mišljasmo mišljaste mišljaše mysliti
reći	rekne reknem reknemo reknete rekneš rekni reknimo reknite reknu rekući rečemo rečete reču rijeti
oni	njem
morati	morade moradoh moradosmo moradoste moradoše morah morahu moraj morajmo morajte morajući moranje morasmo moraste moravši moraše
videti	videsmo videste videći videše viđah viđahu viđasmo viđaste viđaše viđu
ići	idenje iđah iđahu iđasmo iđaste iđaše išavši
trebati	trebah trebahu trebaj trebajmo trebajte trebajući trebanje trebasmo trebaste trebaše trjebati
želeti	želećemo želeću željah željahu željasmo željaste željaše željenje
ona	njem
raditi	rađah rađahu rađasmo rađaste rađaše rađenje
sad	sadom sadova sadove sadovi sadovima
neki	nekoji
tvoj	tvojemu
čovek	čoek čojek čoveci čovecima čoveke
doći	dođimo dođoh dođosmo dođoste dođoše došavši
nemati	nemah nemahu nemajmo nemala nemale nemali nemalo nemasmo nemaste nemaće nemaćemo nemaćete nemaćeš nemaću nemaše
još	jošt jošte
kazati	kazah kazale kazalo kazane kazani kazanje kazasmo kazaste kazavši kazaćete kazaše
dati	dadem dademo dadete dadeš dadne dadnem dadnemo dadnete dadneš dadnu dadnuvši dadoh dadosmo dadoste dadoše dadu dano dasmo daste davši daše
hvala	hvalama hvalo hvalom hvl
voleti	voleh volesmo voleste volevši volećemo volećete voleše voljah voljahu voljasmo voljaste voljaše voljenje
dobar	boljega boljemu boljima dobrome dobromu najboljega najboljemu
zar	zarom zarova zarove zarovi zarovima
do	dolima dolom dolova dolove dolovi dolovima
stvar	stvarju
ništa	nič
otići	odimo odoste otide otidem otidemo otidete otideš otidi otidimo otidite otidoh otidosmo otidoste otidoše otidu otišavši
uraditi	uradismo uradiste uradivši
moliti	molih molismo moliste molivši moliše moljah moljahu moljasmo moljaste moljaše moljen
godina	godino
put	plt putima puću
vaš	vašiju vašju
svaki	svakime svakoji
zbog	sbog
bog	boge bozima
velik	najvećega najvećemu najvećima velikima velikoga velikome velikomu većega većemu većima
naći	nalaziti nađoh nađosmo nađoste nađoše našavši
čuti	čuh čujah čujahu čujasmo čujaste čujaše čujući čusmo čuste čuvenje čuvši čuću čuše
tu	tuj
ubiti	ubih ubismo ubiste ubiše
njegov	njegovome njegovomu njigov
uvek	vavek
vratiti	vratismo vratiste
pitati	pitah pitahu pitajmo pitale pitalo pitan pitana pitane pitani pitano pitasmo pitaste pitavši pitaće pitaćemo pitaćete pitaćeš pitaše
izgledati	izgledah izgledahu izgledajmo izgledanje izgledasmo izgledaste izgledaše
ostati	osta ostade ostadoh ostadosmo ostadoste ostadoše ostah ostasmo ostaste ostavši ostaše
zvati	zovijah zovijahu zovijasmo zovijaste zovijaše zovući zva zvah zvahu zvasmo zvaste zvavši zvaćete
verovati	verovah verovahu verovasmo verovaste verovaće verovaćemo verovaćete verovaćeš verovaše verujmo
baš	baševa baševe baševi baševima baši bašom bašu
prvi	prvomu
pomoći	pomogavši pomogoh pomogosmo pomogoste pomogoše
čekati	čekah čekahu čekasmo čekaste čekaše
dobiti	dobijmo dobismo dobiste dobiše
bez	beza bezom bezu
uzeti	uzeh uzesmo uzeste uzeše vzeti
pričati	pričah pričahu pričasmo pričaste pričaše
kakav	kakvome kakvomu
govoriti	govorah govorahu govorasmo govoraste govorih govorismo govoriste govorivši govoriše
gledati	gledah gledahu gledasmo gledaste gledavši gledaćete gledaše
ono	njem
značiti	značah značahu značasmo značaste značaše značeći značićemo značićete značićeš značiću
nov	najnovijega najnovijemu najnovijima najnovijom novijeg novijega novijem novijemu novijim novijima novijoj novijom novomu
mali	malija malijem maliju
tražiti	tražah tražahu tražasmo tražaste tražaše
pravi	pravomu
razumeti	razumeh razumej razumejmo razumejte razumesmo razumeste razumevši razumeše
pogledati	pogledasmo pogledaste pogledaše pogleč poglečte
slušati	slušah slušahu slušasmo slušaste slušaše
siguran	najsigurnijeg najsigurnijega najsigurnijemu najsigurnijim najsigurnijima najsigurnijoj najsigurnijom najsigurniju sigurnijega sigurnijemu sigurnijih sigurnijima sigurnijoj sigurnoga sigurnomu
svet	najsvetijeg najsvetijega najsvetijem najsvetijemu najsvetijim najsvetijima najsvetijoj najsvetijom najsvetiju svetija svetije svetijeg svetijega svetijem svetijemu svetiji svetijih svetijim svetijima svetijoj svetijom svetiju svetima svetomu
ceo	celima celomu
kuća	kućerina kućetina
novac	novče
napraviti	napravismo napraviste napraviše
ostaviti	ostavismo ostaviste
ruka	ručetina
postojati	postojah postojahu postojasmo postojaste postojaćemo postojaćete postojaćeš postojaću postojaše
pustiti	pustismo pustiste pustiše
majka	majkica majčurina
učiniti	učinismo učiniste
veza	vezo
njen	njenome njenomu njojan
sat	sahat
loš	lošemu lošijega lošijemu lošijima lošijoj lošijom najlošijeg najlošijega najlošijem najlošijemu najlošijih najlošijim najlošijima najlošijoj najlošijom najlošiju
sin	sini sinima
noć	noćiju
umreti	umreh umresmo umreste umrevši umreše
osećati	osećah osećahu osećajmo osećasmo osećaste osećaćemo osećaše
razgovarati	razgovarah razgovarahu razgovarasmo razgovaraste razgovaraše razgovoriti
krenuti	krenuh krenusmo krenuste krenuvši krenućete krenućeš krenuše
desiti	desih desim desimo desismo desiste desite desivši desićemo desićete desićeš desiću desiš desiše
brinuti	brinjah brinjahu brinjasmo brinjaste brinjaše brinućete
jesti	jedah jedahu jedasmo jedaste jedavši jedaše jeden jedena jedene jedeni jedeno jedoh jedosmo jedoste jedoše jeđah jeđahu jeđasmo jeđaste jeđaše ješće ješćete ješćeš
mrtav	mrtvlja mrtvlje mrtvljeg mrtvljega mrtvljem mrtvljemu mrtvlji mrtvljih mrtvljim mrtvljima mrtvljoj mrtvljom mrtvlju mrtvome mrtvomu najmrtvlja najmrtvlje najmrtvljeg najmrtvljega najmrtvljem najmrtvljemu najmrtvlji najmrtvljih najmrtvljim najmrtvljima najmrtvljoj najmrtvljom najmrtvlju
držati	drža držah držahu držasmo držaste državši držaše
video	videima
tri	trije
zaboraviti	zaboravismo zaboraviste zaboravivši zaboravićete zaboraviše
srećan	najsrećnijeg najsrećnijega najsrećnijem najsrećnijemu najsrećnijih najsrećnijima najsrećnijoj najsrećnijom najsrećniju srećnijeg srećnijega srećnijem srećnijemu srećnijih srećnijima srećnijoj srećnijom srećniju srećnoga srećnome srećnomu
stati	stadoh stadosmo stadoste stadoše stasmo staste stavši staše
prestati	prestade prestadoh prestadosmo prestadoste prestadoše prestavši
spreman	najspremnija najspremnije najspremnijeg najspremnijega najspremnijem najspremnijemu najspremnijih najspremnijim najspremnijima najspremnijoj najspremnijom najspremniju spremnije spremnijeg spremnijega spremnijem spremnijemu spremnijih spremnijim spremnijima spremnijoj spremnijom spremniju spremnima spremnoga spremnoj spremnome spremnomu
pokušati	pokušasmo pokušaste pokušavši pokušaše
završiti	završismo završiste završiše
takav	takvomu
jedini	jedinima jedinome jedinomu
čemu	čeg čem
poznat	najpoznatije najpoznatijeg najpoznatijega najpoznatijem najpoznatijemu najpoznatijim najpoznatijima najpoznatijoj najpoznatijom najpoznatiju poznatija poznatije poznatijeg poznatijega poznatijem poznatijemu poznatijih poznatijim poznatijima poznatijoj poznatijom poznatiju poznatima poznatoga poznatome poznatomu
priča	pričo
početi	počeh počesmo počeste
živ	najživlja najživlje najživljeg najživljega najživljem najživljemu najživlji najživljih najživljim najživljima najživljoj najživljom najživlju življeg življega življem življemu življih življim življima življoj življom življu živome živomu
grad	gradima gradma
soba	sobetina
izgubiti	izgubiste izgubiše
istina	istino
god	godom godova godovi godovima godu
lep	lepima lepoga lepome lepomu lepšega lepšem lepšemu lepših lepšim lepšima lepšoj lepšom najlepšeg najlepšega najlepšem najlepšemu najlepšim najlepšima najlepšoj najlepšom
ući	uđoh uđosmo uđoste uđoše
slučaj	slučaji slučajima
pobeći	pobegavši pobegnimo pobegnite pobegoh pobegosmo pobegoste pobegoše pobeže
nadati	nadah nadahu nadalo nadasmo nadaste nadaće nadaćemo nadaćete nadaćeš nadaću nadaše ponadati
živeti	živeh živesmo živeste živevši življah življahu življasmo življaste življaše
poslati	poslah poslasmo poslaste poslavši poslaše
uspeti	uspesmo uspeste uspevati uspevši uspećete uspeše uspij uspijmo uspijte uspinjati uspne uspnem uspnemo uspnete uspneš uspni uspnimo uspnite uspnu
pronaći	pronađosmo pronađoste pronađoše
stignuti	dostignuti stignimo stignuh stignuli stignuo stignusmo stignuste stignuvši stignuše stigoste
sutra	sutrama sutri sutro sutrom
voda	voden
staviti	staveći stavih stavismo staviste
poslednji	poslednjega poslednjemu
jebati	jebah jebahu jebasmo jebaste jebavši jebaćete jebaše jebimo jebući
dogoditi	dogodih dogodim dogodimo dogodismo dogodiste dogodite dogodivši dogodićemo dogodićete dogodićeš dogodiću dogodiš dogodiše
postati	postadosmo postadoste postadoše postah postasmo postaste postaše
doneti	doneh donesao donesavši donesimo donesli donesmo donesoh donesosmo donesoste donesoše doneste donevši donećete doneše
pozvati	pozvah pozvasmo pozvaste pozvavši pozvaše
upoznati	upoznasmo upoznaste upoznavši upoznaše
isti	istomu
činiti	činićemo činićete činićeš činiću činjah činjahu činjasmo činjaste činjaše
potreban	najpotrebnijeg najpotrebnijega najpotrebnijem najpotrebnijemu najpotrebnijih najpotrebnijim najpotrebnijima najpotrebnijoj najpotrebnijom najpotrebniju potrebnijeg potrebnijega potrebnijem potrebnijemu potrebnijih potrebnijim potrebnijima potrebnijoj potrebnijom potrebniju potrebnima potrebnoga potrebnoj potrebnome potrebnomu
izaći	izađoh izađosmo izađoste izađoše izašavši
njihov	njihovoga njihovome njihovomu njin
sviđati	sviđah sviđahu sviđaj sviđajmo sviđajte sviđajući sviđasmo sviđaste sviđaćemo sviđaćete sviđaćeš sviđaću sviđaše
prema	naprem
spavati	spavah spavahu spavasmo spavaste spavaše
pokazati	pokazah pokazasmo pokazaste pokazaše
nositi	nosih nosismo nosiste nosivši nosiše nošah nošahu nošasmo nošaste nošaše
oprostiti	oprostih oprostismo oprostiste oprostivši oprostiše
minuta	minuto
lagati	lagah lagahu lagasmo lagaste lagaće lagaćemo lagaćete lagaćeš lagaću lagaše lažimo
igrati	igrah igrahu igrasmo igraste igravši igraše
trenutak	trenuče
prošli	prošlima prošlome prošlomu
brzo	brgo
policija	policijama
lud	ludoga ludome ludomu luđeg luđega luđem luđemu luđih luđim luđima luđoj luđom luđu najluđeg najluđega najluđem najluđemu najluđima najluđoj najluđom
srce	srdce
koristiti	korišćah korišćahu korišćasmo korišćaste korišćaše
nedelja	nedeljo
voditi	vodićete vođah vođahu vođasmo vođaste vođaše
nastaviti	nastavih nastavismo nastaviste nastavivši nastaviše
shvatiti	shvatismo shvatiste shvatiše
sledeći	sledećega sledećemu sledećima
dešavati	dešavah dešavahu dešavaj dešavajmo dešavajte dešavajući dešavam dešavamo dešavasmo dešavaste dešavate dešavaće dešavaćemo dešavaćete dešavaćeš dešavaću dešavaš dešavaše
saznati	saznah saznasmo saznaste saznaše
kupiti	kupeći kupih kupismo kupiste kupivši kupiše kupljah kupljahu kupljasmo kupljaste kupljaše
ideja	idejo
čitati	čitah čitahu čitajmo čitasmo čitaste čitaće čitaćemo čitaćete čitaćeš čitaše čtiti
zao	gorega goremu gorima goroj najgorega najgoremu najgorima najgorom zal zlima zlome zlomu
telo	telesa telesima
pomoć	pomoćima
razlog	razlože
divan	divana divane divani divanima divanom divnija divnije divnijeg divnijega divnijem divnijemu divniji divnijih divnijim divnijima divnijoj divnijom divniju divnima divnoga divnome divnomu najdivnijega najdivnijem najdivnijemu najdivnijim najdivnijima najdivnijoj najdivnijom
odvesti	odvedoh odvedosmo odvedoste odvedoše odvevši odvezavši odvezimo odvezoh odvezosmo odvezoste odvezoše odvešćete
promeniti	promenih promenismo promeniste promenivši promenićete promeniše
bar	baranin baranka barima
sedeti	sedevši seđah seđahu seđasmo seđaste seđaše seđenje
glup	glupljeg glupljega glupljem glupljemu glupljih glupljima glupljoj glupljom glupoga glupome glupomu najglupljeg najglupljega najglupljem najglupljemu najglupljim najglupljima najglupljoj najglupljom
lak	lakima lakoga lakome lakomu lakova lakove lakovi lakovima lakšega lakšem lakšemu lakšima lakšoj najlakšeg najlakšega najlakšem najlakšemu najlakšim najlakšima najlakšoj najlakšom najlakšu
slika	sliko
uhvatiti	uhvatih uhvatismo uhvatiste uhvativši
platiti	platih platismo platiste platiše
paziti	pazićete pažah pažahu pažasmo pažaste pažaše pažen pažena paženje
igra	igro
šansa	šanso
dovesti	dovedoh dovedosmo dovedoste dovedoše dovevši dovezavši dovezemo dovezete dovezimo dovezoh dovezosmo dovezoste dovezoše dovešćete
dozvoliti	dozvolih dozvolismo dozvoliste dozvoliše
stajati	stajah stajahu stajasmo stajaste stajaćete stajaše stajimo stajite stajmo stajući stojmo
otvoriti	odtvoriti otvorih otvorismo otvoriste otvorivši
nestati	nestadoh nestadosmo nestadoste nestah nestasmo nestaste nestavši nestaćete nestaše
javiti	javih javismo javiste javivši javiše
nazvati	nazvah nazvasmo nazvaste nazvaše
dečko	detčko
pisati	pisah pisahu pisasmo pisaste pisavši pisaše pišimo
srediti	sredih sredismo sredivši središe
pas	pasom pasova pasove pasovi pasovima
muškarac	muškarče
krv	krvima
briga	brigo
uz	vz
knjiga	knjiška knjižurina
kola	kolama
kriv	krivlja krivlje krivljeg krivljega krivljem krivljemu krivlji krivljih krivljim krivljima krivljoj krivljom krivlju krivomu najkrivlja najkrivlje najkrivljeg najkrivljega najkrivljem najkrivljemu najkrivlji najkrivljih najkrivljim najkrivljima najkrivljoj najkrivljom najkrivlju
sreća	srećama srjeća
proći	prođoh prođosmo prođoste
rad	najradija najradijeg najradijega najradijem najradijemu najradiji najradijih najradijim najradijima najradijoj najradijom najradiju radih radijeg radijega radijemu radiji radijih radijim radijoj radima radog radoga radoj radome radomu
otkriti	otkrih otkrismo otkriste otkriše
proveriti	proverih proverismo proveriste proverivši proverićete proverićeš proveriše
naučiti	naučismo naučiste naučivši naučiše
film	filme
uništiti	uništih uništismo uništiste uništivši uništiše
hrana	hranama
voziti	vozivši vožah vožahu vožasmo vožaste vožaše voženje
probati	probah probahu probajući probasmo probaste probavši probaćete probaše
poruka	poruko
bojati	bojah bojahu bojaju bojajući bojam bojamo bojasmo bojaste bojate bojaće bojaćemo bojaćete bojaćeš bojaću bojaš bojaše bojmo
očekivati	očekivah očekivahu očekivasmo očekivaste očekivaćemo očekivaćete očekivaćeš očekivaše očekujmo
bol	bolima
spasiti	spasih spasismo spasiste spasiše
tajna	tajana
pratiti	praćah praćahu praćasmo praćaste praćaše
zaustaviti	zaustavih zaustavismo zaustaviste zaustavivši zaustavićete zaustaviše
boriti	borah borahu borasmo boraste boraše borenje
veče	večerju
pasti	padnimo padosmo padoste panem panemo panete paneš panimo panite pasem pasemo pasen pasena pasene paseni paseno pasete paseš pasijah pasijahu pasijasmo pasijaste pasijaše pasimo pasite pasući pavši
dug	dlg dugima dugoga dugome dugomu dužega dužemu dužih dužima dužoj najdužeg najdužega najdužem najdužemu najdužim najdužima najdužoj najdužom
brz	brzima brzoga brzome brzomu bržega bržem bržemu bržih bržima bržoj bržom najbržega najbržemu najbržima najbržoj najbržom
povrediti	povredih povredismo povrediste povredivši povredićemo povredićete povrediše
razmišljati	razmišljah razmišljahu razmišljasmo razmišljaste razmišljaće razmišljaćemo razmišljaćete razmišljaćeš razmišljaše
smiriti	smirih smirismo smiriste smirivši smirićete smiriše
odlučiti	odlučismo odlučiste odlučivši odlučićete odlučićeš odlučiše
star	najstarijega najstarijemu najstarijim najstarijima najstarijoj najstarijom starej starijega starijemu staromu
rešiti	reših rešismo rešiste rešivši rešićete rešiše
sastanak	sastanče
mir	mirova mirove mirovi mirovima
pun	punima punoga punome punomu
zadnji	zadnjemu zadnjima
pucati	pucah pucahu pucajmo pucasmo pucaste pucaćete pucaše
razmisliti	razmislih razmislismo razmisliste razmislivši razmislićete razmisliše
sačekati	sačekah sačekasmo sačekaste sačekavši sačekaše sačekivati
pretpostavljati	pretpostavljah pretpostavljahu pretpostavljajmo pretpostavljajte pretpostavljanje pretpostavljasmo pretpostavljaste pretpostavljaće pretpostavljaćemo pretpostavljaćete pretpostavljaćeš pretpostavljaću pretpostavljaše
čuvati	čuvah čuvahu čuvasmo čuvaste čuvaše
važan	najvažnijega najvažnijemu najvažnijima najvažnijom važnijega važnijemu važnijima važnijoj važnijom važnima važnoga važnome važnomu
pobediti	pobedih pobedismo pobediste pobedivši pobediše
večera	večero
plašiti	plašah plašahu plašasmo plašaste plašaše plašen plašićemo plašićete plašićeš plašiću
izvući	izvukavši izvukoh izvukosmo izvukoste izvukoše
gubiti	gubih gubismo gubiste gubivši gubiće gubićemo gubićete gubićeš gubiću gubiše gubljah gubljahu gubljasmo gubljaste gubljaše
jak	jakoga jakome jakomu jakovi jakovima jačega jačemu jačoj najjačega najjačemu najjačima najjačoj najjačom
napustiti	napustih napustismo napustiste napustiše
glavni	glavnomu
nedostajati	nedostaj nedostajah nedostajahu nedostajanje nedostajasmo nedostajaste nedostajaćemo nedostajaše nedostajmo nedostajte
baciti	bacih bacismo baciste baciše
vrsta	vrsto
prilika	priliko
smeti	smede smedijah smedijahu smedijasmo smedijaste smedijaše smedoh smedosmo smedoste smedoše smejah smejahu smejasmo smejaste smejaše smejmo smenje smesmo smevši smećemo smećete smećeš
pametan	najpametnijega najpametnijem najpametnijemu najpametnijima najpametnijoj najpametnijom pametnijega pametnijem pametnijemu pametnijima pametnijoj pametnima pametnoga pametnome pametnomu
nikakav	nikakvima nikakvome nikakvomu
crn	crnima crnjeg crnjega crnjem crnjemu crnjih crnjim crnjima crnjoj crnomu najcrnjeg najcrnjega najcrnjem najcrnjemu najcrnjih najcrnjima najcrnjoj najcrnjom najcrnju čarn črn
pomisliti	pomislismo pomisliste pomislivši pomislićemo pomisliše
događati	događah događahu događajmo događajte događajući događam događamo događasmo događaste događate događaće događaćemo događaćete događaćeš događaću događaš događaše
težak	najtežega najtežemu najtežima najtežoj najtežom teškima teškoga teškome teškomu težaci težacima težaka težake težakom težaku težače težega težem težemu težima težoj
poći	pođoh pođosmo pođoste pođoše pošavši
napisati	napisah napisasmo napisaste napisavši napisaše
prati	perimo perite perući prale pralo pran prana prane prani prano prasmo praste praće praćemo praćete praćeš praću praše
ukrasti	ukradoh ukradosmo ukradoste ukradoše ukravši ukrašćete
provesti	provedosmo provedoste provedoše provevši provezavši provezem provezemo provezete provezeš provezimo provezite provezoh provezosmo provezoste provezoše provezu
pogoditi	pogodih pogodismo pogodiste pogodivši pogodićemo pogodićete pogodiše
počinjati	počinjah počinjahu počinjanje počinjasmo počinjaste počinjaće počinjaćemo počinjaćete počinjaćeš počinjaću počinjaše
prekinuti	prekidoh prekidosmo prekidoste prekidoše prekinuh prekinusmo prekinuste prekinuvši prekinućete prekinuše
dvoje	dvoga dvojima dvom
drug	druzima
četiri	četiriju četirima
zadržati	zadrža zadržah zadržasmo zadržaste zadržavši zadržaše
ovakav	ovakvomu
žrtva	žrtvo
objasniti	objasnih objasnismo objasniste objasnivši objasniše
greška	greško grješka
pojam	pojme
probuditi	probudismo probudiste probudivši probudiše
uživati	uživah uživahu uživasmo uživaste uživaše
praviti	pravićete pravljah pravljahu pravljasmo pravljaste pravljaše
milion	milionom
pretvoriti	pretvorih pretvorismo pretvoriste pretvorivši pretvorićete pretvorićeš pretvoriše
sjajan	najsjajnijeg najsjajnijega najsjajnijem najsjajnijemu najsjajnijim najsjajnijima najsjajnijoj najsjajnijom sjajnijeg sjajnijega sjajnijem sjajnijemu sjajnijih sjajnijim sjajnijima sjajnijoj sjajnijom sjajniju sjajnima sjajnoga sjajnome sjajnomu
mlad	malej mladome mladomu mlađega mlađemu najmlađega najmlađem najmlađemu najmlađim najmlađima najmlađoj najmlađom
prodati	prodah prodasmo prodaste prodavši prodaše
slobodan	najslobodnija najslobodnije najslobodnijeg najslobodnijega najslobodnijem najslobodnijemu najslobodniji najslobodnijih najslobodnijim najslobodnijima najslobodnijoj najslobodnijom najslobodniju slobodnijeg slobodnijega slobodnijem slobodnijemu slobodnijih slobodnijim slobodnijima slobodnijoj slobodnijom slobodniju slobodnima slobodnoga slobodnome slobodnomu
pojaviti	pojavih pojavismo pojaviste pojavivši pojavićemo pojavićete
visok	najvišega najvišemu najvišima visokima visokoga visokome visokomu višega višemu višima
smetati	smetah smetahu smetajmo smetajući smetan smetana smetane smetani smetanje smetano smetasmo smetaste smetaćemo smetaćete smetaćeš smetaću smetaše
karta	karto
država	državo
duh	dusima
fin	finijeg finijega finijem finijemu finijih finijim finijima finijoj finijom finima finoga finome finomu najfinijega najfinijem najfinijemu najfinijima najfinijoj najfinijom
skinuti	skide skidoh skidosmo skidoste skidoše skinuh skinusmo skinuste skinuvši skinuše
prokleti	prokle prokleh proklesmo prokleste proklevši prokleće proklećemo proklećete proklećeš prokleću prokleše prokunem prokunemo prokunete prokuneš prokuni prokunimo prokunite prokunu
zabavan	najzabavnijeg najzabavnijega najzabavnijem najzabavnijemu najzabavnijih najzabavnijim najzabavnijima najzabavnijoj najzabavnijom najzabavniju zabavnijeg zabavnijega zabavnijem zabavnijemu zabavnijih zabavnijima zabavnijoj zabavnijom zabavniju zabavnima zabavnoga zabavnome zabavnomu
glas	glasima
pomagati	pomagah pomagahu pomagasmo pomagaste pomagaćete pomagaše pomažimo
vesti	vezavši vezemo vezen vezena vezene vezeni vezenje vezeno vezete vezijah vezijahu vezijasmo vezijaste vezijaše vezimo vezla vezle vezli vezlo vezoh vezosmo vezoste vezoše vezti vezući vešće vešćemo vešćete vešćeš
spustiti	spustih spustismo spustiste spustivši spustićete spustiše
obzir	obzire obziri obzirima obziru
mrzeti	mrzenje mrziće mrzićemo mrzićete mrzićeš mrziću mržah mržahu mržasmo mržaste mržaše
setiti	setismo setiste setivši setiše
primiti	primih primismo primiste primivši primiše
zanimati	zanimah zanimahu zanimaj zanimajmo zanimajte zanimajući zanimasmo zanimaste zanimaćemo zanimaćete zanimaćeš zanimaću zanimaše
gotov	gotovima gotovoga gotovoj gotovome gotovomu
okrenuti	okrenuh okrenusmo okrenuste okrenuvši okrenućete okrenuše
borba	borbo
ključ	ključanin ključanka ključe ključi ključima
prihvatiti	prihvatih prihvatismo prihvatiste prihvativši prihvatiše
mozak	moždže
udariti	udarih udarismo udariste udarićete udariše
društvo	družstvo
učiti	učahu učih učismo učiste učivši učiše
postaviti	postavih postavismo postaviste postavivši postaviše
crven	crvenija crvenijeg crvenijega crvenijem crvenijemu crvenijih crvenijim crvenijima crvenijoj crvenijom crveniju crvenju crvenome crvenomu najcrvenija najcrvenije najcrvenijeg najcrvenijega najcrvenijem najcrvenijemu najcrveniji najcrvenijih najcrvenijim najcrvenijima najcrvenijoj najcrvenijom najcrveniju črven
čim	čeg čem
bolestan	bolesnijeg bolesnijega bolesnijem bolesnijemu bolesnijih bolesnijim bolesnijima bolesnijoj bolesnijom bolesniju bolesnoga bolesnome bolesnomu najbolesnijeg najbolesnijega najbolesnijem najbolesnijemu najbolesnijih najbolesnijim najbolesnijima najbolesnijoj najbolesnijom najbolesniju
šaliti	šaleći šaliće šalićemo šalićete šalićeš šaliću šaljah šaljahu šaljasmo šaljaste šaljaše šaljenje
ljudski	ljudskija ljudskijeg ljudskijega ljudskijem ljudskijemu ljudskijih ljudskijim ljudskijima ljudskijoj ljudskijom ljudskiju ljudskima ljudskome ljudskomu najljudskija najljudskije najljudskijeg najljudskijega najljudskijem najljudskijemu najljudskiji najljudskijih najljudskijim najljudskijima najljudskijoj najljudskijom najljudskiju
mnogi	mnogog mnogoga mnogoj mnogom mnogomu
odgovarati	odgovarah odgovarahu odgovarajmo odgovarasmo odgovaraste odgovaraćemo odgovaraše
informacija	informacijo
obaviti	obavih obavij obavijati obavije obavijem obavijemo obavijete obaviješ obavijmo obavijte obaviju obavismo obaviste obavivši obavićete obavićeš obaviše
oboje	oboga
situacija	situacijo
sud	sudima
zamisliti	zamislih zamislismo zamisliste zamislivši zamisliće zamislićemo zamislićete zamislićeš zamisliću zamisliše
obećati	obećasmo obećaste obećaće obećaćemo obećaćete obećaćeš obećaše
uzimati	uzimah uzimahu uzimajmo uzimasmo uzimaste uzimaće uzimaćemo uzimaćete uzimaćeš uzimaše uzimlje uzimljem uzimljemo uzimljete uzimlješ uzimlji uzimljimo uzimljite uzimlju uzimljući
napasti	napadoh napadosmo napadoste napadoše napavši napašćete
kafa	kafama kafo
sresti	srete sretnite sretosmo sretoste sretoše srevši
zauzet	najzauzetija najzauzetije najzauzetijeg najzauzetijega najzauzetijem najzauzetijemu najzauzetiji najzauzetijih najzauzetijim najzauzetijima najzauzetijoj najzauzetijom najzauzetiju zauzetih zauzetija zauzetije zauzetijeg zauzetijega zauzetijem zauzetijemu zauzetiji zauzetijih zauzetijim zauzetijima zauzetijoj zauzetijom zauzetiju zauzetima zauzetoga zauzetoj zauzetome zauzetomu
osetiti	osetismo osetiste osetivši osetićemo osetiše
ozbiljan	najozbiljnijeg najozbiljnijega najozbiljnijem najozbiljnijemu najozbiljnijih najozbiljnijim najozbiljnijima najozbiljnijoj najozbiljnijom najozbiljniju ozbiljnijega ozbiljnijem ozbiljnijemu ozbiljnijima ozbiljnijoj ozbiljnijom ozbiljnima ozbiljnoga ozbiljnome ozbiljnomu
stara	starama
mlada	mladama
priznati	priznah priznasmo priznaste priznavši priznaše
otvoren	najotvorenija najotvorenije najotvorenijeg najotvorenijega najotvorenijem najotvorenijemu najotvoreniji najotvorenijih najotvorenijim najotvorenijima najotvorenijoj najotvorenijom najotvoreniju otvorenijeg otvorenijega otvorenijem otvorenijemu otvorenijih otvorenijim otvorenijima otvorenijoj otvorenijom otvoreniju otvorenoga otvorenomu
uplašiti	uplaših uplašismo uplašiste uplašivši uplašićemo uplašićete uplašiše
sekunda	sekundo
kancelarija	kancelarijo
pažnja	pažnjama pažnjo
ponašati	ponašah ponašahu ponašasmo ponašaste ponašaćete ponašaše
opustiti	opustih opustismo opustiste opustivši opustićemo opustićete opustiše
ljut	ljutima ljutoga ljutoj ljutome ljutomu ljućeg ljućega ljućem ljućemu ljućih ljućim ljućima ljućoj ljućom ljuću najljuća najljuće najljućeg najljućega najljućem najljućemu najljućih najljućim najljućima najljućoj najljućom najljuću
hiljada	hiljadi hiljado hiljadom
delovati	delovah delovahu delovasmo delovaste delovaćemo delovaćete delovaćeš delovaću delovaše delujmo
umirati	umirah umirahu umirasmo umiraste umiraće umiraćemo umiraćete umiraćeš umiraću umiraše
izabrati	izabra izabrah izabrasmo izabraste izabravši izabraćete izabraše
čudan	najčudnijeg najčudnijega najčudnijem najčudnijemu najčudnijima najčudnijoj najčudnijom čudnijeg čudnijega čudnijem čudnijemu čudnijih čudnijim čudnijima čudnijoj čudnijom čudniju čudnima čudnoga čudnome čudnomu
usluga	uslugo
odluka	odluko
čist	najčistijeg najčistijega najčistijemu najčistijih najčistijim najčistijima najčistijoj najčistijom čistijeg čistijega čistijem čistijemu čistijih čistijim čistijima čistijoj čistijom čistome čistomu
primetiti	primetismo primetiste primetivši primetićemo primetiću primetiše
bok	boče
naterati	naterah naterajmo naterasmo nateraste nateravati nateravši nateraše
izlaziti	izlaziće izlazićemo izlazićete izlazićeš izlažah izlažahu izlažasmo izlažaste izlažaše
preći	pređoh pređosmo pređoste pređoše prešavši
šteta	štetama šteto
podići	podigavši podignuh podignuli podignusmo podignuste podignuvši podignuće podignuše podigoh podigosmo podigoste podigoše podiđe podiđem podiđemo podiđete podiđeš podiđi podiđimo podiđite podiđoh podiđosmo podiđoste podiđoše podiđu podišavši
složiti	složih složismo složiste složivši složiše
iskoristiti	iskoristih iskoristismo iskorististe iskoristićete iskoristiše iskorištenje
smatrati	smatrah smatrahu smatranje smatrasmo smatraste smatraćete smatraćeš smatraše
izbaciti	izbacih izbacismo izbaciste izbacivši izbacićete izbaciše
engleski	engleskima engleskome engleskomu
ostajati	ostajah ostajahu ostajasmo ostajaste ostajaće ostajaćemo ostajaćete ostajaćeš ostajaću ostajaše
kladiti	kladiće kladićemo kladićete kladićeš klađah klađahu klađasmo klađaste klađaše
kasniti	kasneći kasnivši kasnićete kasnićeš kašnjah kašnjahu kašnjasmo kašnjaste kašnjaše
lov	lovova lovove lovovi lovovima
vojska	vojsaka
sunce	slnce suncima
osloboditi	oslobađati oslobodih oslobodismo oslobodiste oslobodivši oslobodićete oslobodiše oslobođavati
klub	klube
vatra	vatara
odličan	odličnima odličnoga odličnome odličnomu
dopustiti	dopustih dopustismo dopustiste dopustivši dopustiše
predstaviti	predstavih predstavismo predstaviste predstavivši predstavićete predstavićeš predstaviše
planirati	planirah planirahu planirajmo planirasmo planiraste planiraće planiraćemo planiraćete planiraćeš planiraću planiraše
zgrada	zgrado zgradurina
dokazati	dokazah dokazasmo dokazaste dokazavši dokazaćete dokazaše
slati	slah slahu slalo slasmo slaste slata slato slavši slaće slaćemo slaćete slaćeš slaše šaljimo šlje šljemo šljete šlješ šlji šljimo šljite šlju šljući
zaljubiti	zaljubih zaljubismo zaljubiste zaljubivši zaljubićemo zaljubićete zaljubiću zaljubiše
plakati	plakah plakahu plakasmo plakaste plakaćemo plakaćete plakaše plačimo
budućnost	budućnostima
ustati	ustadoh ustadosmo ustadoste ustadoše ustah ustasmo ustaste ustavši ustaćete ustaše
kamera	kamero
beo	beliji belje beljeg beljega beljem beljemu beljih beljim beljima beljoj beljom belome belomu najbelja najbelje najbeljeg najbeljega najbeljem najbeljemu najbelji najbeljih najbeljim najbeljima najbeljoj najbeljom najbelju
većina	većinama većino
zaštititi	zaštitih zaštitismo zaštitiste zaštitivši zaštitićete zaštitićeš zaštitiše
mrziti	mrzenje mrziće mrzićemo mrzićete mrzićeš mrziću mržah mržahu mržasmo mržaste mržaše
obećavati	obećavah obećavahu obećavajmo obećavajte obećavanje obećavasmo obećavaste obećavaće obećavaćemo obećavaćete obećavaćeš obećavaću obećavaše
ispričati	ispričah ispričajmo ispričasmo ispričaste ispričavši ispričaše
stvoriti	stvorih stvorismo stvoriste stvorićete
pokupiti	pokupih pokupismo pokupiste pokupivši pokupiše
oženiti	oženih oženismo oženiste oženićemo oženićete oženiše
operacija	operacijo
boja	bojo
čast	častima
kim	kimova kimove kimovi kimovima
odbiti	odbih odbijmo odbismo odbiste odbivši odbićete odbiše
crkva	crkven crkvo
popričati	popričah popričasmo popričaste popričavši popričaće popričaćete popričaćeš popričaše
dvojica	dvojico
klinac	klinče
stizati	stizah stizahu stizasmo stizaste stizaće stizaćemo stizaćete stizaćeš stizaću stizaše stiži stižimo stižite stižući
sladak	najslađega najslađem najslađemu najslađih najslađim najslađima najslađoj najslađom slatkima slatkome slatkomu slađeg slađega slađem slađemu slađih slađima slađoj slađom slađu
odgovoriti	odgovorismo odgovoriste odgovorivši odgovoriše
uhapsiti	uhapsih uhapsismo uhapsiste uhapsivši uhapsiše
pivo	pivima
ostatak	ostače
slomiti	salomiti slamati slomih slomismo slomiste slomivši slomiše
muzika	muzikama muziko
udati	udade udadoh udadosmo udadoste udadoše udajmo udalo udano udavši udaćemo
povući	povukavši povukoh povukosmo povukoste povukoše
francuski	francuskima francuskome francuskomu
hodati	hodah hodahu hodasmo hodaste hodaćete hodaše
predati	predade predadem predademo predadete predadeš predadne predadnem predadnemo predadnete predadneš predadnu predadoh predadosmo predadoste predadoše predadu predavši
dići	digavši dignuh dignuli dignusmo dignuste dignuvši dignuše digoh digosmo digoste digoše
savršen	najsavršenijeg najsavršenijega najsavršenijem najsavršenijemu najsavršenijih najsavršenijim najsavršenijima najsavršenijoj najsavršenijom najsavršeniju savršenija savršenijeg savršenijega savršenijem savršenijemu savršenijih savršenijim savršenijima savršenijoj savršenijom savršeniju savršenima savršenoga savršenome savršenomu
opasan	najopasnijega najopasnijemu najopasnijima najopasnijoj najopasnijom opasnijega opasnijem opasnijemu opasnijih opasnijima opasnijoj opasnijom opasnima opasnoga opasnome opasnomu
pripadati	pripadah pripadahu pripadaj pripadajmo pripadajte pripadajući pripadanje pripadasmo pripadaste pripadaće pripadaćemo pripadaćete pripadaćeš pripadaću pripadaše
rupa	rupo
preuzeti	preuze preuzeh preuzesmo preuzeste preuzevši preuzeše
pridružiti	pridružih pridružismo pridružiste pridruživši pridružiše
zabrinut	najzabrinutija najzabrinutije najzabrinutijeg najzabrinutijega najzabrinutijem najzabrinutijemu najzabrinutiji najzabrinutijih najzabrinutijim najzabrinutijima najzabrinutijoj najzabrinutijom najzabrinutiju zabrinutija zabrinutije zabrinutijeg zabrinutijega zabrinutijem zabrinutijemu zabrinutijih zabrinutijim zabrinutijima zabrinutijoj zabrinutijom zabrinutiju zabrinutima zabrinutoga zabrinutoj zabrinutom zabrinutome zabrinutomu
dogovoriti	dogovorih dogovorismo dogovoriste dogovorivši dogovoriće dogovorićete dogovorićeš dogovoriše
gospođica	gospođicama
trčati	trčah trčahu trčasmo trčaste trčavši trčaćete trčaše
potpisati	potpisah potpisasmo potpisaste potpisavši potpisaše
važiti	važah važahu važasmo važaste važaše važenje važim važimo važite važiće važićemo važićete važićeš važiću važiš
linija	linijo
počelo	počelima počelom počelu
kleti	kleh klele klelo klesmo kleste kleta klete kletih kletim kletima kleto kletog kletoga kletoj kletom kletome kletomu kletu kleće klećemo klećete klećeš kleću kleše kunijah kunijahu kunijasmo kunijaste kunijaše kunimo kunite kunjah kunjahu kunjasmo kunjaste kunjaše kunući
ručak	ručaka
ogroman	ogromnima ogromnoga ogromnome ogromnomu
poseban	posebnoga posebnome posebnomu
skloniti	sklonih sklonismo sklonivši sklonićete skloniše
roditi	rodih rodismo rodiste rodivši rodićemo rodićete rodiše
gladan	gladnija gladnije gladnijeg gladnijega gladnijem gladnijemu gladnijih gladnijim gladnijima gladnijoj gladnijom gladniju gladnoga gladnome gladnomu najgladnija najgladnije najgladnijeg najgladnijega najgladnijem najgladnijemu najgladniji najgladnijih najgladnijim najgladnijima najgladnijoj najgladnijom najgladniju
dobrodošao	dobrodošlih dobrodošlima dobrodošlog dobrodošloga dobrodošloj dobrodošlome dobrodošlomu dobrodošlu
nijedan	nijedni nijednih nijednima nijednome nijednomu
sjećati	sjećah sjećahu sjećaj sjećajmo sjećajte sjećajući sjećasmo sjećaste sjećaće sjećaćemo sjećaćete sjećaćeš sjećaću sjećaše
trajati	traj trajah trajahu trajasmo trajaste trajaćemo trajaćete trajaćeš trajaću trajaše trajem trajemo trajete traješ trajmo trajte trajući
popraviti	popravih popravismo popraviste popravivši popravićete popraviše
ispasti	ispadni ispadnimo ispadnite ispadoh ispadosmo ispadoste ispadoše ispavši ispašćete
podatak	podatkom podatku podatče podače
luk	lucima
zatvoriti	zatvorih zatvorismo zatvoriste zatvorivši zatvoriše
test	teste
umoran	najumornija najumornije najumornijeg najumornijega najumornijem najumornijemu najumorniji najumornijih najumornijim najumornijima najumornijoj najumornijom najumorniju umornija umornije umornijeg umornijega umornijem umornijemu umornijih umornijim umornijima umornijoj umornijom umorniju umornima umornoga umornoj umornome umornomu
menjati	menjah menjahu menjasmo menjaste menjaće menjaćete menjaćeš menjaše
dobijati	dobijah dobijahu dobijaj dobijajmo dobijajte dobijasmo dobijaste dobijav dobijaćemo dobijaše
američki	američkima američkome američkomu
nos	nosova nosove nosovi
kći	dći kćerju
dugovati	dugovah dugovahu dugovasmo dugovaste dugovaće dugovaćemo dugovaćete dugovaše duguj dugujmo dugujte dugujući
zgodan	najzgodnijega najzgodnijem najzgodnijemu najzgodnijim najzgodnijima najzgodnijoj najzgodnijom zgodnijega zgodnijem zgodnijemu zgodnijih zgodnijim zgodnijima zgodnijoj zgodnijom zgodniju zgodnima zgodnoga zgodnome zgodnomu
korak	korače
blizak	bliskima bliskoga bliskome bliskomu bližega bližem bližemu bližima bližom najbližega najbližemu najbližom
ličiti	ličah ličahu ličasmo ličaste ličaše ličenje ličeći ličićemo ličićete ličićeš ličiću
pevati	pevah pevahu pevasmo pevaste pevavši pevaćete pevaše
kriti	krijah krijahu krijasmo krijaste krijaše krijenje krijmo kriven krivena krivene kriveni kriveno kriće krićemo krićete krićeš kriću
juče	ičer ičerke
uključiti	uključih uključismo uključiste uključićete uključićeš uključiše
svirati	svirah svirahu svirasmo sviraste sviraćete sviraše
jezik	jeziče jezični jezyk
običan	najobičnijeg najobičnijega najobičnijem najobičnijemu najobičnijih najobičnijim najobičnijima najobičnijoj najobičnijom običnija običnije običnijeg običnijega običnijem običnijemu običniji običnijih običnijim običnijima običnijoj običnijom običniju običnima običnoga običnome običnomu
preživeti	preživeh preživesmo preživeste preživevši preživeše
plav	plavima plavoga plavomu
propustiti	propustih propustismo propustiste propustivši propustiše
bogat	bogatijeg bogatijega bogatijem bogatijemu bogatijima bogatijoj bogatijom bogatiju bogatoga bogatome bogatomu najbogatijega najbogatijem najbogatijemu najbogatijima najbogatijoj najbogatijom
deda	dedama
izvesti	izvedoh izvedosmo izvedoste izvedoše izvevši izvezavši izvezemo izvezen izvezete izvezi izvezimo izvezite izvezoh izvezosmo izvezoste izvezoše izvezu izvešćete
tiče	tičići
more	morje
prijaviti	prijavih prijavismo prijaviste prijavivši prijavićete prijaviše
nabaviti	nabavih nabavismo nabaviste nabavivši nabavićete nabaviše
prošlost	prošlostima
jadan	jadnija jadnijeg jadnijega jadnijem jadnijemu jadnijih jadnijim jadnijima jadnijoj jadnijom jadniju jadnima jadnome jadnomu najjadnijeg najjadnijega najjadnijem najjadnijemu najjadnijih najjadnijim najjadnijima najjadnijoj najjadnijom najjadniju
pušiti	pušah pušahu pušasmo pušaste pušaše pušiće pušićemo pušićete
razlika	razliki razliko
poljubiti	poljubih poljubismo poljubiste poljubivši poljubićemo poljubićete poljubiše
vazduh	vazduše
predivan	najpredivnija najpredivnije najpredivnijeg najpredivnijega najpredivnijem najpredivnijemu najpredivniji najpredivnijih najpredivnijim najpredivnijima najpredivnijoj najpredivnijom najpredivniju predivnija predivnije predivnijeg predivnijega predivnijem predivnijemu predivniji predivnijih predivnijim predivnijima predivnijoj predivnijom predivniju predivnima predivnoga predivnome predivnomu
čiji	čijega čijemu čijima
mučiti	mučah mučahu mučasmo mučaste mučaše mučićemo mučićete mučićeš
smijati	smijah smijahu smijasmo smijaste smijaće smijaćemo smijaćete smijaćeš smijaću smijaše smijmo
snimak	snimče
zadatak	zadatcima
služiti	služah služahu služasmo služaste služaše služićete
smejati	smeja smejah smejahu smejasmo smejaste smejavši smejaše smejmo
ptica	ptičetina
želja	željo
pogrešan	pogrešnima pogrešnoga pogrešnome pogrešnomu
postaja	postajo
tjedan	tiedan
žaliti	žalićete žaljah žaljahu žaljasmo žaljaste žaljaše
sumnjati	sumnjah sumnjahu sumnjajmo sumnjanje sumnjasmo sumnjaste sumnjaće sumnjaćemo sumnjaćete sumnjaćeš sumnjaću sumnjaše
zapamtiti	zapamtih zapamtismo zapamtiste zapamtivši zapamtićemo zapamtiše
pokazivati	pokazivah pokazivahu pokazivasmo pokazivaste pokazivaće pokazivaćemo pokazivaćete pokazivaćeš pokazivaću pokazivaše pokazujmo
cena	ceno
ostavljati	ostavljah ostavljahu ostavljajmo ostavljasmo ostavljaste ostavljaće ostavljaćemo ostavljaćete ostavljaćeš ostavljaću ostavljaše
činjenica	činjenico
čestitati	čestitah čestitahu čestitajmo čestitajući čestitasmo čestitaste čestitavši čestitaće čestitaćemo čestitaćete čestitaćeš čestitaću čestitaše
ponuditi	ponudih ponudismo ponudiste ponudivši ponudićete ponudiše
prokletstvo	prokletstava prokletstvima
pakao	pakala paklima
disati	disahu disasmo disaste disaće disaćemo disaćete disaćeš disaću disaše dišimo
član	člane
obući	obukavši obukoh obukosmo obukoste obukoše
šala	šalo
iskren	iskrenijeg iskrenijega iskrenijem iskrenijemu iskrenijih iskrenijim iskrenijima iskrenijoj iskrenijom iskreniju iskrenima iskrenoga iskrenome iskrenomu najiskrenijeg najiskrenijega najiskrenijem najiskrenijemu najiskrenijih najiskrenijim najiskrenijima najiskrenijoj najiskrenijom najiskreniju
cipela	cipeletina cipelo
viđati	viđah viđahu viđajmo viđajte viđajući viđasmo viđaste viđaće viđaćete viđaše
visoko	visočak visočanin visočanka visočka
plaćati	plaćah plaćahu plaćajmo plaćan plaćana plaćane plaćani plaćano plaćasmo plaćaste plaćaćemo plaćaćete plaćaše
odustati	odustade odustadoh odustadosmo odustadoste odustadoše odustavši odustaćete
poručnik	poručnicima
ponosan	najponosnija najponosnije najponosnijeg najponosnijega najponosnijem najponosnijemu najponosnijih najponosnijim najponosnijima najponosnijoj najponosnijom najponosniju ponosnije ponosnijeg ponosnijega ponosnijem ponosnijemu ponosnijih ponosnijim ponosnijima ponosnijoj ponosnijom ponosniju ponosnoga ponosnoj ponosnome ponosnomu
pripremiti	pripremih pripremismo pripremiste pripremivši pripremiće pripremićete pripremićeš pripremiše
prevod	prevodima
zatvoren	zatvorenoga zatvorenome zatvorenomu
baviti	baviće bavićete bavićeš bavljah bavljahu bavljasmo bavljaste bavljaše
isključiti	isključih isključismo isključiste isključivši isključićete isključićeš isključiše
šuma	šumo
drvo	drvetima
kučka	kučaka
vezati	vezah vezahu vezasmo vezaste vezavši vezaćete vezaćeš vezaše vežući
prazan	praznima praznoga praznome praznomu
odeća	odećama odećo
sanjati	sanjah sanjahu sanjajmo sanjasmo sanjaste sanjaće sanjaćemo sanjaćete sanjaćeš sanjaše
pukovnik	pukovnicima pukovnike
putovati	putovah putovahu putovasmo putovaste putovaćete putovaše putujmo
planeta	planeto
otvarati	otvarah otvarahu otvarajmo otvarasmo otvaraste otvaraće otvaraćemo otvaraćete otvaraćeš otvaraću otvaraše
spasti	spadati spadnem spadnemo spadnete spadneš spadni spadnimo spadnite spadoh spadosmo spadoste spadoše spane spanem spanemo spanete spaneš spani spanimo spanite spanu spasavši spasoh spasosmo spasoste spasoše spavši spašćemo spašćete spašćeš
zaraditi	zaradih zaradismo zaradiste zaradivši zaradiše
predstava	predstavo
smisliti	smislih smislismo smisliste smislivši smislićete smisliše
kompanija	kompanijo
razbiti	razbih razbismo razbiste razbivši razbićete razbiše
slab	najslabijega najslabijem najslabijemu najslabijih najslabijim najslabijima najslabijoj najslabijom slabijega slabijem slabijemu slabijoj slabijom slaboga slabome slabomu
hitan	hitnija hitnijeg hitnijega hitnijem hitnijemu hitnijih hitnijim hitnijima hitnijoj hitnijom hitniju hitnima hitnoga hitnome hitnomu najhitnija najhitnijeg najhitnijega najhitnijem najhitnijemu najhitniji najhitnijih najhitnijim najhitnijima najhitnijoj najhitnijom najhitniju
čitav	čitavima čitavoga čitavome čitavomu
vratilo	vratilima vratilom vratilu
čaj	čajevima
terati	terah terahu terajmo terale terasmo teraste teraćemo teraćete teraćeš teraću teraše
sići	siđoh siđosmo siđoste siđoše sišavši
dirati	dirah dirahu dirajmo dirajući diralo dirane dirani dirasmo diraste diraće diraćemo diraćete diraćeš diraću diraše
prodavati	prodajimo prodajite prodavah prodavahu prodavasmo prodavaste prodavaćete prodavaše
izazvati	izazovimo izazovite izazva izazvah izazvasmo izazvaste izazvavši izazvaćete izazvaše
mišljenje	mišljenjama
torba	torbo
sudija	sudijski
istraga	istrago
obožavati	obožavah obožavahu obožavaj obožavajmo obožavajte obožavajući obožavasmo obožavaste obožavaćemo obožavaćete obožavaću obožavaše
istorija	istorijama istorijo
srednji	srednjega srednjemu srednjima
meta	meto
zasluživati	zasluživah zasluživahu zasluživanje zasluživasmo zasluživaste zasluživaće zasluživaćemo zasluživaćete zasluživaćeš zasluživaću zasluživaše zaslužuj zaslužujmo zaslužujte zaslužujući
dosadan	dosadnija dosadnijeg dosadnijega dosadnijem dosadnijemu dosadnijih dosadnijim dosadnijima dosadnijoj dosadnijom dosadniju dosadnima dosadnoga dosadnome dosadnomu najdosadnijeg najdosadnijega najdosadnijem najdosadnijemu najdosadnijih najdosadnijim najdosadnijima najdosadnijoj najdosadnijom najdosadniju
debeo	debelome debelomu debljeg debljega debljem debljemu debljih debljim debljima debljoj debljom najdebljeg najdebljega najdebljem najdebljemu najdebljih najdebljim najdebljima najdebljoj najdebljom najdeblju
normalan	najnormalnijeg najnormalnijega najnormalnijem najnormalnijemu najnormalnijih najnormalnijim najnormalnijima najnormalnijoj najnormalnijom najnormalniju normalnija normalnijeg normalnijega normalnijem normalnijemu normalnijih normalnijim normalnijima normalnijoj normalnijom normalniju normalnima normalnoga normalnome normalnomu
pijan	najpijanija najpijanije najpijanijeg najpijanijega najpijanijem najpijanijemu najpijaniji najpijanijih najpijanijim najpijanijima najpijanijoj najpijanijom najpijaniju pijanija pijanije pijanijeg pijanijega pijanijem pijanijemu pijanijih pijanijim pijanijima pijanijoj pijanijom pijaniju pijanima pijanoga pijanome pijanomu
žurka	žurko
poludeti	poludeh poludesmo poludeste poludećete poludeše poludivši
rođen	rojen rođenima rođenoga rođenome rođenomu
kraljica	kraljico
energija	energijo
krivica	krivico
bob	bobovi bobovima
povesti	povedoh povedosmo povedoste povedoše povevši
omiljen	najomiljenijeg najomiljenijega najomiljenijem najomiljenijemu najomiljenijim najomiljenijima najomiljenijoj najomiljenijom najomiljeniju omiljenija omiljenije omiljenijeg omiljenijega omiljenijem omiljenijemu omiljeniji omiljenijih omiljenijim omiljenijima omiljenijoj omiljenijom omiljeniju omiljenima omiljenoga omiljenome omiljenomu
adresa	adreso
kazna	kazno
korist	korista koristima koristom koristu korišću
zlato	zlatima
spremiti	spremih spremismo spremiste spremivši spremićete spremiše
haljina	haljino
brzina	brzino
obojica	obojico
dodati	dodah dodasmo dodaste dodavši dodaćete dodaše
krug	kruge kruzima kružić
otpustiti	otpustih otpustismo otpustiste otpustivši otpustićete otpustiše
odrasti	odrastavši odrastimo odrastoh odrastosmo odrastoste odrastoše odrašćemo odrašćete odrašćeš odrašću
zabavljati	zabavljah zabavljahu zabavljasmo zabavljaste zabavljaće zabavljaćete zabavljaćeš zabavljaću zabavljaše
bolest	boleščurina
peti	petih petima petomu
meso	mesima
nagrada	nagrado
zahvaliti	zahvalih zahvalismo zahvaliste zahvalivši zahvalićemo zahvalićete zahvališe
reka	rečina
slatko	sladko
kuhinja	kuhinjo
istražiti	istražih istražismo istražiste istraživši istražiće istražićete istražićeš istražiše
metar	metri
miran	mirana mirane miranom miranu mirnijeg mirnijega mirnijemu mirnijih mirnijima mirnijoj mirnijom mirnima mirnoga mirnome mirnomu najmirnija najmirnijeg najmirnijega najmirnijem najmirnijemu najmirnijih najmirnijim najmirnijima najmirnijoj najmirnijom najmirniju
donositi	donosiće donosićemo donosićete donosićeš donošah donošahu donošasmo donošaste donošaše
išta	ičem
koža	kožo
vredeti	vredeći vrediće vredićemo vredićete vredićeš vrediću vređah vređahu vređasmo vređaste vređaše vređenje
laž	lažju
pritisak	pritišče
dozvola	dozvolo
privatni	privatnima privatnoga privatnome privatnomu
ponuda	ponudo
narednik	narednicima
ponoviti	ponovih ponovismo ponoviste ponovivši ponovićete ponovićeš ponoviše
udarac	udarče
truditi	trudiće trudićete trudićeš truđah truđahu truđasmo truđaste truđaše truđenje
dopadati	dopadah dopadahu dopadaj dopadajmo dopadajte dopadajući dopadanje dopadasmo dopadaste dopadaće dopadaćemo dopadaćete dopadaćeš dopadaću dopadaše
prljav	najprljavijeg najprljavijega najprljavijem najprljavijemu najprljavijih najprljavijim najprljavijima najprljavijoj najprljavijom najprljaviju prljavijeg prljavijega prljavijem prljavijemu prljavijih prljavijim prljavijima prljavijoj prljavijom prljaviju prljavima prljavoga prljavome prljavomu
koštati	koštah koštahu koštaj koštajmo koštajte koštajući koštamo koštanje koštasmo koštaste koštate koštaćemo koštaćete koštaćeš koštaću koštaše
poštovati	poštova poštovah poštovahu poštovasmo poštovaste poštovavši poštovaše
hrabar	hrabrijega hrabrijem hrabrijemu hrabrijih hrabrijim hrabrijima hrabrijoj hrabrijom hrabriju hrabroga hrabrome hrabromu najhrabrijega najhrabrijem najhrabrijemu najhrabrijim najhrabrijima najhrabrijoj najhrabrijom najhrabriju
pošten	najpoštenijeg najpoštenijega najpoštenijem najpoštenijemu najpoštenijih najpoštenijim najpoštenijima najpoštenijoj najpoštenijom najpošteniju poštenija poštenijeg poštenijega poštenijem poštenijemu poštenijih poštenijim poštenijima poštenijoj poštenijom pošteniju poštenima poštenoga poštenome poštenomu
vredan	najvrednijeg najvrednijega najvrednijem najvrednijemu najvrednijim najvrednijima najvrednijoj najvrednijom vrednijega vrednijem vrednijemu vrednijih vrednijim vrednijima vrednijoj vrednijom vredniju vrednima vrednoga vrednome vrednomu
plesati	plesah plesahu plesasmo plesaste plesaćete plesaše
svideti	svideh svidesmo svideste svidevši svidećemo svidećete svideću svideše svidimo
poginuti	poginimo poginite poginuh poginusmo poginuste poginuvši poginuše
družiti	družah družahu družasmo družaste družaše družiće družićete družićeš
izdati	izdade izdadoh izdadosmo izdadoste izdadoše izdavši izdaćete
nervozan	najnervoznija najnervoznije najnervoznijeg najnervoznijega najnervoznijem najnervoznijemu najnervozniji najnervoznijih najnervoznijim najnervoznijima najnervoznijoj najnervoznijom najnervozniju nervoznije nervoznijeg nervoznijega nervoznijem nervoznijemu nervoznijih nervoznijim nervoznijima nervoznijoj nervoznijom nervozniju nervoznoga nervoznoj nervoznome nervoznomu
promena	promeno
anđeo	anđelić anđelski
kamen	kamenima
kratak	kratkima kratkoga kratkome kratkomu kraćega kraćemu kraćih kraćima kraćoj kraćom najkraćeg najkraćega najkraćemu najkraćih najkraćima najkraćoj najkraćom
sumnja	sumnjo
ubaciti	ubacih ubacismo ubaciste ubacivši ubacićete ubaciše
snimiti	snimih snimismo snimiste snimivši snimićete snimiše
lažan	lažnija lažnije lažnijeg lažnijega lažnijem lažnijemu lažniji lažnijih lažnijim lažnijima lažnijoj lažnijom lažniju lažnima lažnoga lažnome lažnomu najlažnija najlažnije najlažnijeg najlažnijega najlažnijem najlažnijemu najlažniji najlažnijih najlažnijim najlažnijima najlažnijoj najlažnijom najlažniju
fotografija	fotografijo
niz	nizovima
služba	službo
odgovoran	najodgovornija najodgovornije najodgovornijeg najodgovornijega najodgovornijem najodgovornijemu najodgovornijih najodgovornijim najodgovornijima najodgovornijoj najodgovornijom najodgovorniju odgovornije odgovornijeg odgovornijega odgovornijem odgovornijemu odgovornijih odgovornijim odgovornijima odgovornijoj odgovornijom odgovorniju odgovornoga odgovornoj odgovornome odgovornomu
pogrešiti	pogreših pogrešismo pogrešiste pogrešivši pogrešiće pogrešićemo pogrešićete pogrešiću pogrešiše
ležati	ležah ležahu ležasmo ležaste ležaćemo ležaćete ležaću ležaše
nevin	najnevinija najnevinije najnevinijeg najnevinijega najnevinijem najnevinijemu najneviniji najnevinijih najnevinijim najnevinijima najnevinijoj najnevinijom najneviniju nevinija nevinije nevinijeg nevinijega nevinijem nevinijemu neviniji nevinijih nevinijim nevinijima nevinijoj nevinijom neviniju nevinoga nevinome nevinomu
izgubljen	izgubljenoga izgubljenome izgubljenomu
sesti	sedoh sedosmo sedoste sedoše sevši sešćete
užasan	najužasnijeg najužasnijega najužasnijem najužasnijemu najužasnijih najužasnijim najužasnijima najužasnijoj najužasnijom najužasniju užasnija užasnijeg užasnijega užasnijem užasnijemu užasniji užasnijih užasnijim užasnijima užasnijoj užasnijom užasniju užasnima užasnoga užasnome užasnomu
različit	najrazličitija najrazličitije najrazličitijeg najrazličitijega najrazličitijem najrazličitijemu najrazličitiji najrazličitijih najrazličitijim najrazličitijima najrazličitijoj najrazličitijom najrazličitiju različitija različitije različitijeg različitijega različitijem različitijemu različitiji različitijih različitijim različitijima različitijoj različitijom različitiju različitima različitoga različitome različitomu
upaliti	upalih upalismo upaliste upalivši upalićete upalićeš upališe upaljivati
otisak	otišče
vojni	vojnima vojnoga vojnome vojnomu
oprezan	najopreznija najopreznije najopreznijeg najopreznijega najopreznijem najopreznijemu najoprezniji najopreznijih najopreznijim najopreznijima najopreznijoj najopreznijom najoprezniju opreznih opreznijeg opreznijega opreznijem opreznijemu opreznijih opreznijim opreznijima opreznijoj opreznijom oprezniju opreznima opreznoga opreznoj opreznom opreznome opreznomu opreznu
skup	najskupljega najskupljem najskupljemu najskupljim najskupljima najskupljoj najskupljom skupima skupljeg skupljega skupljem skupljemu skupljih skupljim skupljima skupljoj skupljom skuplju skupoga skupome skupomu
akcija	akcijo
mera	mero
poštovanje	poštovanjima
vidjelo	vidjelima vidjelom vidjelu
led	ledova ledove ledovi ledovima
malen	malenima malenome malenomu manjega manjemu manjima najmanjega najmanjemu najmanjima
oteti	oteh otesmo oteste otevši otećete otećeš oteše otmimo
vuk	vlk vucima vuke
tišina	tišinama tišino
osvojiti	osvoj osvojih osvojismo osvojiste osvojićete osvojiše osvojmo osvojte
drugačiji	drugačijega drugačijemu drugačijima
braća	bratja
kupovati	kupova kupovah kupovahu kupovasmo kupovaste kupovavši kupovaće kupovaćemo kupovaćete kupovaćeš kupovaše kupujmo
hladan	hladnijeg hladnijega hladnijem hladnijemu hladnijih hladnijima hladnijoj hladnijom hladniju hladnima hladnome hladnomu najhladnijeg najhladnijega najhladnijem najhladnijemu najhladnijim najhladnijima najhladnijoj najhladnijom najhladniju
vlasnik	vlasniče
kost	košću
odneti	odne odneh odnesmo odnesoh odnesosmo odnesoste odnesoše odneste odnevši odneše
poverovati	poverova poverovah poverovasmo poverovaste poverovavši poverovaćemo poverovaćete poverovaćeš poverovaše poverujmo poverujte
vrag	vraza vraze vrazi vrazima vražić
prevariti	prevarih prevarismo prevariste prevarivši prevarićemo prevarićete prevarićeš prevariću prevariše
utakmica	utakmico
kartica	kartico
pamet	pametima
postajati	postajah postajahu postajasmo postajaste postajavši postajaće postajaćemo postajaćete postajaćeš postajaću postajaše postojmo postojte
noćni	noćnima noćnoga noćnome noćnomu
izdržati	izdrža izdržah izdržasmo izdržaste izdržavši izdržaćete izdržaše
vožnja	vožnjo
ćutati	oćutati ćutaće ćutaćete ćućah ćućahu ćućasmo ćućaste ćućaše
nekakav	nekakvima nekakvoga nekakvome nekakvomu
vis	visom višanin viški
nemački	nemačkima nemačkoga nemačkome nemačkomu
poneti	pone poneh ponesena ponesene poneseni poneseno ponesmo ponesoh ponesosmo ponesoste poneste ponesujući ponevši ponećete ponešeponesoše ponijah ponijahu ponijasmo ponijaste ponijaše
prevesti	prevedimo prevedoh prevedosmo prevedoste prevedoše prevevši prevezavši prevezimo prevezite prevezoh prevezosmo prevezoste prevezoše prevešće prevešćemo prevešćete prevešćeš
blizina	blizinama blizino blizinom
slikati	slikah slikahu slikasmo slikaste slikaće slikaćete slikaćeš slikaše
svemir	svemirima
započeti	započe započeh započesmo započeste započevši započeše započneće započnećemo započnećete započnećeš započneću
policijski	policijskima policijskoga policijskome policijskomu
muški	muškoga muškome muškomu mužski
pokrenuti	pokrenuh pokrenusmo pokrenuste pokrenuvši pokrenućete pokrenućeš pokrenuše
trka	trko
strašan	najstrašnijega najstrašnijem najstrašnijemu najstrašnijima najstrašnijoj najstrašnijom strašnijega strašnijem strašnijemu strašnijih strašnijim strašnijima strašnijoj strašnijom strašniju strašnima strašnoga strašnome strašnomu
ličan	ličnima ličnoga ličnome ličnomu
izvaditi	izvadih izvadismo izvadiste izvadivši izvadićete izvadićeš izvadiše
optužiti	optužih optužismo optužiste optuživši optužićete optužićeš optužiše
propast	propastima
radnja	radnjo
skrenuti	skrenimo skrenuh skrenusmo skrenuste skrenuvši skrenućete skrenućeš skrenuše
teorija	teorijo
ceniti	ceneći cenićemo cenićete cenićeš cenjah cenjahu cenjasmo cenjaste cenjaše cenjenje
tačka	tačko
prepoznati	prepoznah prepoznajmo prepoznasmo prepoznaste prepoznavši prepoznaše
stavljati	stavljah stavljahu stavljajmo stavljasmo stavljaste stavljaće stavljaćemo stavljaćete stavljaćeš stavljaću stavljaše
ispuniti	ispunih ispunismo ispuniste ispunivši ispunićete ispuniše
upozoriti	upozorih upozorismo upozoriste upozorivši upozoriće upozorićemo upozorićete upozorićeš upozoriše
oblik	obliče
obala	obalo
potvrditi	potvrdih potvrdismo potvrdiste potvrdivši potvrdićemo potvrdićete potvrdićeš potvrdiše
zavisiti	zaviseći zavisićemo zavisićete zavisićeš zavisiću zavišah zavišahu zavišasmo zavišaste zavišaše
most	moste
moćan	moćnijega moćnijem moćnijemu moćnijih moćnijima moćnijoj moćnijom moćniju moćnoga moćnome moćnomu najmoćnijega najmoćnijemu najmoćnijima najmoćnijoj najmoćnijom
trudan	trudnima trudnog trudnoga trudnome trudnomu
medicinski	medicinskima medicinskoga medicinskome medicinskomu
stvaran	najstvarnija najstvarnijeg najstvarnijega najstvarnijem najstvarnijemu najstvarniji najstvarnijih najstvarnijim najstvarnijima najstvarnijoj najstvarnijom najstvarniju stvarnijeg stvarnijega stvarnijem stvarnijemu stvarnijih stvarnijim stvarnijima stvarnijoj stvarnijom stvarniju stvarnima stvarnoga stvarnomu
scena	sceno
karijera	karijero
poslušati	poslušah poslušasmo poslušaste poslušavši poslušaćete poslušaše
autobus	autobusni
vikati	vikah vikahu vikasmo vikaste vikaćemo vikaćete vikaćeš vikaše vičimo
povezan	povezanima povezanoga povezanoj povezanome povezanomu
go	goliji golima golome golomu
vruć	vrućega vrućemu vrućima
svratiti	svratih svratismo svratiste svrativši svratićete svratiše
firma	firmo
juriti	jurah jurahu jurasmo juraste juraše jurićete jurićeš
održati	održa održah održasmo održaste održavši održaćete održaše
spavanje	spavanjima
pristati	prista pristade pristadoh pristadosmo pristadoste pristadoše pristah pristanimo pristasmo pristaste pristavši pristaćete
objaviti	objavih objavismo objaviste objavivši objavićete objaviše
pristup	pristupima
napuniti	napunih napunismo napuniste napunivši napunićete napuniše
sačuvati	sačuvah sačuvasmo sačuvaste sačuvavši sačuvaćete sačuvaše
zlatan	zlatnima zlatnoga zlatnome zlatnomu
stotina	stotini stotino stotinom
kom	komom komova komove komovi komovima
ponašanje	ponašanjima
gdo	kmu kterem kteroga terem teroga terom teromu čem česa
volja	voljama voljo
obavestiti	obavestih obavestismo obavestiste obavestivši obavestiše
sprečiti	sprečih sprečismo sprečiste sprečivši sprečićete sprečićeš sprečiše
oprema	opremo
osiguranje	osiguranjima
poželeti	poželeh poželesmo poželeste poželevši poželećemo poželeše
završen	najzavršenija najzavršenije najzavršenijeg najzavršenijega najzavršenijem najzavršenijemu najzavršeniji najzavršenijih najzavršenijim najzavršenijima najzavršenijoj najzavršenijom najzavršeniju završenih završenija završenije završenijeg završenijega završenijem završenijemu završeniji završenijih završenijim završenijima završenijoj završenijom završeniju završenima završenoga završenoj završenome završenomu završenu
ljubazan	ljubaznijeg ljubaznijega ljubaznijem ljubaznijemu ljubaznijih ljubaznijim ljubaznijima ljubaznijoj ljubaznijom ljubazniju ljubaznima ljubaznoga ljubaznome ljubaznomu najljubaznijeg najljubaznijega najljubaznijem najljubaznijemu najljubaznijih najljubaznijim najljubaznijima najljubaznijoj najljubaznijom najljubazniju
vera	verama
zelen	zelenju zelenoga zelenome zelenomu
leći	legavši legnimo legnoše legnuh legnusmo legnuste legnuti legnuvši legnuće legnućemo legnućete legnućeš legnuću legoh legosmo legoste legoše legući lezijah lezijahu lezijasmo lezijaste lezijaše ležah ležahu ležasmo ležaste ležaše ležemo leženje ležete
tužan	najtužnijeg najtužnijega najtužnijem najtužnijemu najtužnijim najtužnijima najtužnijoj najtužnijom najtužniju tužnijeg tužnijega tužnijem tužnijemu tužnijih tužnijim tužnijima tužnijoj tužnijom tužniju tužnima tužnoga tužnome tužnomu
varati	varah varahu varajmo varajte varale varalo varana varane varani varano varasmo varaste varaće varaćemo varaćete varaćeš varaću varaše
potražiti	potražih potražismo potražiste potraživši potražićete potražiše
desni	desniju desnoga desnome desnomu
puška	puškica puško
čime	čeg čem
glumac	glumče glumčić
zaštita	zaštitama zaštito
raj	rajeva rajeve rajevi rajevima
posetiti	posetih posetismo posetiste posetivši posetićete posetiše
osnova	osnovo
doručak	doručaka doručci doručcima doručke
seksualan	seksualnima seksualnoga seksualnome seksualnomu
svrha	svrhama svrho
ugasiti	ugasih ugasismo ugasiste ugasivši ugasićete ugasićeš ugasiše zagasiti
krov	krove
patiti	patićemo patićete patiću paćah paćahu paćasmo paćaste paćaše paćenje
petak	pecima petke
plaža	plažo
provoditi	provodiće provodićete provodićeš provođah provođahu provođasmo provođaste provođaše
podeliti	podelih podelismo podeliste podelivši podeliše
upasti	upadnimo upadnite upadoh upadosmo upadoste upadoše upane upanem upanemo upanete upaneš upani upanimo upanite upanu upavši
deliti	deljah deljahu deljasmo deljaste deljaše
kazniti	kaznih kaznismo kazniste kaznivši kaznićete kazniše
gadan	gadnija gadnijeg gadnijega gadnijem gadnijemu gadnijih gadnijim gadnijima gadnijoj gadnijom gadniju gadnima gadnoga gadnome gadnomu najgadnija najgadnije najgadnijeg najgadnijega najgadnijem najgadnijemu najgadniji najgadnijih najgadnijim najgadnijima najgadnijoj najgadnijom najgadniju
zameniti	zamenih zamenismo zameniste zamenivši zamenićete zameniše zamenjivati
zahvalan	najzahvalnija najzahvalnije najzahvalnijeg najzahvalnijega najzahvalnijem najzahvalnijemu najzahvalniji najzahvalnijih najzahvalnijim najzahvalnijima najzahvalnijoj najzahvalnijom najzahvalniju zahvalnih zahvalnije zahvalnijeg zahvalnijega zahvalnijem zahvalnijemu zahvalnijih zahvalnijim zahvalnijima zahvalnijoj zahvalnijom zahvalniju zahvalnima zahvalnoga zahvalnoj zahvalnom zahvalnome zahvalnomu zahvalnu
ponavljati	ponavljah ponavljahu ponavljajmo ponavljasmo ponavljaste ponavljaće ponavljaćemo ponavljaćete ponavljaćeš ponavljaše
mobilan	mobilnija mobilnije mobilnijeg mobilnijega mobilnijem mobilnijemu mobilniji mobilnijih mobilnijim mobilnijima mobilnijoj mobilnijom mobilniju mobilno mobilnoga mobilnoj mobilnome mobilnomu najmobilnija najmobilnije najmobilnijeg najmobilnijega najmobilnijem najmobilnijemu najmobilniji najmobilnijih najmobilnijim najmobilnijima najmobilnijoj najmobilnijom najmobilniju
zabraniti	zabranih zabranismo zabraniste zabranivši zabranićemo zabranićete zabranićeš zabraniše zabranjivati
sjediti	siedieti sjediće sjedićemo sjedićete sjedićeš sjediću sjedjeti sjeđah sjeđahu sjeđasmo sjeđaste sjeđaše
naručiti	naručih naručismo naručiste naručivši naručiće naručićete naručićeš naručiše
miš	myš
odraditi	odradih odradismo odradiste odradivši odradićete odradiše
počistiti	počistih počistismo počististe počistivši počistiće počistićete počistićeš počistiše
zaglaviti	zaglavih zaglavismo zaglaviste zaglavivši zaglaviće zaglavićete zaglaviše zaglavljivati
tražilo	tražilima tražilom tražilu
braniti	branićete branjah branjahu branjasmo branjaste branjaše branjenje
napredovati	napredova napredovah napredovahu napredovasmo napredovaste napredovavši napredovaće napredovaćemo napredovaćete napredovaću napredovaše napredujmo napredujte
umeti	umeh umej umejah umejahu umejasmo umejaste umejaše umejmo umejte umejući umele umelo umenje umesmo umeste umevši umećemo umećete umećeš umeše
pozdraviti	pozdravih pozdravismo pozdraviste pozdravivši pozdraviće pozdravićete pozdravićeš pozdraviše
snažan	najsnažnijeg najsnažnijega najsnažnijem najsnažnijemu najsnažnijim najsnažnijima najsnažnijoj najsnažnijom najsnažniju snažnijega snažnijem snažnijemu snažnijih snažnijima snažnijoj snažnijom snažnima snažnoga snažnome snažnomu
trik	triče
sprat	sprate
čaša	čašo
potraga	potragama potrago
drag	dragima dragome dragomu dražeg dražega dražem dražemu dražih dražim dražima dražoj dražom dražu najdražega najdražemu najdražima
štititi	štitićete štitićeš štićah štićahu štićasmo štićaste štićaše štićen štićenje
odabrati	odaberimo odabra odabrah odabrasmo odabraste odabravši odabraće odabraćete odabraćeš odabraše
uznemiriti	uznemirih uznemirismo uznemiriste uznemirivši uznemirićemo uznemirićete uznemiriću uznemiriše
lokalan	lokalnima lokalnoga lokalnome lokalnomu
zadovoljan	najzadovoljnija najzadovoljnije najzadovoljnijeg najzadovoljnijega najzadovoljnijem najzadovoljnijemu najzadovoljniji najzadovoljnijih najzadovoljnijim najzadovoljnijima najzadovoljnijoj najzadovoljnijom najzadovoljniju zadovoljnije zadovoljnijeg zadovoljnijega zadovoljnijem zadovoljnijemu zadovoljnijih zadovoljnijim zadovoljnijima zadovoljnijoj zadovoljnijom zadovoljniju zadovoljnima zadovoljnoga zadovoljnoj zadovoljnome zadovoljnomu zadovoljnu
padati	padah padahu padajmo padasmo padaste padaćemo padaćete padaćeš padaću padaše
struja	strujo
vagati	vagah vagahu vagajući vagasmo vagaste vagaće vagaćemo vagaćete vagaćeš vagaću vagaše važemo važete važeš važimo važite važući
valjati	valjah valjahu valjajmo valjajte valjajući valjasmo valjaste valjaće valjaćemo valjaćete valjaćeš valjaću valjaše
kriviti	krivilo krivićemo krivićete krivićeš kriviću krivljah krivljahu krivljasmo krivljaste krivljaše
maknuti	makavši maknuh maknule maknulo maknusmo maknuste maknuvši maknuće maknućemo maknućete maknućeš maknuše makoh makosmo makoste makoše
radni	radnima radnoga radnomu
jezero	jezerski
sakriti	sakrivši skri skrih skrijemo skrijete skriješ skrijmo skrismo skriste skriće skrićemo skrićete skrićeš skriću skriše
zajednički	zajedničkima zajedničkome zajedničkomu
micati	micahu micale micalo mican micana micane micani micano micasmo micaste micaće micaćemo micaćete micaćeš micaću micaše mičući
povratak	povraci povracima povratke
ugao	ugle
mrak	mrakova mrakove mrakovi mrakovima mrače
ispravan	ispravnima ispravnoga ispravnoj ispravnome ispravnomu
snimati	snimah snimahu snimasmo snimaste snimaćete snimaćeš snimaše
zdrav	najzdravijeg najzdravijega najzdravijem najzdravijemu najzdravijih najzdravijim najzdravijima najzdravijoj najzdravijom najzdraviju sdrav zdravijeg zdravijega zdravijem zdravijemu zdravijih zdravijim zdravijima zdravijoj zdravijom zdravoga zdravome zdravomu
usamljen	najusamljenija najusamljenije najusamljenijeg najusamljenijega najusamljenijem najusamljenijemu najusamljenijih najusamljenijim najusamljenijima najusamljenijoj najusamljenijom najusamljeniju usamljenijeg usamljenijega usamljenijem usamljenijemu usamljenijih usamljenijim usamljenijima usamljenijoj usamljenijom usamljeniju usamljenima usamljenoga usamljenome usamljenomu
nem	nemim nemima nemoga nemome nemomu
krasti	kraden kradeni kradenje kradeno kradijah kradijahu kradijasmo kradijaste kradijaše kradimo kralo krašće krašćemo krašćete krašćeš krašću
uloga	ulogo
muka	muko
postići	postigavši postignimo postignite postignuh postignuli postignuo postignusmo postignuste postignuše postigoh postigosmo postigoste postigoše postizati
los	losovima
kolega	kolego
računati	računah računahu računajmo računasmo računaste računaće računaćemo računaćete računaćeš računaše
sjesti	sjedoh sjedosmo sjedoste sjedoše sjele sjevši sješće sješćemo sješćete sješćeš sješću
grešiti	grešah grešahu grešasmo grešaste grešaše grešenje grešeći grešiće grešićemo grešićete grešićeš grešiću
prići	priđoh priđosmo priđoste priđoše prišavši
rok	roče
odbaciti	odbacih odbacismo odbaciste odbacivši odbacićete odbaciše
popodne	popodnevima popodnevom
pravda	pravdama
zaslužiti	zaslužih zaslužismo zaslužiste zasluživši zaslužiće zaslužićemo zaslužićete zaslužićeš zaslužiću zaslužiše
obrada	obradama obrado
pobeda	pobedo
prebaciti	prebacih prebacismo prebaciste prebacivši prebacićete prebacićeš prebaciše
blago	blazima
zapaliti	zapalih zapalismo zapaliste zapalivši zapalićete zapališe
podrška	podrškama podrški podrško
podneti	podneh podnesimo podnesmo podnesoh podnesosmo podnesoste podnesoše podneste podneto podnevši podnećete podnećeš podneše
očistiti	očistih očistismo očististe očistivši očistićete očistiše
izjava	izjavo
dovoditi	dovodiće dovodićemo dovodićete dovodićeš dovodiću dovođah dovođahu dovođasmo dovođaste dovođaše
stvarati	stvarah stvarahu stvarajmo stvarasmo stvaraste stvaraće stvaraćemo stvaraćete stvaraćeš stvaraću stvaraše
otkazati	otkazah otkazasmo otkazaste otkazavši otkazaćete otkazaćeš otkazaše
dalek	dalekima dalekoga dalekome dalekomu daljega daljemu daljima najdaljeg najdaljega najdaljem najdaljemu najdaljih najdaljim najdaljima najdaljoj najdaljom najdalju
milja	miljo
mreža	mrežo
bitka	bitko
pružiti	pružen pružih pružismo pružiste pruživši pružićete pružićeš pružiše
skidati	skidah skidahu skidajmo skidasmo skidaste skidaće skidaćemo skidaćete skidaćeš skidaću skidaše
ustajati	ustajah ustajahu ustajasmo ustajaste ustajaće ustajaćemo ustajaćete ustajaćeš ustajaću ustajaše ustajmo ustajući
funta	funto funtom
rak	rače
topao	najtoplijega najtoplijem najtoplijemu najtoplijih najtoplijim najtoplijima najtoplijoj najtoplijom najtopliju toplijeg toplijega toplijem toplijemu toplijih toplijima toplijoj toplijom toplima toploga toplome toplomu
specijalan	specijalnima specijalnoga specijalnome specijalnomu
postavljati	postavljah postavljahu postavljajmo postavljasmo postavljaste postavljaćemo postavljaćete postavljaćeš postavljaše
smešan	najsmešnijeg najsmešnijega najsmešnijem najsmešnijemu najsmešnijih najsmešnijim najsmešnijima najsmešnijoj najsmešnijom najsmešniju smešnijeg smešnijega smešnijem smešnijemu smešnijih smešnijim smešnijima smešnijoj smešnijom smešniju smešnima smešnoga smešnome smešnomu
pozicija	pozicijo
glumiti	glumiće glumićemo glumićete glumićeš glumljah glumljahu glumljasmo glumljaste glumljaše
venčati	venčah venčahu venčajući venčasmo venčaste venčavši venčaćeš venčaše
dar	darima
skočiti	skočih skočismo skočiste skočićete skočiše
zaspati	zaspa zaspah zaspasmo zaspaste zaspavši zaspaćemo zaspaćete zaspaše
stomak	stomače
birati	birah birahu birajmo birasmo biraste biraće biraćemo biraćete biraćeš biraću biraše
nalog	nalože
ćelija	ćelijo
zabaviti	zabavih zabavismo zabaviste zabavivši zabaviće zabavićete zabavićeš zabaviše
obratiti	obratih obratismo obratiste obrativši obratićete obratićeš obratiše
božji	boži božjemu božjima
dno	dnima
poslovan	najposlovnija najposlovnije najposlovnijeg najposlovnijega najposlovnijem najposlovnijemu najposlovniji najposlovnijih najposlovnijim najposlovnijima najposlovnijoj najposlovnijom najposlovniju poslovnija poslovnije poslovnijeg poslovnijega poslovnijem poslovnijemu poslovniji poslovnijih poslovnijim poslovnijima poslovnijoj poslovnijom poslovniju poslovnima poslovnoga poslovnome poslovnomu
major	majori majorima
hvatati	hvatah hvatahu hvatasmo hvataste hvataće hvataćemo hvataćete hvataćeš hvataću hvataše
suočiti	suočih suočismo suočiste suočivši suočiše
taman	najtamnija najtamnijeg najtamnijega najtamnijem najtamnijemu najtamnijih najtamnijim najtamnijima najtamnijoj najtamnijom najtamniju tamnijeg tamnijega tamnijem tamnijemu tamnijih tamnijim tamnijima tamnijoj tamnijom tamnoga tamnome tamnomu
trava	travica travo
nameravati	nameravah nameravahu nameravaj nameravajmo nameravajte nameravajući nameravanje nameravasmo nameravaste nameravaće nameravaćemo nameravaćete nameravaćeš nameravaću nameravaše
budan	budnija budnije budnijeg budnijega budnijem budnijemu budniji budnijih budnijim budnijima budnijoj budnijom budniju budnoga budnoj budnome budnomu najbudnija najbudnije najbudnijeg najbudnijega najbudnijem najbudnijemu najbudniji najbudnijih najbudnijim najbudnijima najbudnijoj najbudnijom najbudniju
prodavnica	prodavnico
ljubomoran	ljubomornija ljubomornije ljubomornijeg ljubomornijega ljubomornijem ljubomornijemu ljubomorniji ljubomornijih ljubomornijim ljubomornijima ljubomornijoj ljubomornijom ljubomorniju ljubomornima ljubomornoga ljubomornoj ljubomornome ljubomornomu najljubomornija najljubomornije najljubomornijeg najljubomornijega najljubomornijem najljubomornijemu najljubomorniji najljubomornijih najljubomornijim najljubomornijima najljubomornijoj najljubomornijom najljubomorniju
oduzeti	oduze oduzeh oduzesmo oduzeste oduzevši oduzećete oduzećeš oduzeše oduzmimo
određen	određenima određenoga određenome određenomu
sramota	sramotama
kopile	kopilađu
poseta	poseto
jasan	jasnijeg jasnijega jasnijem jasnijemu jasnijih jasnijim jasnijima jasnijoj jasnijom jasnima jasnoga jasnoj jasnome jasnomu najjasnija najjasnijeg najjasnijega najjasnijem najjasnijemu najjasnijih najjasnijim najjasnijima najjasnijoj najjasnijom najjasniju
tvrd	najtvrđeg najtvrđega najtvrđem najtvrđemu najtvrđih najtvrđim najtvrđima najtvrđoj najtvrđom najtvrđu tvrdima tvrdoga tvrdome tvrdomu tvrđeg tvrđega tvrđem tvrđemu tvrđih tvrđim tvrđima tvrđoj tvrđom tvrđu
razočarati	razočarah razočaraj razočarajmo razočarajte razočarasmo razočaraste razočaravati razočaravši razočaraće razočaraćemo razočaraćete razočaraćeš razočaraše
srušiti	sruših srušismo srušiste srušivši srušićete srušiše
upropastiti	upropastih upropastismo upropastiste upropastivši upropastiše
spomenuti	spomenimo spomenuh spomenusmo spomenuste spomenuvši spomenuće spomenućemo spomenućete spomenućeš spomenuše
odbrana	odbranama odbrano
suprotan	suprotnima suprotnoga suprotnomu
upotrebiti	upotrebih upotrebismo upotrebiste upotrebivši upotrebićete upotrebiše
nastavljati	nastavljah nastavljahu nastavljajmo nastavljajte nastavljasmo nastavljaste nastavljaće nastavljaćemo nastavljaćete nastavljaćeš nastavljaću nastavljaše
subota	suboto
spisak	spišče
traka	trako
levi	levima levoga levome levomu
otkaz	otkazima
nuditi	nudiće nudićemo nudićete nudićeš nudiću nuđah nuđahu nuđasmo nuđaste nuđaše
pravac	pravče
smestiti	smestih smestismo smestiste smestivši smestićete smestićeš smestiše
sposoban	najsposobnija najsposobnije najsposobnijeg najsposobnijega najsposobnijem najsposobnijemu najsposobnijim najsposobnijima najsposobnijoj najsposobnijom najsposobniju sposobnije sposobnijeg sposobnijega sposobnijem sposobnijemu sposobnijih sposobnijim sposobnijima sposobnijoj sposobnijom sposobniju sposobnima sposobnoga sposobnoj sposobnome sposobnomu
mirisati	mirisah mirisahu mirisasmo mirisaste mirisaće mirisaćemo mirisaćete mirisaćeš mirisaću mirisaše mirišimo mirišite
veličina	veličino
iznenaditi	iznenadih iznenadismo iznenadiste iznenadivši iznenadiše
gej	gejem
uveriti	uveravati uverih uverismo uveriste uverivši uveriće uverićemo uveriše
cigareta	cigareto
osveta	osvetama osveto
spaliti	spalih spalismo spaliste spalivši spalićete spališe
zbilja	zbiljama zbilje zbilji zbiljo zbiljom zbilju
porodični	porodičnima porodičnoga porodičnome porodičnomu
epizoda	epizodo
žuriti	žurah žurahu žurasmo žuraste žuraše žureći žuriće žurićemo žurićete žurićeš žuriću
svestan	najsvesnija najsvesnije najsvesnijeg najsvesnijega najsvesnijem najsvesnijemu najsvesniji najsvesnijih najsvesnijim najsvesnijima najsvesnijoj najsvesnijom najsvesniju svesnija svesnije svesnijeg svesnijega svesnijem svesnijemu svesnijih svesnijim svesnijima svesnijoj svesnijom svesniju svesnima svesnoga svesnoj svesnome svesnomu
kilometar	kilometrom
hrabrost	hrabrostima
ružan	najružnijeg najružnijega najružnijem najružnijemu najružnijih najružnijim najružnijima najružnijoj najružnijom ružnijeg ružnijega ružnijem ružnijemu ružnijih ružnijim ružnijima ružnijoj ružnijom ružniju ružnima ružnoga ružnome ružnomu
potrošiti	potroših potrošismo potrošiste potrošivši potrošićete potrošiše
svetski	svetskima svetskoga svetskome svetskomu
sličan	najsličnija najsličnijeg najsličnijega najsličnijem najsličnijemu najsličnijih najsličnijim najsličnijima najsličnijoj najsličnijom najsličniju sličnijeg sličnijega sličnijem sličnijemu sličnijih sličnijim sličnijima sličnijoj sličnijom sličniju sličnome sličnomu
povratiti	povratih povratismo povratiste povrativši povratićete povratiše
posmatrati	posmatrah posmatrahu posmatrasmo posmatraste posmatraćete posmatraćeš posmatraše
svetlost	svetlostima
provaliti	provalih provalismo provaliste provalivši provalićete provališe
sjebati	sjeba sjebah sjebasmo sjebaste sjebavši sjebaćete sjebaše
zakasniti	zakasnih zakasnismo zakasniste zakasnivši zakasniše
krvariti	krvarah krvarahu krvarasmo krvaraste krvaraše krvariće krvarićemo krvarićete krvarićeš krvariću
džep	džepe
ljubiti	ljubiće ljubićemo ljubićete ljubićeš ljubljah ljubljahu ljubljasmo ljubljaste ljubljaše
nizak	najnižega najnižemu najnižima najnižom niskima niskoga niskome niskomu nižega nižemu nižima
faliti	faleći falimo falite falićemo falićete faliću fališe faljah faljahu faljasmo faljaste faljenje
usporiti	usporenje usporih usporismo usporiste usporivši usporićemo usporićete usporićeš usporiše
zanimljiv	najzanimljivijeg najzanimljivijega najzanimljivijem najzanimljivijemu najzanimljivijim najzanimljivijima najzanimljivijoj najzanimljivijom najzanimljiviju zanimljivijeg zanimljivijega zanimljivijem zanimljivijemu zanimljivijima zanimljivijoj zanimljivijom zanimljiviju zanimljivima zanimljivoga zanimljivome zanimljivomu
sezona	sezono
list	listak listima
popeti	popeh popesmo popeste popevši popećete popeše
uzorak	uzorče
pričekati	pričekah pričekasmo pričekaste pričekavši pričekaće pričekaćete pričekaćeš pričekaše
završavati	završavah završavahu završavajmo završavasmo završavaste završavaće završavaćemo završavaćete završavaćeš završavaću završavaše
lekar	lekarem
jednostavan	jednostavnijeg jednostavnijega jednostavnijem jednostavnijemu jednostavnijih jednostavnijima jednostavnijoj jednostavnijom jednostavniju jednostavnima jednostavnoga jednostavnome jednostavnomu najjednostavnijeg najjednostavnijega najjednostavnijem najjednostavnijemu najjednostavnijih najjednostavnijim najjednostavnijima najjednostavnijoj najjednostavnijom
uslov	uslovu
troje	troga
mešati	mešah mešahu mešasmo mešaste mešaće mešaćemo mešaćete mešaćeš mešaću mešaše
uvo	uvima ušesa ušesima
koledž	koledžem
pljačka	pljačaka pljačko
povezati	povezah povezasmo povezaste povezavši povezaćete povezaćeš povezaše
pobiti	pobih pobismo pobiste pobivši pobićete pobiše
javni	javnija javnije javnijeg javnijega javnijem javnijemu javniji javnijih javnijim javnijima javnijoj javnijom javniju javnima javnoga javnomu najjavnija najjavnije najjavnijeg najjavnijega najjavnijem najjavnijemu najjavniji najjavnijih najjavnijim najjavnijima najjavnijoj najjavnijom najjavniju
prodaja	prodajo
odrastati	odrastah odrastahu odrastaj odrastajmo odrastajte odrastasmo odrastaste odrastaće odrastaćemo odrastaćete odrastaćeš odrastaću odrastaše
šešir	šeširina šeširčina
zmija	zmijica zmijurina
ploča	pločo
farma	farmo
odbijati	odbijah odbijahu odbijajmo odbijasmo odbijaste odbijaće odbijaćemo odbijaćete odbijaćeš odbijaću odbijaše
pokriti	pokrih pokrijmo pokrismo pokriste pokrivši pokrićete pokrićeš pokriše
izmisliti	izmislih izmislismo izmisliste izmislivši izmisliće izmislićete izmislićeš izmisliše
dopasti	dopade dopadnemo dopadnete dopadni dopadnimo dopadnite dopadoh dopadosmo dopadoste dopadoše dopavši dopašćemo dopašćete dopašću
rizik	riziče
visiti	visjeće visjećemo visjećete visjećeš visjeću višah višahu višasmo višaste višaše višenje
grozan	groznima groznoga groznome groznomu
podnijeti	podnesimo podnesoh podnesosmo podnesoste podnesoše podnije podnijeh podnijesmo podnijeste podnijeta podnijete podnijeto podnijevši podnijeće podnijećemo podnijećete podnijećeš podnijeću podniješe
kapirati	kapirah kapirahu kapiraj kapirajmo kapirajte kapirajući kapiranje kapirasmo kapiraste kapiraće kapiraćemo kapiraćete kapiraćeš kapiraću kapiraše
testirati	testirah testirahu testirasmo testiraste testiravši testiraćete testiraćeš testiraše
boca	boco
pauza	pauzo
vlastit	vlastitima vlastitoga vlastitome vlastitomu
izvršiti	izvrših izvršismo izvršiste izvršivši izvršićete izvršićeš izvršiše
optužba	optužbo
rasti	rastavši rastenje rastijah rastijahu rastijasmo rastijaste rastijaše rastimo rastite rastoh rastosmo rastoste rastoše rašćemo rašćete rašćeš rašću
uzbudljiv	najuzbudljivijeg najuzbudljivijega najuzbudljivijem najuzbudljivijemu najuzbudljivijim najuzbudljivijima najuzbudljivijoj najuzbudljivijom najuzbudljiviju uzbudljivijeg uzbudljivijega uzbudljivijem uzbudljivijemu uzbudljivijih uzbudljivijima uzbudljivijoj uzbudljivijom uzbudljiviju uzbudljivima uzbudljivoga uzbudljivome uzbudljivomu
tući	tucijah tucijahu tucijasmo tucijaste tucijaše tucimo tukavši tukoh tukosmo tukoste tukoše tukući tučah tučahu tučasmo tučaste tučaše tučenje
kuvati	kuvah kuvahu kuvajmo kuvasmo kuvaste kuvaće kuvaćemo kuvaćete kuvaćeš kuvaše
poljubac	poljupče
maska	masaka masko
poverenje	poverenjima
gazda	gazdo
preseliti	preselih preselismo preseliste preselivši preselićete preseliše preseljavati
odlazak	odlašče
kat	katom
slava	slavama
slep	slepoga slepome slepomu
skrivati	skrivah skrivahu skrivajmo skrivan skrivasmo skrivaste skrivaće skrivaćemo skrivaćete skrivaćeš skrivaću skrivaše
spor	najsporija najsporijeg najsporijega najsporijem najsporijemu najsporijih najsporijim najsporijima najsporijoj najsporijom najsporiju sporijeg sporijega sporijem sporijemu sporijih sporijim sporijima sporijoj sporijom sporiju sporima sporoga sporome sporomu sporovima
uzbuđen	najuzbuđenija najuzbuđenije najuzbuđenijeg najuzbuđenijega najuzbuđenijem najuzbuđenijemu najuzbuđeniji najuzbuđenijih najuzbuđenijim najuzbuđenijima najuzbuđenijoj najuzbuđenijom najuzbuđeniju uzbuđenih uzbuđenija uzbuđenije uzbuđenijeg uzbuđenijega uzbuđenijem uzbuđenijemu uzbuđenijih uzbuđenijim uzbuđenijima uzbuđenijoj uzbuđenijom uzbuđeniju uzbuđenim uzbuđenima uzbuđenoga uzbuđenoj uzbuđenom uzbuđenome uzbuđenomu uzbuđenu
nepoznat	nepoznatoga nepoznatome nepoznatomu
zavezati	zaveza zavezah zavezasmo zavezaste zavezavši zavezaće zavezaćemo zavezaćete zavezaćeš zavezaše zavezivati zavežimo
namera	namero
spominjati	spominjah spominjahu spominjasmo spominjaste spominjaće spominjaćemo spominjaćete spominjaćeš spominjaću spominjaše spominjimo
politika	politikama politiko
pošta	poštama
objašnjavati	objašnjavah objašnjavahu objašnjavajmo objašnjavajte objašnjavasmo objašnjavaste objašnjavaće objašnjavaćemo objašnjavaćete objašnjavaćeš objašnjavaću objašnjavaše
bitan	bitnijeg bitnijega bitnijem bitnijemu bitnijima bitnijoj bitnijom bitniju bitnima bitnoga bitnoj bitnome bitnomu najbitnijeg najbitnijega najbitnijem najbitnijemu najbitnijim najbitnijima najbitnijoj najbitnijom
staza	stazo
odjebati	odjeba odjebah odjebasmo odjebaste odjebavši odjebaće odjebaćemo odjebaćete odjebaćeš odjebaću odjebaše
tolik	tolikima tolikoga tolikome tolikomu
smanjiti	smanjih smanjismo smanjiste smanjivši smanjićete smanjićeš smanjiše
ruski	ruskima ruskoga ruskome ruskomu
izgraditi	izgradih izgradismo izgradiste izgradivši izgradićete izgradićeš izgradiše
bend	bende bendi bendima
zona	zono
emisija	emisijo
lokacija	lokacijo
hodnik	hodniče
iznenađen	iznenađenih iznenađenija iznenađenije iznenađenijeg iznenađenijega iznenađenijem iznenađenijemu iznenađeniji iznenađenijih iznenađenijim iznenađenijima iznenađenijoj iznenađenijom iznenađeniju iznenađenim iznenađenima iznenađenog iznenađenoga iznenađenoj iznenađenom iznenađenome iznenađenomu iznenađenu najiznenađenija najiznenađenije najiznenađenijeg najiznenađenijega najiznenađenijem najiznenađenijemu najiznenađeniji najiznenađenijih najiznenađenijim najiznenađenijima najiznenađenijoj najiznenađenijom najiznenađeniju
spremati	spremah spremahu spremajmo spremano spremasmo spremaste spremavši spremaće spremaćemo spremaćete spremaćeš spremaću spremaše
obraćati	obraćah obraćahu obraćajmo obraćasmo obraćaste obraćaće obraćaćemo obraćaćete obraćaćeš obraćaću obraćaše
leteti	letevši lećah lećahu lećasmo lećaste lećaše
kriminalac	kriminalče
pretražiti	pretražih pretražismo pretražiste pretraživši pretražićete pretražićeš pretražiše
udaviti	udavih udavismo udaviste udavivši udavićete udaviše
današnji	današnjega današnjemu današnjima
četvrti	četvrtih četvrtoga četvrtomu
gradonačelnik	gradonačelnicima gradonačelnike
milost	milostima
zdravlje	sdravje
sklanjati	sklanjah sklanjahu sklanjajmo sklanjajući sklanjasmo sklanjaste sklanjaće sklanjaćemo sklanjaćete sklanjaćeš sklanjaću sklanjaše
svađati	svađah svađahu svađasmo svađaste svađaće svađaćemo svađaćete svađaćeš svađaću svađaše
nazivati	nazivah nazivahu nazivajmo nazivajte nazivasmo nazivaste nazivaće nazivaćemo nazivaćete nazivaćeš nazivaću nazivaše
sok	soče
fizički	fizičkima fizičkoga fizičkome fizičkomu
potpun	najpotpunija najpotpunije najpotpunijeg najpotpunijega najpotpunijem najpotpunijemu najpotpuniji najpotpunijih najpotpunijim najpotpunijima najpotpunijoj najpotpunijom najpotpuniju potpunija potpunijeg potpunijega potpunijem potpunijemu potpuniji potpunijih potpunijim potpunijima potpunijoj potpunijom potpuniju potpunima potpunoga potpunome potpunomu
opisati	opisah opisasmo opisaste opisavši opisaće opisaćemo opisaćete opisaćeš opisaše opišimo
gurnuti	gurnuh gurnusmo gurnuste gurnuvši gurnućete gurnućeš gurnuše
raspravljati	raspravljah raspravljahu raspravljajmo raspravljasmo raspravljaste raspravljaće raspravljaćete raspravljaćeš raspravljaću raspravljaše
sluga	sluginja
eksplodirati	eksplodirah eksplodirahu eksplodirajmo eksplodirajte eksplodiranje eksplodirasmo eksplodiraste eksplodirate eksplodiravši eksplodiraćete eksplodiraćeš eksplodiraše
pristojan	najpristojnija najpristojnije najpristojnijeg najpristojnijega najpristojnijem najpristojnijemu najpristojnijih najpristojnijim najpristojnijima najpristojnijoj najpristojnijom najpristojniju pristojnija pristojnijeg pristojnijega pristojnijem pristojnijemu pristojnijih pristojnijim pristojnijima pristojnijoj pristojnijom pristojniju pristojnima pristojnoga pristojnome pristojnomu
pretnja	pretnjo
eksplozija	eksplozijo
poslužiti	poslužih poslužismo poslužiste posluživši poslužićete poslužiše
odmoriti	odmorih odmorismo odmoriste odmorivši odmoriće odmorićete odmorićeš odmoriše
temperatura	temperaturo
zajebavati	zajebavah zajebavahu zajebavajmo zajebavajući zajebavasmo zajebavaste zajebavaće zajebavaćemo zajebavaćete zajebavaćeš zajebavaću zajebavaše
šetati	šetah šetahu šetajmo šetalo šetasmo šetaste šetaće šetaćete šetaše šećete šeći šećimo šećite šećući
dupli	duplima duploga duplome duplomu
kineski	kineskima kineskoga kineskome kineskomu
odvratan	najodvratnijeg najodvratnijega najodvratnijem najodvratnijemu najodvratnijih najodvratnijim najodvratnijima najodvratnijoj najodvratnijom najodvratniju odvratnija odvratnijeg odvratnijega odvratnijem odvratnijemu odvratnijih odvratnijim odvratnijima odvratnijoj odvratnijom odvratniju odvratnima odvratnoga odvratnome odvratnomu
mek	mekima mekoga mekome mekomu mekšeg mekšega mekšem mekšemu mekših mekšima mekšoj mekšom mekšu najmekša najmekšeg najmekšega najmekšem najmekšemu najmekših najmekšim najmekšima najmekšoj najmekšom najmekšu
prirodan	najprirodnijeg najprirodnijega najprirodnijem najprirodnijemu najprirodniji najprirodnijih najprirodnijim najprirodnijima najprirodnijoj najprirodnijom najprirodniju prirodnija prirodnijeg prirodnijega prirodnijem prirodnijemu prirodnijih prirodnijim prirodnijima prirodnijoj prirodnijom prirodniju prirodnima prirodnoga prirodnome prirodnomu
suza	suzo
sprema	spremama spremo spremom
stepenica	stepenico stepenicom
bas	basova basove basovi basovima
tehnologija	tehnologijo
slediti	sledih sledismo slediste sledivši sledićete sledićeš slediše sleđah sleđahu sleđasmo sleđaste sleđaše sleđenje
nacionalni	nacionalnima nacionalnoga nacionalnome nacionalnomu
mator	matorija matorije matorijeg matorijega matorijem matorijemu matoriji matorijih matorijim matorijima matorijoj matorijom matoriju matorima matoroga matorome matoromu najmatorija najmatorije najmatorijeg najmatorijega najmatorijem najmatorijemu najmatoriji najmatorijih najmatorijim najmatorijima najmatorijoj najmatorijom najmatoriju
uputiti	uputih uputismo uputiste uputivši uputićete uputićeš uputiše
ostvariti	ostvarih ostvarismo ostvariste ostvarivši ostvarićete ostvarićeš ostvariše
trošiti	trošah trošahu trošasmo trošaste trošaše trošiće trošićemo trošićete trošićeš trošiću
dubok	dubljega dubljemu dubljima dubljom dubokima dubokoga dubokome dubokomu najdubljega najdubljemu najdubljima najdubljom
životan	najživotnija najživotnije najživotnijeg najživotnijega najživotnijem najživotnijemu najživotniji najživotnijih najživotnijim najživotnijima najživotnijoj najživotnijom najživotniju životnija životnije životnijeg životnijega životnijem životnijemu životniji životnijih životnijim životnijima životnijoj životnijom životniju životnima životnoga životnome životnomu
lanac	lanče
alkohol	alkohole alkoholi alkoholima
uticati	uticah uticahu uticanje uticasmo uticaste uticaćemo uticaćete uticaćeš uticaću uticaše utiči utičimo utičite utičući
udarati	udarah udarahu udarajmo udarasmo udaraste udaraće udaraćemo udaraćete udaraćeš udaraše
priznavati	priznavah priznavahu priznavajući priznavasmo priznavaste priznavaše
lekcija	lekcijo
posvetiti	posvetih posvetismo posvetiste posvetivši posvetiće posvetićete posvetićeš posvetiše posvećivati
buka	bukama buko
nauka	nauko
predomisliti	predomislih predomislismo predomisliste predomislivši predomislićemo predomislićete predomisliću predomisliše
pretpostaviti	pretpostavih pretpostavismo pretpostaviste pretpostavivši pretpostaviće pretpostavićete pretpostavićeš pretpostaviše
viski	viskije viskiji viskijima
pokvariti	pokvarih pokvarismo pokvariste pokvarivši pokvarićemo pokvariše
ispraviti	ispravih ispravismo ispraviste ispravivši ispraviće ispravićete ispravićeš ispraviše
šećer	šećere šećeri šećerima
plaća	plaćo
besan	besanim besanima besano besanog besanoga besanoj besanom besanome besanomu besanu besnima besnoga besnoj besnome besnomu bešnja bešnje bešnjeg bešnjega bešnjem bešnjemu bešnji bešnjih bešnjim bešnjima bešnjoj bešnjom bešnju najbešnja najbešnje najbešnjeg najbešnjega najbešnjem najbešnjemu najbešnji najbešnjih najbešnjim najbešnjima najbešnjoj najbešnjom najbešnju
zamka	zamko
torta	torata torto
očajan	najočajnija najočajnije najočajnijeg najočajnijega najočajnijem najočajnijemu najočajniji najočajnijih najočajnijim najočajnijima najočajnijoj najočajnijom najočajniju očajnija očajnije očajnijeg očajnijega očajnijem očajnijemu očajnijih očajnijim očajnijima očajnijoj očajnijom očajniju očajnima očajnoga očajnome očajnomu
telefonski	telefonskima telefonskoga telefonskome telefonskomu
sredina	sredino
košulja	košuljo
gradski	gradskima gradskoga gradskome gradskomu
osuditi	osudih osudismo osudiste osudivši osudićemo osudićete osudićeš osudiću osudiše
ukloniti	uklonih uklonismo ukloniste uklonivši uklonićete uklonićeš ukloniše
članak	članče
upravljati	upravljah upravljahu upravljajmo upravljajte upravljasmo upravljaste upravljaće upravljaćemo upravljaćete upravljaćeš upravljaše
površina	površino
prekrasan	prekrasnima prekrasnoga prekrasnome prekrasnomu
povlačiti	povlačah povlačahu povlačasmo povlačaste povlačaše povlačiće povlačićemo povlačićete povlačićeš povlačiću
majica	majico
podsećati	podsećah podsećahu podsećajmo podsećajte podsećasmo podsećaste podsećaće podsećaćemo podsećaćete podsećaćeš podsećaću podsećaše
nasilje	nasiljima
osigurati	osigurah osigurasmo osiguraste osiguravati osiguravši osiguraće osiguraćete osiguraćeš osiguraše
jeftin	jeftinijega jeftinijem jeftinijemu jeftinijim jeftinijima jeftinijoj jeftinijom jeftinima jeftinoga jeftinome jeftinomu najjeftinijeg najjeftinijega najjeftinijem najjeftinijemu najjeftinijih najjeftinijim najjeftinijima najjeftinijoj najjeftinijom
častan	najčasnija najčasnije najčasnijeg najčasnijega najčasnijem najčasnijemu najčasnijih najčasnijim najčasnijima najčasnijoj najčasnijom najčasniju časnija časnijeg časnijega časnijem časnijemu časniji časnijih časnijim časnijima časnijoj časnijom časniju časnima časnoga časnome časnomu
kapija	kapijo
sahrana	sahrano
srati	serimo serući srah srahu srasmo sraste sraće sraćemo sraćete sraćeš sraću sraše
gorivo	gorivima
bes	besova besove besovi besovima
posedovati	posedovah posedovahu posedovasmo posedovaste posedovaće posedovaćemo posedovaćete posedovaćeš posedovaću posedovaše poseduj posedujmo posedujte posedujući
plivati	plivah plivahu plivajmo plivasmo plivaste plivaće plivaćete plivaše
zajednica	zajednico
hraniti	hranićemo hranićete hranićeš hranjah hranjahu hranjasmo hranjaste hranjaše
klasa	klaso
publika	publikama
pritisnuti	pritiskoh pritiskosmo pritiskoste pritiskoše pritisnimo pritisnuh pritisnusmo pritisnuste pritisnuvši pritisnuće pritisnućete pritisnućeš pritisnuše pritište
divlji	divljega divljemu divljima
zamena	zameno
trud	trudima
odati	odah odasmo odaste odavši odaćete odaše
prepustiti	prepustih prepustismo prepustiste prepustivši prepustiće prepustićete prepustiše
tatica	taticama tatico
agencija	agencijo
tvrditi	tvrdićemo tvrdićete tvrdićeš tvrdiću tvrđah tvrđahu tvrđasmo tvrđaste tvrđaše
genij	genijom
vrištati	vriskati vrištah vrištahu vrištasmo vrištaste vrištaće vrištaćemo vrištaćete vrištaše
sladoled	sladoledima
igračka	igračko
serija	serijo
pažljiv	najpažljivija najpažljivije najpažljivijeg najpažljivijega najpažljivijem najpažljivijemu najpažljiviji najpažljivijih najpažljivijim najpažljivijima najpažljivijoj najpažljivijom najpažljiviju pažljivih pažljivijeg pažljivijega pažljivijem pažljivijemu pažljivijih pažljivijim pažljivijima pažljivijoj pažljivijom pažljiviju pažljivima pažljivoga pažljivoj pažljivome pažljivomu pažljivu
priprema	pripremo
približavati	približavah približavahu približavajmo približavasmo približavaste približavaće približavaćemo približavaćete približavaćeš približavaću približavaše
potruditi	potrudih potrudismo potrudiste potrudivši potrudiće potrudićete potrudićeš potrudiše
pokrivati	pokrivah pokrivahu pokrivajmo pokrivasmo pokrivaste pokrivaće pokrivaćete pokrivaćeš pokrivaše
stranica	stranico
zbunjen	najzbunjenija najzbunjenije najzbunjenijeg najzbunjenijega najzbunjenijem najzbunjenijemu najzbunjeniji najzbunjenijih najzbunjenijim najzbunjenijima najzbunjenijoj najzbunjenijom najzbunjeniju zbunjenija zbunjenije zbunjenijeg zbunjenijega zbunjenijem zbunjenijemu zbunjenijih zbunjenijim zbunjenijima zbunjenijoj zbunjenijom zbunjeniju zbunjenima zbunjenoga zbunjenoj zbunjenome zbunjenomu
uspešan	najuspešnijega najuspešnijem najuspešnijemu najuspešnijim najuspešnijima najuspešnijoj najuspešnijom najuspešniju uspešnijeg uspešnijega uspešnijem uspešnijemu uspešnijih uspešnijim uspešnijima uspešnijoj uspešnijom uspešniju uspešnima uspešnoga uspešnome uspešnomu
zapisati	zapisah zapisasmo zapisaste zapisavši zapisaće zapisaćemo zapisaćete zapisaćeš zapisaše zapišimo
dnevni	dnevnima dnevnoga dnevnome dnevnomu
podsetiti	podsetih podsetismo podsetiste podsetivši podsetiće podsetićemo podsetićete podsetićeš podsetiše
vežbati	vežbah vežbahu vežbajmo vežbasmo vežbaste vežbaće vežbaćete vežbaše
kopija	kopijo
kava	kavama kavo
spakovati	spakovah spakovahu spakovanje spakovasmo spakovaste spakovaće spakovaćete spakovaćeš spakovaše spakujući
politički	političkima političkoga političkome političkomu
vid	vidovi vidovima
mapa	mapo
okupiti	okupih okupismo okupiste okupivši okupićete okupićeš okupiše
visina	visino
okretati	okretah okretahu okretasmo okretaste okretaće okretaćemo okretaćete okretaćeš okretaću okretaše okrećimo
školski	školskima školskoga školskome školskomu
prevara	prevaro
zapad	zapade
izbeći	izbegavši izbegnimo izbegoh izbegosmo izbegoste izbegoše izbeže
obaveza	obavezo
uvući	uvucimo uvukavši uvukoh uvukosmo uvukoste uvukoše
slavan	najslavnijeg najslavnijega najslavnijem najslavnijemu najslavnijim najslavnijima najslavnijoj najslavnijom najslavniju slavnija slavnije slavnijeg slavnijega slavnijem slavnijemu slavnijih slavnijim slavnijima slavnijoj slavnijom slavniju slavnome slavnomu
trgovina	trgovino
razneti	razneh raznesmo raznesoh raznesosmo raznesoste raznesoše razneste raznete raznevš raznećete razneše
glasati	glasah glasahu glasajući glasasmo glasaste glasavši glasaćete glasaše
zatvarati	zatvarah zatvarahu zatvarajmo zatvarasmo zatvaraste zatvaraće zatvaraćemo zatvaraćete zatvaraćeš zatvaraću zatvaraše
drevan	drevnija drevnije drevnijeg drevnijega drevnijem drevnijemu drevniji drevnijih drevnijim drevnijima drevnijoj drevnijom drevniju drevnoga drevnome drevnomu najdrevnija najdrevnije najdrevnijeg najdrevnijega najdrevnijem najdrevnijemu najdrevniji najdrevnijih najdrevnijim najdrevnijima najdrevnijoj najdrevnijom najdrevniju
leto	letima
spojiti	spojih spojismo spojiste spojivši spojićete spojićeš spojiše spojmo
fabrika	fabriko
sumnjiv	najsumnjivija najsumnjivije najsumnjivijeg najsumnjivijega najsumnjivijem najsumnjivijemu najsumnjivijih najsumnjivijim najsumnjivijima najsumnjivijoj najsumnjivijom najsumnjiviju sumnjivija sumnjivijeg sumnjivijega sumnjivijem sumnjivijemu sumnjivijih sumnjivijim sumnjivijima sumnjivijoj sumnjivijom sumnjiviju sumnjivima sumnjivoga sumnjivome sumnjivomu
odustajati	odustajah odustajahu odustajajući odustajasmo odustajaste odustajaće odustajaćemo odustajaćete odustajaćeš odustajaću odustajaše odustajmo
održavati	održavah održavahu održavajmo održavasmo održavaste održavaće održavaćete održavaćeš održavaše
šifra	šifro
čvrst	cvrs najčvršća najčvršćeg najčvršćega najčvršćem najčvršćemu najčvršćih najčvršćim najčvršćima najčvršćoj najčvršćom najčvršću čvrstima čvrstoga čvrstome čvrstomu čvršćeg čvršćega čvršćem čvršćemu čvršćih čvršćim čvršćima čvršćoj čvršćom čvršću
priuštiti	priuštih priuštismo priuštiste priuštivši priuštiće priuštićemo priuštićete priuštićeš priuštiću priuštiše
predložiti	predložih predložismo predložiste predloživši predložiće predložićemo predložićete predložićeš predložiše
usna	usno ustna
tama	tamama
dovoljan	dovoljnih dovoljnima dovoljnoga dovoljnome dovoljnomu
sinak	sinaka sinci sincima sinka sinke sinkom sinku sinče
severni	najsevernija najsevernije najsevernijeg najsevernijega najsevernijem najsevernijemu najseverniji najsevernijih najsevernijim najsevernijima najsevernijoj najsevernijom najseverniju severnija severnijeg severnijega severnijem severnijemu severniji severnijih severnijim severnijima severnijoj severnijom severniju severnima severnoga severnome severnomu
gurati	gurah gurahu gurajmo gurasmo guraste guraće guraćemo guraćete guraćeš guraše
silovati	silova silovah silovahu silovasmo silovaste silovavši silovaćemo silovaćete silovaćeš silovaše silujmo silujte silujući
terapija	terapijo
polovina	polovinama polovino
kopati	kopah kopahu kopajmo kopasmo kopaste kopaće kopaćete kopaćeš kopaše
suprug	supruzima supruže
milijun	milijunom milijunu
predavati	predavah predavahu predavasmo predavaste predavaće predavaćemo predavaćete predavaćeš predavaću predavaše
britanski	britanskima britanskoga britanskome britanskomu
začep	začepa začepima začepom začepu
straža	stražama
mračan	mračnijeg mračnijega mračnijem mračnijemu mračnijih mračnijim mračnijima mračnijoj mračnijom mračniju mračnima mračnoga mračnome mračnomu najmračnijeg najmračnijega najmračnijemu najmračnijima najmračnijoj najmračnijom
domaći	domaćega domaćemu domaćima
naići	nailaziti naiđi naiđimo naiđite naiđoh naiđosmo naiđoste naiđoše naišavši
kontaktirati	kontaktirah kontaktirahu kontaktirajmo kontaktirajući kontaktiranje kontaktirasmo kontaktiraste kontaktiravši kontaktiraćete kontaktiraćeš kontaktiraše
osnovni	osnovnima osnovnoga osnovnome osnovnomu
jakna	jakno
svašta	svačeg
jahati	jahah jahahu jahasmo jahaste jahaćete jahaše jašiti
visost	visostima visošću
guma	gumo
širok	najšira najšire najšireg najširega najširemu najširih najširim najširima najširoj najširom najširu širega širemu širih širima širokima širokoga širokome širokomu
porota	porotama
suditi	sudićete sudićeš sudiću suđah suđahu suđasmo suđaste suđaše
obučen	obučenima obučenoga obučenoj obučenome obučenomu
prijateljstvo	prijateljstvima
preživjeti	preživje preživjeh preživjesmo preživjeste preživjevši preživjeće preživjećemo preživjećete preživjećeš preživjeću preživješe
uništavati	uništavah uništavahu uništavajmo uništavajte uništavasmo uništavaste uništavaće uništavaćemo uništavaćete uništavaćeš uništavaću uništavaše
milijarda	milijardo milijardom
moderan	modernijeg modernijega modernijem modernijemu modernijih modernijim modernijima modernijoj modernijom moderniju modernima modernoga modernome modernomu najmodernijeg najmodernijega najmodernijem najmodernijemu najmodernijih najmodernijim najmodernijima najmodernijoj najmodernijom
uznemiravati	uznemiravah uznemiravahu uznemiravajmo uznemiravasmo uznemiravaste uznemiravaće uznemiravaćemo uznemiravaćete uznemiravaćeš uznemiravaću uznemiravaše
televizija	televizijo
zgrabiti	zgrabih zgrabismo zgrabiste zgrabivši zgrabićete zgrabićeš zgrabiše
sklon	najsklonija najsklonije najsklonijeg najsklonijega najsklonijem najsklonijemu najskloniji najsklonijih najsklonijim najsklonijima najsklonijoj najsklonijom najskloniju sklonih sklonija sklonije sklonijeg sklonijega sklonijem sklonijemu sklonijih sklonijim sklonijima sklonijoj sklonijom skloniju sklonima sklonog sklonoga sklonoj sklonom sklonome sklonomu sklonu
šampanjac	šampanjaca šampanjce šampanjci šampanjcima šampanjče
pustinja	pustinjo
sahraniti	sahranih sahranismo sahraniste sahranivši sahranićete sahranićeš sahraniše
ispit	izpit
ispitati	ispitah ispitasmo ispitaste ispitavši ispitaćete ispitaćeš ispitaše
okolnost	okolnošću
pokvaren	najpokvarenija najpokvarenije najpokvarenijeg najpokvarenijega najpokvarenijem najpokvarenijemu najpokvareniji najpokvarenijih najpokvarenijim najpokvarenijima najpokvarenijoj najpokvarenijom najpokvareniju pokvarenija pokvarenije pokvarenijeg pokvarenijega pokvarenijem pokvarenijemu pokvareniji pokvarenijih pokvarenijim pokvarenijima pokvarenijoj pokvarenijom pokvareniju pokvarenima pokvarenoga pokvarenome pokvarenomu
radovati	radovah radovahu radovasmo radovaste radovaćemo radovaćete radovaćeš radovaću radovaše radujući
zver	zverju
izvoditi	izvodiće izvodićemo izvodićete izvodićeš izvodiću izvođah izvođahu izvođasmo izvođaste izvođaše
opljačkati	opljačkah opljačkajmo opljačkajte opljačkasmo opljačkaste opljačkavši opljačkaće opljačkaćete opljačkaćeš opljačkaše
iznajmiti	iznajmih iznajmismo iznajmiste iznajmivši iznajmiće iznajmićete iznajmićeš iznajmiše
funkcionisati	funkcionisa funkcionisah funkcionisahu funkcionisasmo funkcionisaste funkcionisaše funkcioniši funkcionišimo funkcionišite funkcionišući
proveravati	proveravah proveravahu proveravajmo proveravasmo proveravaste proveravaće proveravaćemo proveravaćete proveravaćeš proveravaše
glad	gladima
izlazak	izlašče
mariti	marah marahu marasmo maraste maraše marenje mariće marićemo marićete marićeš mariću
jug	juže
raskinuti	raskidoh raskidosmo raskidoste raskidoše raskinimo raskinite raskinuh raskinusmo raskinuste raskinuvši raskinuće raskinućemo raskinućete raskinućeš raskinuše
komšija	komšijka komšijo
donji	donjega donjemu donjima
zakleti	zakle zakleh zaklesmo zakleste zaklevši zakleće zaklećemo zaklećete zaklećeš zakleše
zaposliti	zaposlih zaposlismo zaposliste zaposlivši zaposlićete zaposlićeš zaposliše
ubrzo	ubrgo
zima	zimama
zarađivati	zarađivah zarađivahu zarađivasmo zarađivaste zarađivaće zarađivaćemo zarađivaćete zarađivaše zarađujmo zarađujte
liz	lizova lizove lizovi lizovima
bijel	biel bijelima bijelomu bjeliji bjelja bjelje bjeljeg bjeljega bjeljem bjeljemu bjelji bjeljih bjeljim bjeljima bjeljoj bjeljom bjelju najbjelja najbjelje najbjeljeg najbjeljega najbjeljem najbjeljemu najbjelji najbjeljih najbjeljim najbjeljima najbjeljoj najbjeljom najbjelju
penjati	penjah penjahu penjasmo penjaste penjaće penjaćemo penjaćete penjaćeš penjaću penjaše penjimo
gužva	gužvo
mudar	mudrijeg mudrijega mudrijem mudrijemu mudrijih mudrijim mudrijima mudrijoj mudrijom mudriju mudrima mudroga mudroj mudrome mudromu najmudrijeg najmudrijega najmudrijem najmudrijemu najmudrijih najmudrijim najmudrijima najmudrijoj najmudrijom najmudriju
strava	stravama stravi stravo stravom
ljubavni	ljubavnima ljubavnoga ljubavnome ljubavnomu
ljutiti	ljuteći ljutićemo ljutićete ljutićeš ljutiću ljućah ljućahu ljućasmo ljućaste ljućaše ljućenje
zamišljati	zamišljah zamišljahu zamišljajmo zamišljajte zamišljasmo zamišljaste zamišljaće zamišljaćemo zamišljaćete zamišljaćeš zamišljaću zamišljaše
uzrok	uzroče
raniti	raneći ranimo ranismo raniste ranivši raniće ranićemo ranićete ranićeš raniću raniše ranjavati ranjenje
opcija	opcijo
garaža	garažo
usuđivati	usuđivah usuđivahu usuđivanje usuđivasmo usuđivaste usuđivaće usuđivaćemo usuđivaćete usuđivaćeš usuđivaću usuđivaše usuđujmo usuđujte usuđujući
ikakav	ikakvima ikakvoga ikakvoj ikakvom ikakvome ikakvomu
žica	žico
blok	bloče
tren	trene trenova trenove trenovi trenovima
vizija	vizijo
oprost	oprostima oprostom
krađa	krađo
loviti	lovićete lovićeš lovljah lovljahu lovljasmo lovljaste lovljaše
oboriti	oborih oborismo oboriste oborivši oborićete oboriše
probiti	probih probijmo probismo probiste probivši probićete probićeš probiše
stvarnost	stvarnostima
seliti	seleći seliće selićemo selićete selićeš seliću seljah seljahu seljasmo seljaste seljaše
zahvaljivati	zahvaljivah zahvaljivahu zahvaljivasmo zahvaljivaste zahvaljivaće zahvaljivaćemo zahvaljivaćete zahvaljivaću zahvaljivaše zahvaljujmo
preneti	prene preneh prenesmo prenesoh prenesosmo prenesoste prenesoše preneste prenevši prenećete preneše
progutati	progutah progutajmo progutasmo progutaste progutavši progutaćemo progutaćete progutaše
kraljevski	kraljevskima kraljevskoga kraljevskome kraljevskomu
dim	dimove dimovi dimovima dym
stepen	stepenima
biljka	biljko
kris	krisove krisovi krisovima
siromašan	najsiromašnijeg najsiromašnijega najsiromašnijem najsiromašnijemu najsiromašnijim najsiromašnijima najsiromašnijoj najsiromašnijom najsiromašniju siromašnija siromašnijeg siromašnijega siromašnijem siromašnijemu siromašnijih siromašnijim siromašnijima siromašnijoj siromašnijom siromašniju siromašnoga siromašnome siromašnomu
ran	najranijega najranijem najranijemu najranijima najranijoj najranijom najraniju ranijega ranijemu ranijima ranijom ranima ranoga ranome ranomu
reklama	reklamo
dodirnuti	dodirnimo dodirnuh dodirnusmo dodirnuste dodirnuvši dodirnuće dodirnućemo dodirnućete dodirnućeš dodirnuše
haos	haose
prijatan	najprijatnija najprijatnijeg najprijatnijega najprijatnijem najprijatnijemu najprijatnijih najprijatnijim najprijatnijima najprijatnijoj najprijatnijom najprijatniju prijatnijeg prijatnijega prijatnijem prijatnijemu prijatnijih prijatnijima prijatnijoj prijatnijom prijatniju prijatnima prijatnoga prijatnome prijatnomu
zapadni	najzapadnija najzapadnije najzapadnijeg najzapadnijega najzapadnijem najzapadnijemu najzapadniji najzapadnijih najzapadnijim najzapadnijima najzapadnijoj najzapadnijom najzapadniju zapadnija zapadnijeg zapadnijega zapadnijem zapadnijemu zapadniji zapadnijih zapadnijim zapadnijima zapadnijoj zapadnijom zapadniju zapadnima zapadnoga zapadnome zapadnomu
istok	istoče iztok
leden	ledenija ledenije ledenijeg ledenijega ledenijem ledenijemu ledeniji ledenijih ledenijim ledenijima ledenijoj ledenijom ledeniju ledenima ledenoga ledenome ledenomu najledenija najledenije najledenijeg najledenijega najledenijem najledenijemu najledeniji najledenijih najledenijim najledenijima najledenijoj najledenijom najledeniju
svemirski	svemirskima svemirskoga svemirskome svemirskomu
ispitivati	ispitivah ispitivahu ispitivasmo ispitivaste ispitivaćete ispitivaćeš ispitivaše ispitujmo
jabuka	jabučji jabučni
unutrašnji	unutrašnjega unutrašnjemu unutrašnjima
aktivirati	aktivirah aktivirahu aktivirajmo aktivirajući aktivirasmo aktiviraste aktiviravši aktiviraćete aktiviraćeš aktiviraše
hleb	hlebe hlebni hlebova hlebove hlebovi hlebovima hlepčić
posledica	posledici posledico posledicom
kupovina	kupovino
reakcija	reakcijo
položiti	položih položismo položiste položivši položiće položićete položiše
organizacija	organizacijo
gol	goliji golima golome golomu golovima
zahtevati	zahtevah zahtevahu zahtevajmo zahtevanje zahtevasmo zahtevaste zahtevaćemo zahtevaćete zahtevaćeš zahtevaše
vremenski	vremenskima vremenskoga vremenskome vremenskomu
proslaviti	proslavih proslavismo proslaviste proslavivši proslaviće proslavićete proslavićeš proslaviše
rosa	rosama
slaviti	slavilo slavićete slavićeš slavljah slavljahu slavljasmo slavljaste slavljaše
odlučivati	odlučivah odlučivahu odlučivasmo odlučivaste odlučivaće odlučivaćemo odlučivaćete odlučivaćeš odlučivaću odlučivaše odlučujmo odlučujte
dozvoljavati	dozvoljavah dozvoljavahu dozvoljavajmo dozvoljavajte dozvoljavanje dozvoljavasmo dozvoljavaste dozvoljavaće dozvoljavaćemo dozvoljavaćete dozvoljavaćeš dozvoljavaću dozvoljavaše
faza	fazo
upadati	upadah upadahu upadajmo upadajući upadasmo upadaste upadaće upadaćemo upadaćete upadaćeš upadaću upadaše
zakazati	zakaza zakazah zakazasmo zakazaste zakazavši zakazaće zakazaćete zakazaćeš zakazaše zakažimo
grlo	grlima
dodatan	dodatnima dodatnoga dodatnome dodatnomu
štap	štape šćap
učestvovati	učestvovah učestvovahu učestvovasmo učestvovaste učestvovaćemo učestvovaćete učestvovaćeš učestvovaše učestvujmo učestvujte učestvujući
prostorija	prostorijo
stručnjak	stručnjače
počiniti	počinih počinismo počiniste počinivši počiniće počinićemo počinićete počinićeš počiniću počiniše
razdvojiti	razdvojih razdvojismo razdvojiste razdvojivši razdvojićete razdvojićeš razdvojiću razdvojiše
trenirati	trenirah trenirahu trenirajmo trenirajte trenirasmo treniraste treniraće treniraćete treniraćeš treniraše
generacija	generacijo
osumnjičiti	osumnjiče osumnjiči osumnjičih osumnjičim osumnjičimo osumnjičismo osumnjičiste osumnjičite osumnjičivši osumnjičiće osumnjičićemo osumnjičićete osumnjičićeš osumnjičiću osumnjičiš osumnjičiše
tužiti	tužah tužahu tužasmo tužaste tužaše tuženje tužeći tužih tužismo tužiste tuživši tužićete tužiše
približiti	približenje približih približismo približiste približivši približiće približićemo približićete približićeš približiše
udaljen	najudaljenijeg najudaljenijega najudaljenijem najudaljenijemu najudaljenijima najudaljenijoj najudaljenijom najudaljeniju udaljenijeg udaljenijega udaljenijem udaljenijemu udaljenijih udaljenijim udaljenijima udaljenijoj udaljenijom udaljeniju udaljenima udaljenoga udaljenome udaljenomu
kampanja	kampanjo
tačan	najtačnija najtačnije najtačnijeg najtačnijega najtačnijem najtačnijemu najtačniji najtačnijih najtačnijim najtačnijima najtačnijoj najtačnijom najtačniju tačnijeg tačnijega tačnijem tačnijemu tačnijih tačnijim tačnijima tačnijoj tačnijom tačniju tačnima tačnoga tačnome tačnomu
glasina	glasino glasinom
brisati	brisah brisahu brisasmo brisaste brisaće brisaćemo brisaćete brisaćeš brisaću brisaše
ponos	ponosima
han	hanova hanove hanovi hanovima
skakati	skakah skakahu skakasmo skakaste skakaće skakaćemo skakaćete skakaćeš skakaću skakaše
oštetiti	oštetih oštetismo oštetiste oštetivši oštetiće oštetićemo oštetićete oštetićeš oštetiću oštetiše
povreda	povredo
odvojiti	odvojih odvojismo odvojiste odvojivši odvojiće odvojićete odvojićeš odvojiše
tretirati	tretirah tretirahu tretirajmo tretirasmo tretiraste tretiravši tretiraćete tretiraćeš tretiraše
osmeh	osmeše
lift	lifte
naredni	narednima narednoga narednome narednomu
odobriti	odobrih odobrismo odobriste odobrivši odobriće odobrićemo odobrićete odobrićeš odobriše
liti	lih lij lijah lijahu lijasmo lijaste lijaše lijemo lijete liješ lijmo lijte lijući lismo livenje livši liće lićemo lićete lićeš liću
sneg	snegova snegove snegovima sneže
provera	provero
šetnja	šetnjo
smrdeti	smrdeće smrdećemo smrdećete smrdećeš smrdeću smrđah smrđahu smrđasmo smrđaste smrđaše smrđenje
blokirati	blokirah blokirahu blokirajmo blokirasmo blokiraste blokiravši blokiraće blokiraćete blokiraćeš blokiraše
prebiti	prebih prebijmo prebismo prebiste prebivši prebićete prebićeš prebiše
potrajati	potraj potraja potrajah potrajasmo potrajaste potrajavši potrajaćemo potrajaćete potrajaćeš potrajaću potrajaše potrajem potrajemo potrajete potraješ potrajmo potrajte
upala	upalama
svađa	svađo
nečiji	nečijega nečijemu nečijima
smrtan	smrtnima smrtnome smrtnomu
svedočiti	svedočah svedočahu svedočasmo svedočaste svedočaše svedočeći svedočićemo svedočićete
teret	teretima
partija	partijo
prošetati	prošetah prošetasmo prošetaste prošetavši prošetaće prošetaćete prošetaćeš prošetaše prošeće prošećem prošećete prošećeš prošeću
molitva	molitava molitvo
utorak	utoraka utorcima utorke utorku utorče vtorak
ponedeljak	ponedeljaka ponedeljci ponedeljcima ponedeljku ponedeljče
brada	brado
žut	najžuća najžuće najžućeg najžućega najžućem najžućemu najžući najžućih najžućim najžućima najžućoj najžućom najžuću žlt žutima žutoga žutome žutomu žućeg žućega žućem žućemu žući žućih žućim žućima žućoj žućom
otarasiti	otarasih otarasismo otarasiste otarasivši otarasiće otarasićete otarasićeš otarasiše
svež	najsvežija najsvežijeg najsvežijega najsvežijem najsvežijemu najsvežijih najsvežijim najsvežijima najsvežijoj najsvežijom najsvežiju svežega svežemu svežija svežijeg svežijega svežijem svežijemu svežijih svežijim svežijima svežijoj svežijom svežiju svežima
odjeća	odjećama odjećo
snaći	snađimo snađoh snađosmo snađoste snađoše snašavši
prethodan	prethodnima prethodnoga prethodnome prethodnomu
stric	stričevima
veština	veštino
zajebati	zajebah zajebaj zajebajmo zajebajte zajebasmo zajebaste zajebavši zajebaće zajebaćemo zajebaćete zajebaću zajebaše
trošak	troškom
uvesti	uvedoh uvedosmo uvedoste uvedoše uvevši uvezavši uvezem uvezemo uvezete uvezeš uvezimo uvezite uvezoh uvezosmo uvezoste uvezoše uvezu uvešćete uvešćeš uvoziti
koliki	kolikih kolikima kolikog kolikoga kolikome kolikomu
skupiti	skupismo skupiste skupivši skupiće skupićete skupićeš skupiše
razviti	razvi razvih razvijmo razvismo razviste razvivši razviće razvićemo razvićete razvićeš razviše
teta	tetama
mraz	mrazem mrazovima
bacil	bacilom bacilu
nasilan	najnasilnija najnasilnije najnasilnijeg najnasilnijega najnasilnijem najnasilnijemu najnasilnijih najnasilnijim najnasilnijima najnasilnijoj najnasilnijom najnasilniju nasilnija nasilnijeg nasilnijega nasilnijem nasilnijemu nasilnijih nasilnijim nasilnijima nasilnijoj nasilnijom nasilniju nasilnima nasilnoga nasilnome nasilnomu
guverner	guvernerima
podne	podnevima podnevom podnevu
katastrofa	katastrofo
postupak	postupče
popularan	najpopularnijega najpopularnijem najpopularnijemu najpopularnijima najpopularnijoj najpopularnijom popularnijeg popularnijega popularnijem popularnijemu popularnijih popularnijim popularnijima popularnijoj popularnijom popularniju popularnima popularnoga popularnome popularnomu
besplatan	besplatnima besplatnoga besplatnome besplatnomu
uložiti	uložih uložismo uložiste uloživši uložiće uložićete uložićeš uložiše
rukavica	rukavico
flaša	flašo
hram	hrame
analiza	analizo
čokolada	čokolado
slijediti	slijediće slijedićemo slijedićete slijedićeš slijediću slijeđah slijeđahu slijeđasmo slijeđaste slijeđaše slijeđenje
kurs	kursova kursove kursovi kursovima
preuzimati	preuzimah preuzimahu preuzimaj preuzimajmo preuzimajte preuzimasmo preuzimaste preuzimaće preuzimaćemo preuzimaćete preuzimaćeš preuzimaću preuzimaše preuzimljući
vaditi	vadiće vadićemo vadićete vadićeš vadiću vađah vađahu vađasmo vađaste vađaše
privući	privucimo privukavši privukoh privukosmo privukoste privukoše
lijek	liek
isplatiti	isplatih isplatismo isplatiste isplativši isplatićete isplatićeš isplatiše
uspomena	uspomeno
božićni	božićnima božićnoga božićnome božićnomu
prašina	prašino
zora	zorama
zaposlen	najzaposlenija najzaposlenije najzaposlenijeg najzaposlenijega najzaposlenijem najzaposlenijemu najzaposleniji najzaposlenijih najzaposlenijim najzaposlenijima najzaposlenijoj najzaposlenijom najzaposleniju zaposlenija zaposlenije zaposlenijeg zaposlenijega zaposlenijem zaposlenijemu zaposleniji zaposlenijih zaposlenijim zaposlenijima zaposlenijoj zaposlenijom zaposleniju zaposlenoga zaposlenoj zaposlenome zaposlenomu
količina	količino
rod	rodova rodove rodovi rodovima
ugroziti	ugrozih ugrozismo ugroziste ugrozivši ugroziće ugrozićemo ugrozićete ugrozićeš ugroziću ugroziše
zagrliti	zagrlih zagrlismo zagrliste zagrlivši zagrliće zagrlićemo zagrlićete zagrliše
sport	sporte
letjeti	letjeće letjećemo letjećete letjećeš letjeću lećah lećahu lećasmo lećaste lećaše
boleti	bolenje bolećemo bolećete bolećeš boleći boleću bolim bolimo bolite boliš boljah boljahu boljasmo boljaste boljaše
udoban	najudobnija najudobnijeg najudobnijega najudobnijem najudobnijemu najudobnijih najudobnijim najudobnijima najudobnijoj najudobnijom najudobniju udobnijeg udobnijega udobnijem udobnijemu udobnijih udobnijima udobnijoj udobnijom udobniju udobnima udobnoga udobnome udobnomu
tisuća	tisući tisućo tisućom
in	inih inim inima inog inoga inoj inom inome inomu
tableta	tableto
dolina	dolino
golf	golfe
verzija	verzijo
dužan	dužnih dužnima dužnog dužnoga dužnoj dužnome dužnomu dužnu
diviti	diviće divićemo divićete divićeš diviću divljah divljahu divljasmo divljaste divljaše
smeo	najsmelija najsmelije najsmelijeg najsmelijega najsmelijem najsmelijemu najsmeliji najsmelijih najsmelijim najsmelijima najsmelijoj najsmelijom najsmeliju smelih smelija smelijeg smelijega smelijem smelijemu smelijih smelijim smelijima smelijoj smelijom smeliju smelima smeloga smeloj smelom smelome smelomu smelu
usuditi	usudih usudismo usudiste usudivši usudiće usudićemo usudićete usudićeš usudiše
cev	cevlju
voljan	najvoljnija najvoljnije najvoljnijeg najvoljnijega najvoljnijem najvoljnijemu najvoljniji najvoljnijih najvoljnijim najvoljnijima najvoljnijoj najvoljnijom najvoljniju voljnija voljnije voljnijeg voljnijega voljnijem voljnijemu voljniji voljnijih voljnijim voljnijima voljnijoj voljnijom voljniju voljnim voljnima voljnoga voljnoj voljnom voljnome voljnomu voljnu
pamtiti	pamteći pamtićete pamtićeš pamćah pamćahu pamćasmo pamćaste pamćaše
prekršiti	prekrših prekršismo prekršiste prekršivši prekršiće prekršićemo prekršićete prekršićeš prekršiše
redak	najređeg najređega najređem najređemu najređim najređima najređoj najređom najređu retkima retkoga retkome retkomu ređeg ređega ređem ređemu ređih ređim ređima ređoj ređom ređu
veš	vešem
borac	borče
odreći	odrecimo odrekavši odreknimo odrekoh odrekosmo odrekoste odrekoše odreku odreče odrečem odrečemo odrečete odrečeš odricati
fokusirati	fokusirah fokusirahu fokusirasmo fokusiraste fokusiravši fokusiraće fokusiraćete fokusiraćeš fokusiraše
lečiti	lečah lečahu lečasmo lečaste lečaše lečiće lečićemo lečićete lečićeš lečiću
kriza	krizo
seme	semenima
premijer	premijerima
raspoložiti	raspolože raspoloži raspoložih raspoložim raspoložimo raspoložismo raspoložiste raspoložite raspoloživši raspoložiće raspoložićemo raspoložićete raspoložićeš raspoložiću raspoložiš raspoložiše
stres	stresovi stresovima
vladati	vladah vladahu vladajmo vladajte vladasmo vladaste vladaćete vladaše
sigurnosni	sigurnosnima sigurnosnoga sigurnosnome sigurnosnomu
zakopati	zakopah zakopasmo zakopaste zakopavši zakopaćete zakopaćeš zakopaše
podržavati	podržavah podržavahu podržavaj podržavajmo podržavajte podržavasmo podržavaste podržavaće podržavaćemo podržavaćete podržavaćeš podržavaću podržavaše
sarađivati	sarađivah sarađivahu sarađivanje sarađivasmo sarađivaste sarađivaćete sarađivaćeš sarađivaše sarađujmo sarađujući
potpunost	potpunostima potpunošću
olovka	olovko
nedeljni	nedeljnima nedeljnoga nedeljnome nedeljnomu
pojavljivati	pojavljivah pojavljivahu pojavljivasmo pojavljivaste pojavljivaće pojavljivaćemo pojavljivaćete pojavljivaćeš pojavljivaću pojavljivaše pojavljujmo pojavljujte pojavljujući
uho	ušesa ušesima
moguć	mogućega mogućemu mogućima
talac	taoče
ivica	ivico
naviknuti	naviknimo naviknuh naviknusmo naviknuste naviknuvši naviknuće naviknućemo naviknuću naviknuše navikoh navikosmo navikoste navikoše naviče
polomiti	polomih polomismo polomiste polomivši polomićete polomiše
zamisao	zamišlju
ukazivati	ukazivah ukazivahu ukazivasmo ukazivaste ukazivaće ukazivaćemo ukazivaćete ukazivaćeš ukazivaću ukazivaše ukazuj ukazujemo ukazujmo ukazujte
tuga	tugama
doživeti	doživeh doživesmo doživeste doživevši doživećemo doživeše
praznik	prazniče
kamenje	kamenjima
progovoriti	progovorih progovorismo progovoriste progovorivši progovorićemo progovorićete progovoriše
vežba	vežbo
tanak	najtanja najtanje najtanjeg najtanjega najtanjem najtanjemu najtanjih najtanjim najtanjima najtanjoj najtanjom najtanju tanjeg tanjega tanjem tanjemu tanjih tanjim tanjima tanjoj tankima tankoga tankome tankomu
rima	rimo
društven	društvenija društvenije društvenijeg društvenijega društvenijem društvenijemu društveniji društvenijih društvenijim društvenijima društvenijoj društvenijom društveniju društvenima društvenoga društvenome društvenomu najdruštvenija najdruštvenije najdruštvenijeg najdruštvenijega najdruštvenijem najdruštvenijemu najdruštveniji najdruštvenijih najdruštvenijim najdruštvenijima najdruštvenijoj najdruštvenijom najdruštveniju
novčanik	novčaniče
ispričavati	ispričavah ispričavahu ispričavajmo ispričavaju ispričavajući ispričavanje ispričavasmo ispričavaste ispričavate ispričavaće ispričavaćemo ispričavaćete ispričavaćeš ispričavaću ispričavaše
poželjeti	poželje poželjeh poželjesmo poželjeste poželjevši poželjeće poželjećemo poželjećete poželjećeš poželjeću poželješe
parkirati	parkirah parkirahu parkirajmo parkirajući parkirasmo parkiraste parkiravši parkiraće parkiraćete parkiraćeš parkiraše
utisak	utišče
pogodak	pogocima pogodci pogodcima
novost	novošću
podržati	podrža podržah podržasmo podržaste podržavši podržaćete podržaše
boj	bojem bojevi bojevima
jedinstven	jedinstvenima jedinstvenoga jedinstvenome jedinstvenomu
brojati	brojah brojahu brojasmo brojaste brojaće brojaćete brojaćeš brojaše brojmo
zec	zecovi
armija	armijo
kultura	kulturo
pobednik	pobedniče
cent	centom
obrok	obroče
nagovoriti	nagovorih nagovorismo nagovoriste nagovorivši nagovoriće nagovorićemo nagovorićete nagovorićeš nagovoriše
odnijeti	odnesoh odnesosmo odnesoste odnesoše odnije odnijeh odnijesmo odnijeste odnijeta odnijete odnijeto odnijevši odnijeće odnijećemo odnijećete odnijećeš odniješe
indij	indijima
kauč	kauči kaučima
mržnja	mržnjama mržnjo
tehnički	tehničkima tehničkoga tehničkome tehničkomu
mamica	mamicama
zastava	zastavo
večerati	večerah večerahu večerajući večerasmo večeraste večeravši večeraće večeraćete večeraše
uvreda	uvredo
nastati	nastadoh nastadosmo nastadoste nastadoše nastah nastanem nastanemo nastanete nastaneš nastanimo nastanite nastasmo nastaste nastavši nastaćemo nastaćete nastaćeš nastaću nastaše
svidjeti	svidimo svidje svidjeh svidjesmo svidjeste svidjevši svidjećemo svidjećete svidjećeš svidjeću svidješe
teritorij	teritorijima
mudo	mudom mudu
čizma	čizmo
prisutan	najprisutnija najprisutnije najprisutnijeg najprisutnijega najprisutnijem najprisutnijemu najprisutniji najprisutnijih najprisutnijim najprisutnijima najprisutnijoj najprisutnijom najprisutniju prisutnija prisutnije prisutnijeg prisutnijega prisutnijem prisutnijemu prisutniji prisutnijih prisutnijim prisutnijima prisutnijoj prisutnijom prisutniju prisutnoga prisutnoj prisutnome prisutnomu
biblioteka	biblioteko
zadržavati	zadržavah zadržavahu zadržavajmo zadržavasmo zadržavaste zadržavaće zadržavaćemo zadržavaćete zadržavaćeš zadržavaću zadržavaše
sitan	najsitnija najsitnijega najsitnijem najsitnijemu najsitnijim najsitnijima najsitnijoj najsitnijom najsitniju sitnija sitnijeg sitnijega sitnijem sitnijemu sitnijih sitnijim sitnijima sitnijoj sitnijom sitniju sitnima sitnome sitnomu
usvojiti	usvajati usvojih usvojismo usvojiste usvojivši usvojiće usvojićete usvojićeš usvojiše
mašta	maštama mašto
pripaziti	pripazih pripazismo pripaziste pripazivši pripaziće pripazićete pripazićeš pripaziše
istočni	istočnija istočnijeg istočnijega istočnijem istočnijemu istočniji istočnijih istočnijim istočnijima istočnijoj istočnijom istočniju istočnima istočnoga istočnome istočnomu najistočnija najistočnije najistočnijeg najistočnijega najistočnijem najistočnijemu najistočniji najistočnijih najistočnijim najistočnijima najistočnijoj najistočnijom najistočniju
uprava	upravama
smena	smeno
liječnik	liječniče
negativan	najnegativnija najnegativnije najnegativnijeg najnegativnijega najnegativnijem najnegativnijemu najnegativniji najnegativnijih najnegativnijim najnegativnijima najnegativnijoj najnegativnijom najnegativniju negativnija negativnije negativnijeg negativnijega negativnijem negativnijemu negativniji negativnijih negativnijim negativnijima negativnijoj negativnijom negativniju negativnima negativnoga negativnome negativnomu
beskoristan	beskorisnija beskorisnije beskorisnijeg beskorisnijega beskorisnijem beskorisnijemu beskorisniji beskorisnijih beskorisnijim beskorisnijima beskorisnijoj beskorisnijom beskorisniju beskorisnima beskorisnoga beskorisnoj beskorisnome beskorisnomu najbeskorisnija najbeskorisnije najbeskorisnijeg najbeskorisnijega najbeskorisnijem najbeskorisnijemu najbeskorisniji najbeskorisnijih najbeskorisnijim najbeskorisnijima najbeskorisnijoj najbeskorisnijom najbeskorisniju
naoružati	naoružah naoružajmo naoružam naoružasmo naoružaste naoružate naoružavši naoružaće naoružaćemo naoružaćete naoružaćeš naoružaću naoružaš naoružaše
privlačiti	privlačah privlačahu privlačasmo privlačaste privlačaše privlačiće privlačićemo privlačićete privlačićeš privlačiću
prisustvo	prisustvima
iskopati	iskapati iskopah iskopajmo iskopasmo iskopaste iskopavši iskopaćete iskopaćeš iskopaše
okolina	okolinama okolino
naljutiti	naljutih naljutismo naljutiste naljutivši naljutićemo naljutićete naljutiše
obrisati	obrisa obrisah obrisasmo obrisaste obrisavši obrisaće obrisaćete obrisaćeš obrisaše obrišimo
suv	najsuvlja najsuvlje najsuvljeg najsuvljega najsuvljem najsuvljemu najsuvlji najsuvljih najsuvljim najsuvljima najsuvljoj najsuvljom najsuvlju suvima suvljeg suvljega suvljem suvljemu suvlji suvljih suvljim suvljima suvljoj suvljom suvlju suvoga suvome suvomu
pećina	pećino
obesiti	obesih obesismo obesiste obesivši obesićete obesićeš obesiše
garantovati	garantova garantovah garantovahu garantovanje garantovasmo garantovaste garantovavši garantovaće garantovaćemo garantovaćete garantovaćeš garantovaću garantovaše garantuj garantujmo garantujte garantujući
izbegavati	izbegavah izbegavahu izbegavajmo izbegavasmo izbegavaste izbegavaće izbegavaćemo izbegavaćete izbegavaćeš izbegavaću izbegavaše
mio	milih milijeg milijega milijem milijemu miliji milijih milijim milijima milijoj milijom miliju milima miloj milome milomu najmilijeg najmilijega najmilijem najmilijemu najmilijim najmilijima najmilijoj najmilijom najmiliju
odseći	odsecati odsecimo odsekavši odsekoh odsekosmo odsekoste odsekoše
meriti	merah merahu merasmo meraste meraše merena merene mereni merile meriće merićemo merićete merićeš meriću
krvav	krvavija krvavijeg krvavijega krvavijem krvavijemu krvaviji krvavijih krvavijim krvavijima krvavijoj krvavijom krvaviju krvavima krvavoga krvavome krvavomu najkrvavija najkrvavije najkrvavijeg najkrvavijega najkrvavijem najkrvavijemu najkrvavijim najkrvavijima najkrvavijoj najkrvavijom najkrvaviju
ograda	ogrado
smesti	smetem smetemo smetene smetete smeteš smetimo smetite smetoh smetosmo smetoste smetoše smetu smevši smešće smešćemo smešćete smešćeš smešću
kesa	keso
mijenjati	mijenjah mijenjahu mijenjajmo mijenjasmo mijenjaste mijenjaće mijenjaćemo mijenjaćete mijenjaćeš mijenjaću mijenjaše
spuštati	spuštah spuštahu spuštajmo spuštasmo spuštaste spuštaće spuštaćemo spuštaćete spuštaćeš spuštaću spuštaše
četvrtak	četvrci četvrcima četvrke četvrtku četvrče
salata	salato
ogrlica	ogrlico
težina	težinama težino
oporaviti	oporavih oporavismo oporaviste oporavivši oporavićemo oporavićete oporaviše
steći	stecimo stecite stekavši steknimo steknite steknuh steknusmo steknuste steknuti steknuše stekoh stekosmo stekoste stekoše steku steče stečem stečemo stečete stečeš
tlo	tlima
nuklearni	nuklearnima nuklearnoga nuklearnomu
navika	naviko
tekst	tekste
presvući	presvucimo presvukavši presvukoh presvukosmo presvukoste presvukoše
promašiti	promaših promašismo promašiste promašivši promašiće promašićemo promašićete promašiću promašiše
izbrisati	izbrisa izbrisah izbrisasmo izbrisaste izbrisavši izbrisaćete izbrisaćeš izbrisaše izbrišimo
napiti	napih napijati napismo napiste napivši napiće napićete
proglasiti	proglasih proglasismo proglasiste proglasivši proglasićete proglasićeš proglasiše
patnja	patnjo
pjevati	pievati pjevah pjevahu pjevasmo pjevaste pjevaće pjevaćemo pjevaćete pjevaćeš pjevaću pjevaše
presuda	presudo
nacija	nacijo
mokar	mokrija mokrije mokrijeg mokrijega mokrijem mokrijemu mokriji mokrijih mokrijim mokrijima mokrijoj mokrijom mokriju mokrima mokroga mokrome mokromu najmokrija najmokrije najmokrijeg najmokrijega najmokrijem najmokrijemu najmokriji najmokrijih najmokrijim najmokrijima najmokrijoj najmokrijom najmokriju
vrijediti	vrijedeći vrijedimo vrijediće vrijedićemo vrijedićete vrijedićeš vrijediću vrijeđah vrijeđahu vrijeđasmo vrijeđaste vrijeđaše vrijeđenje
maj	majem majeva majeve majevi majevima
pristajati	pristaj pristajah pristajahu pristajajući pristajasmo pristajaste pristajaće pristajaćemo pristajaćete pristajaćeš pristajaću pristajaše pristajmo pristajte
studirati	studirah studirahu studiraj studirajmo studirajte studirasmo studiraste studiraće studiraćemo studiraćete studiraćeš studiraše
krvni	krvnima krvnoga krvnome krvnomu
hapsiti	hapseći hapsiće hapsićemo hapsićete hapsićeš hapsiću hapšah hapšahu hapšasmo hapšaste hapšaše
nervirati	nervirah nervirahu nervirajmo nervirajući nervirasmo nerviraste nerviraće nerviraćemo nerviraćete nerviraćeš nerviraću nerviraše
papa	papama
otkrivati	otkrivah otkrivahu otkrivajmo otkrivajte otkrivasmo otkrivaste otkrivaće otkrivaćemo otkrivaćete otkrivaćeš otkrivaću otkrivaše
upisati	upisah upisasmo upisaste upisavši upisaće upisaćete upisaćeš upisaše upišimo
revolucija	revolucijo
profesionalan	najprofesionalnija najprofesionalnije najprofesionalnijeg najprofesionalnijega najprofesionalnijem najprofesionalnijemu najprofesionalniji najprofesionalnijih najprofesionalnijim najprofesionalnijima najprofesionalnijoj najprofesionalnijom najprofesionalniju profesionalnija profesionalnijeg profesionalnijega profesionalnijem profesionalnijemu profesionalniji profesionalnijih profesionalnijim profesionalnijima profesionalnijoj profesionalnijom profesionalniju profesionalnima profesionalnoga profesionalnome profesionalnomu
dlaka	dlako dlačetina
zatražiti	zatražih zatražismo zatražiste zatraživši zatražiće zatražićemo zatražićete zatražićeš zatražiše
istinit	istinitija istinitijeg istinitijega istinitijem istinitijemu istinitiji istinitijih istinitijim istinitijima istinitijoj istinitijom istinitiju istinitima istinitoga istinitome istinitomu najistinitija najistinitije najistinitijeg najistinitijega najistinitijem najistinitijemu najistinitiji najistinitijih najistinitijim najistinitijima najistinitijoj najistinitijom najistinitiju
pesak	pesaka pesci pescima pešče
pokloniti	poklonih poklonismo pokloniste poklonivši pokloniće poklonićemo poklonićete poklonićeš pokloniše
pružati	pružah pružahu pružajmo pružasmo pružaste pružaće pružaćemo pružaćete pružaćeš pružaću pružaše
promjena	promjeno
pomiriti	pomirih pomirismo pomiriste pomirivši pomiriće pomirićemo pomirićete pomirićeš
pomisao	pomislima pomišlju
neobičan	najneobičnijeg najneobičnijega najneobičnijem najneobičnijemu najneobičnijim najneobičnijima najneobičnijoj najneobičnijom najneobičniju neobičnija neobičnijeg neobičnijega neobičnijem neobičnijemu neobičniji neobičnijih neobičnijim neobičnijima neobičnijoj neobičnijom neobičniju neobičnima neobičnoga neobičnome neobičnomu
razni	raznima raznoga raznoj raznom raznome raznomu
pretiti	pretiće pretićemo pretićete pretićeš pretiću prećah prećahu prećasmo prećaste prećaše prećenje
čarapa	čarapo
fantastičan	fantastičnima fantastičnoga fantastičnome fantastičnomu
uzbuna	uzbunama uzbuno
sedmica	sedmico
nestajati	nestaj nestajah nestajahu nestajasmo nestajaste nestajaće nestajaćemo nestajaćete nestajaćeš nestajaću nestajaše nestajete nestajmo nestajte
misterij	misterijem misterijima
vući	vucijah vucijahu vucijasmo vucijaste vucijaše vucimo vukavši vukoh vukosmo vukoste vukoše vučah vučahu vučasmo vučaste vučaše
piletina	piletino
pička	pičci
tuđ	tuđega tuđemu tuđima
avantura	avanturo
vjenčanje	vienčanje
žurba	žurbama žurbo
tradicija	tradicijo
prevelik	prevelikima prevelikoga prevelikome prevelikomu
odmarati	odmarah odmarahu odmarajmo odmarajući odmarasmo odmaraste odmaraće odmaraćemo odmaraćete odmaraćeš odmaraše
socijalan	socijalnima socijalnoga socijalnome socijalnomu
blag	blagima blagoga blagome blagomu blažeg blažega blažem blažemu blažih blažim blažima blažoj blažom najblaža najblažeg najblažega najblažem najblažemu najblaži najblažih najblažim najblažima najblažoj najblažom najblažu
komunikacija	komunikacijo
nokat	noktu
dvostruk	dvostrukima dvostrukoga dvostrukome dvostrukomu
udat	udatima udatog udatoga udatome udatomu
sit	najsitija najsitije najsitijeg najsitijega najsitijem najsitijemu najsitiji najsitijih najsitijim najsitijima najsitijoj najsitijom najsitiju sitih sitije sitijeg sitijega sitijem sitijemu sitiji sitijih sitijim sitijima sitijoj sitijom sitim sitima sitog sitoga sitoj sitom sitome sitomu
zaliha	zaliho
izlečiti	izlečih izlečismo izlečiste izlečivši izlečićete izlečićeš izlečiše
porasti	porastavši porastimo porastite porastoh porastosmo porastoste porastoše porašćemo porašćete porašćeš porašću
cijena	cijeno
tehnika	tehniki tehniko
rudnik	rudniče
emocija	emociji emocijo emocijom
napredak	napredaka napredci napredcima napredke
nadzor	nadzore nadzori nadzorima
pucnjava	pucnjavo
zadužiti	zaduže zadužih zadužimo zadužismo zadužiste zadužite zaduživši zadužiće zadužićemo zadužićete zadužićeš zadužiću zadužiš zadužiše
sastati	sastade sastadoh sastadosmo sastadoste sastadoše sastavši sastaćete
proširiti	proširih proširismo proširiste proširivši proširićete proširićeš proširiše
prijati	prijah prijahu prijaj prijajmo prijajte prijajući prijamo prijanje prijasmo prijaste prijate prijaćemo prijaćete prijaćeš prijaću prijaš prijaše
srčan	najsrčanija najsrčanije najsrčanijeg najsrčanijega najsrčanijem najsrčanijemu najsrčaniji najsrčanijih najsrčanijim najsrčanijima najsrčanijoj najsrčanijom najsrčaniju srčanija srčanije srčanijeg srčanijega srčanijem srčanijemu srčaniji srčanijih srčanijim srčanijima srčanijoj srčanijom srčaniju srčanima srčano srčanoga srčanoj srčanome srčanomu
stopa	stopo
grub	grubima grubljeg grubljega grubljem grubljemu grubljih grubljim grubljima grubljoj grubljom grublju gruboga grubome grubomu najgrublja najgrublje najgrubljeg najgrubljega najgrubljem najgrubljemu najgrublji najgrubljih najgrubljim najgrubljima najgrubljoj najgrubljom najgrublju
graditi	gradićemo gradićete gradićeš građah građahu građasmo građaste građaše
osvetiti	osvetih osvetismo osvetiste osvetivši osvetićete osvetićeš osvetiše
dokazivati	dokazivah dokazivahu dokazivasmo dokazivaste dokazivaće dokazivaćemo dokazivaćete dokazivaćeš dokazivaću dokazivaše dokazuj dokazujmo dokazujte
vitez	vitezima
razlikovati	razlikovah razlikovahu razlikovanje razlikovasmo razlikovaste razlikovaće razlikovaćemo razlikovaćete razlikovaćeš razlikovaću razlikovaše razlikuj razlikujmo razlikujte razlikujući
pravni	pravnima pravnoga pravnome pravnomu
suština	suštinama suštino
šaka	šako šačetina
koliba	kolibo
tkati	tkah tkahu tkaj tkajmo tkajte tkaju tkajući tkam tkamo tkan tkana tkane tkani tkanje tkano tkasmo tkaste tkate tkavši tkaće tkaćemo tkaćete tkaćeš tkaću tkaš tkaše čem čući
liga	ligo
forma	formo
naredba	naredaba naredbo
nahraniti	nahranih nahranismo nahraniste nahranivši nahranićete nahranićeš nahraniše
uloviti	ulovih ulovismo uloviste ulovivši ulovićete ulovićeš uloviše
utvrditi	tvrdivši utvrdih utvrdismo utvrdiste utvrdiće utvrdićete utvrdićeš utvrdiću utvrdiše utvrđivati
iseći	isecati isecimo isekavši isekoh isekosmo isekoste isekoše
meden	medenih medenija medenije medenijeg medenijega medenijem medenijemu medeniji medenijih medenijim medenijima medenijoj medenijom medeniju medenima medenoga medenoj medenomu najmedenija najmedenije najmedenijeg najmedenijega najmedenijem najmedenijemu najmedeniji najmedenijih najmedenijim najmedenijima najmedenijoj najmedenijom najmedeniju
popis	popisima
sebičan	najsebičnije najsebičnijeg najsebičnijega najsebičnijem najsebičnijemu najsebičnijih najsebičnijim najsebičnijima najsebičnijoj najsebičnijom najsebičniju sebičnija sebičnije sebičnijeg sebičnijega sebičnijem sebičnijemu sebičniji sebičnijih sebičnijim sebičnijima sebičnijoj sebičnijom sebičniju sebičnima sebičnoga sebičnoj sebičnome sebičnomu
plamen	plamenih plamenima plamenog plamenoga plamenoj plamenome plamenomu
napet	najnapetija najnapetije najnapetijeg najnapetijega najnapetijem najnapetijemu najnapetiji najnapetijih najnapetijim najnapetijima najnapetijoj najnapetijom najnapetiju napetijeg napetijega napetijem napetijemu napetijih napetijim napetijima napetijoj napetijom napetiju napetima napetog napetoga napetoj napetome napetomu
preostati	preostade preostadoh preostadosmo preostadoste preostadoše preostajati preostanem preostanemo preostanete preostaneš preostani preostanimo preostanite preostanu preostavši preostaće preostaćemo preostaćete preostaćeš preostaću
koristan	korisnijeg korisnijega korisnijem korisnijemu korisnijih korisnijim korisnijima korisnijoj korisnijom korisniju korisnima korisnoga korisnoj korisnome korisnomu najkorisnija najkorisnije najkorisnijeg najkorisnijega najkorisnijem najkorisnijemu najkorisnijih najkorisnijim najkorisnijima najkorisnijoj najkorisnijom najkorisniju
vatren	najvatrenija najvatrenije najvatrenijeg najvatrenijega najvatrenijem najvatrenijemu najvatreniji najvatrenijih najvatrenijim najvatrenijima najvatrenijoj najvatrenijom najvatreniju vatrenija vatrenije vatrenijeg vatrenijega vatrenijem vatrenijemu vatreniji vatrenijih vatrenijim vatrenijima vatrenijoj vatrenijom vatreniju vatrenima vatrenoga vatrenome vatrenomu
supa	supama supo
mentalni	mentalnima mentalnoga mentalnome mentalnomu
medij	medijem
odrediti	odredih odredismo odredivši odredićete odredićeš odrediše
uvjeriti	uvjerih uvjerismo uvjeriste uvjerivši uvjeriće uvjerićemo uvjerićete uvjerićeš uvjeriću uvjeriše
seći	secijah secijahu secijasmo secijaste secijaše secimo sekavši sekle seklo sekoh sekosmo sekoste sekoše sekući sečen sečena
ožiljak	ožiljče
djed	died djedi djedima djedovima
sportski	sportskima sportskoga sportskome sportskomu
odmaknuti	odmakavši odmaknuh odmaknula odmaknule odmaknuli odmaknulo odmaknusmo odmaknuste odmaknuvši odmaknuše odmakoh odmakosmo odmakoste odmakoše odmače
baterija	baterijo
frizura	frizuro
zamak	zamaka zamcima zamče
nagoditi	nagodih nagodismo nagodiste nagodivši nagodiće nagodićete nagodićeš nagodiše
uobičajen	najuobičajenija najuobičajenije najuobičajenijeg najuobičajenijega najuobičajenijem najuobičajenijemu najuobičajeniji najuobičajenijih najuobičajenijim najuobičajenijima najuobičajenijoj najuobičajenijom najuobičajeniju uobičajenija uobičajenije uobičajenijeg uobičajenijega uobičajenijem uobičajenijemu uobičajeniji uobičajenijih uobičajenijim uobičajenijima uobičajenijoj uobičajenijom uobičajeniju uobičajenima uobičajenoga uobičajenome uobičajenomu
razuman	najrazumnijeg najrazumnijega najrazumnijem najrazumnijemu najrazumnijih najrazumnijim najrazumnijima najrazumnijoj najrazumnijom najrazumniju razumnijeg razumnijega razumnijem razumnijemu razumnijih razumnijim razumnijima razumnijoj razumnijom razumniju razumnima razumnoga razumnome razumnomu
konferencija	konferencijo
osetljiv	najosetljivija najosetljivije najosetljivijeg najosetljivijega najosetljivijem najosetljivijemu najosetljivijih najosetljivijim najosetljivijima najosetljivijoj najosetljivijom najosetljiviju osetljivijeg osetljivijega osetljivijem osetljivijemu osetljivijih osetljivijim osetljivijima osetljivijoj osetljivijom osetljiviju osetljivima osetljivoga osetljivome osetljivomu
naučan	naučnima naučnoga naučnome naučnomu
glasan	glasnijeg glasnijega glasnijem glasnijemu glasnijih glasnijim glasnijima glasnijoj glasnijom glasniju glasnima glasnoga glasnoj glasnome glasnomu najglasnijeg najglasnijega najglasnijem najglasnijemu najglasnijih najglasnijim najglasnijima najglasnijoj najglasnijom najglasniju
ubrzati	ubrzah ubrzasmo ubrzaste ubrzavši ubrzaćete ubrzaćeš ubrzaše
med	medova medove medovi medovima
napadati	napadah napadahu napadajmo napadasmo napadaste napadaće napadaćemo napadaćete napadaćeš napadaću napadaše
brati	berah berahu berasmo beraste beraše berijah berijahu berijasmo berijaste berijaše berimo berite berući brahu brasmo braste bravši braćemo braćete braćeš braše
tužba	tužbo
pišati	pišah pišahu pišajmo pišajte pišajući pišasmo pišaste pišaćemo pišaćete pišaćeš pišaše
seljak	seljakinja
rasa	raso
žalost	žalostima
tetovaža	tetovažo
zadovoljiti	zadovoljih zadovoljismo zadovoljiste zadovoljivši zadovoljiće zadovoljićemo zadovoljićete zadovoljićeš zadovoljiše
ispostaviti	ispostavih ispostavim ispostavimo ispostavismo ispostaviste ispostavite ispostavivši ispostaviće ispostavićemo ispostavićete ispostavićeš ispostaviću ispostaviš ispostaviše
kupac	kupče
nauditi	naudih naudismo naudiste naudivši naudiće naudićemo naudićete naudićeš naudiću naudiše
barbar	barbarima
puca	pucama puco pucom
dugačak	dugačkima dugačkoga dugačkome dugačkomu
prenos	prenosima
lampa	lampo
dočekati	dočekah dočekasmo dočekaste dočekavši dočekaćete dočekaćeš dočekaše
častiti	časteći častiće častićemo častićete častićeš čašćah čašćahu čašćasmo čašćaste čašćavati čašćaše
atmosfera	atmosferama atmosfero
japanski	japanskima japanskoga japanskome japanskomu
cijeniti	cijeneći cijeniće cijenićemo cijenićete cijenićeš cijeniću cijenjah cijenjahu cijenjasmo cijenjaste cijenjaše cijenjenje
bašta	bašto
smrad	smradovima
tvrtka	tvrtko
paliti	palivši paliće palićemo palićete palićeš paliću paljah paljahu paljasmo paljaste paljaše
drogirati	drogirah drogirahu drogirajmo drogirajte drogirajući drogirasmo drogiraste drogiravši drogiraće drogiraćemo drogiraćete drogiraćeš drogiraću drogiraše
kreditni	kreditnima kreditnoga kreditnome kreditnomu
povećati	povećah povećasmo povećaste povećavši povećaćete povećaćeš povećaše
preskočiti	preskočih preskočismo preskočiste preskočivši preskočiće preskočićete preskočićeš preskočiše
groblje	grobalja grobje
izložiti	izložih izložismo izložiste izloživši izložiće izložićemo izložićete izložićeš izložiše
akademija	akademijama akademijo akademijom akademijski
profesionalac	profesionalče
uvaliti	uvalih uvalismo uvaliste uvalivši uvalićemo uvalićete uvaliću uvališe uvaljivati
vježbati	vježbah vježbahu vježbajmo vježbajući vježbasmo vježbaste vježbaće vježbaćemo vježbaćete vježbaćeš vježbaću vježbaše
nevidljiv	nevidljivoga nevidljivome nevidljivomu
alat	alatni
flota	flotama floto
nakit	nakite
ponijeti	ponesena ponesene poneseni poneseno ponesoh ponesosmo ponesoste ponesoše ponesujući ponijah ponijahu ponijasmo ponijaste ponijaše ponijeh ponijesmo ponijeste ponijevši ponijeće ponijećemo ponijećete ponijećeš ponijeću poniješe
veličanstven	veličanstvenima veličanstvenoga veličanstvenome veličanstvenomu
prilagoditi	prilagodih prilagodismo prilagodiste prilagodivši prilagodiće prilagodićete prilagodićeš prilagodiše
blizanac	blizancom blizanče
bosti	bodemo bodene bodeni bodenje bodeno bodijah bodijahu bodijasmo bodijaste bodijaše bodimo bodite bodoh bodosmo bodoste bodoše bodući bovši bošće bošćemo bošćete bošćeš bošću
električni	električnima električnoga električnome električnomu
kruna	kruno
bejzbol	bejzbole
običaj	običajem
smrtonosan	smrtonosnima smrtonosnoga smrtonosnome smrtonosnomu
uhititi	uhitih uhitismo uhitiste uhitivši uhitiće uhitićemo uhitićete uhitićeš uhitiću uhitiše
nestanak	nestanče
cigara	cigaro
peći	pecijah pecijahu pecijasmo pecijaste pecijaše pecimo pekavši pekoh pekosmo pekoste pekoše pekući pečah pečahu pečasmo pečaste pečaše
grčki	grčkima grčkoga grčkome grčkomu
izabran	izabranoga izabranoj izabranome izabranomu
podizati	podizah podizahu podizasmo podizaste podizaće podizaćemo podizaćete podizaćeš podizaću podizaše podižimo
poludjeti	poludivši poludje poludjeh poludjesmo poludjeste poludjeće poludjećemo poludjećete poludjećeš poludjeću poludješe
stideti	stideće stidećemo stidećete stidećeš stideći stideću stiđah stiđahu stiđasmo stiđaste stiđaše
pamćenje	pamćenjima
pila	pilama
popuniti	popunih popunismo popuniste popunivši popuniće popunićemo popunićete popunićeš popuniše
privesti	privedoh privedosmo privedoste privedoše privevši privešće privešćete privešćeš privoditi
sos	sosova sosovi sosovima
trupa	trupo
zaključiti	zaključih zaključismo zaključiste zaključivši zaključiće zaključićemo zaključićete zaključićeš zaključiću zaključiše
dospeti	dospeh dospesmo dospeste dospevši dospeće dospećemo dospećete dospećeš dospeću dospeše dospij dospijmo dospijte
predak	pretkom
detinjstvo	detinjstava detinjstvima
tragedija	tragedijo
čuditi	čudeći čudimo čudiće čudićemo čudićete čudićeš čudiću čuđah čuđahu čuđasmo čuđaste čuđaše
afera	afero
otmica	otmico
dugme	dugmetima
uvrediti	uvredih uvredismo uvrediste uvredivši uvrediće uvredićemo uvredićete uvrediću uvrediše
matematika	matematikama matematiko
tacna	tacnama tacnom
nedostatak	nedostače
crv	črv
pozitivan	najpozitivnija najpozitivnije najpozitivnijeg najpozitivnijega najpozitivnijem najpozitivnijemu najpozitivniji najpozitivnijih najpozitivnijim najpozitivnijima najpozitivnijoj najpozitivnijom najpozitivniju pozitivnija pozitivnijeg pozitivnijega pozitivnijem pozitivnijemu pozitivnijih pozitivnijim pozitivnijima pozitivnijoj pozitivnijom pozitivniju pozitivnima pozitivnoga pozitivnome pozitivnomu
ispadati	ispadah ispadahu ispadajmo ispadajući ispadasmo ispadaste ispadaće ispadaćemo ispadaćete ispadaćeš ispadaću ispadaše
vrijedan	najvrednijeg najvrednijega najvrednijem najvrednijemu najvrednijim najvrednijima najvrednijoj najvrednijom vrednijega vrednijem vrednijemu vrednijih vrednijim vrednijima vrednijoj vrednijom vredniju vrijednima vrijednoga vrijednoj vrijednome vrijednomu
grof	grofove grofovima
pozivati	pozivah pozivahu pozivajmo pozivajte pozivasmo pozivaste pozivaće pozivaćemo pozivaćete pozivaćeš pozivaću pozivaše pozivlje pozivljem pozivljemo pozivljete pozivlješ pozivlji pozivljimo pozivljite pozivlju pozivljući
gospa	gospama
rika	rikama
puls	pulsova pulsove pulsovi pulsovima
romantičan	najromantičnijeg najromantičnijega najromantičnijem najromantičnijemu najromantičnijih najromantičnijim najromantičnijima najromantičnijoj najromantičnijom najromantičniju romantičnija romantičnijeg romantičnijega romantičnijem romantičnijemu romantičnijih romantičnijim romantičnijima romantičnijoj romantičnijom romantičniju romantičnima romantičnoga romantičnome romantičnomu
filmski	filmskima filmskoga filmskome filmskomu
stoka	stokama
blagosloviti	blagosivati blagosivljati blagoslivljati blagoslovih blagoslovismo blagosloviste blagoslovivši blagosloviće blagoslovićemo blagoslovićete blagoslovićeš blagosloviću blagosloviše
ujesti	ujedavši ujedemo ujedete ujedimo ujedite ujedoh ujedosmo ujedoste ujedoše ujele ujevši uješćemo uješćete uješćeš
protivnik	protivniče
panika	panikama paniko
alibi	alibijima
oblačiti	oblačah oblačahu oblačasmo oblačaste oblačaše oblačijah oblačijahu oblačijasmo oblačijaste oblačijaše oblačiće oblačićemo oblačićete oblačićeš oblačiću
otpor	otpore otpori otporima
polaziti	polaziće polazićemo polazićete polazićeš polaziću polažah polažahu polažasmo polažaste polažaše polaženje
kloniti	kloneći kloniće klonićemo klonićete klonićeš kloniću klonjah klonjahu klonjasmo klonjaste klonjaše klonjenje
nežan	najnežnijeg najnežnijega najnežnijem najnežnijemu najnežnijih najnežnijim najnežnijima najnežnijoj najnežnijom najnežniju nežnijeg nežnijega nežnijem nežnijemu nežnijih nežnijim nežnijima nežnijoj nežnijom nežnima nežnoga nežnome nežnomu
medicina	medicino
tuča	tučo
kocka	kocaka kocko
sklopiti	sklopih sklopismo sklopiste sklopivši sklopiće sklopićete sklopićeš sklopiše
stalan	najstalnija najstalnije najstalnijeg najstalnijega najstalnijem najstalnijemu najstalniji najstalnijih najstalnijim najstalnijima najstalnijoj najstalnijom najstalniju stalnija stalnije stalnijeg stalnijega stalnijem stalnijemu stalniji stalnijih stalnijim stalnijima stalnijoj stalnijom stalniju stalnima stalnoga stalnome stalnomu
poštedeti	poštedeh poštedesmo poštedeste poštedevši poštedećete poštedećeš poštedeše
drama	dramo
kokain	kokaine
odvezati	odveza odvezah odvezasmo odvezaste odvezavši odvezaće odvezaćemo odvezaćete odvezaćeš odvezaše odvežimo odvežu
uzrokovati	uzrokova uzrokovah uzrokovahu uzrokovanje uzrokovasmo uzrokovaste uzrokovavši uzrokovaće uzrokovaćemo uzrokovaćete uzrokovaćeš uzrokovaću uzrokovaše uzrokuj uzrokujete uzrokujmo uzrokujte
udahnuti	udahnuh udahnusmo udahnuste udahnuvši udahnuće udahnućemo udahnućete udahnućeš udahnuću udahnuše
izdaja	izdajama izdajo
omogućiti	omogućih omogućismo omogućiste omogućićemo omogućićete omogućićeš omogućiše
dodirivati	dodirivah dodirivahu dodirivasmo dodirivaste dodirivaće dodirivaćemo dodirivaćete dodirivaćeš dodirivaću dodirivaše dodirujmo
odvući	odvucimo odvukavši odvukoh odvukosmo odvukoste odvukoše
mornarica	mornaricama mornarico
sudac	sudački sudce sudcem sudci sudcima sudcu
gluma	glumama glumo
dubina	dubino hlubina
otrovan	najotrovnija najotrovnije najotrovnijeg najotrovnijega najotrovnijem najotrovnijemu najotrovniji najotrovnijim najotrovnijima najotrovnijoj najotrovnijom najotrovniju otrovnija otrovnije otrovnijeg otrovnijega otrovnijem otrovnijemu otrovniji otrovnijih otrovnijim otrovnijima otrovnijoj otrovnijom otrovniju otrovnima otrovnoga otrovnome otrovnomu
siv	najsivlja najsivlje najsivljeg najsivljega najsivljem najsivljemu najsivlji najsivljih najsivljim najsivljima najsivljoj najsivljom najsivlju sivima sivlja sivlje sivljeg sivljega sivljem sivljemu sivlji sivljih sivljim sivljima sivljoj sivljom sivlju sivoga sivome sivomu
poboljšati	poboljšah poboljšajmo poboljšasmo poboljšaste poboljšavši poboljšaćemo poboljšaćete poboljšaćeš poboljšaću poboljšaše
ponositi	ponoseći ponosiće ponosićemo ponosićete ponosićeš ponosiću ponošah ponošahu ponošasmo ponošaste ponošaše ponošenje
izvlačiti	izvlačah izvlačahu izvlačasmo izvlačaste izvlačaše izvlačiće izvlačićete izvlačićeš izvlačiću
okružiti	okružih okružismo okružiste okruživši okružiće okružićemo okružićete okružićeš okružiću okružiš okružiše
glazba	glasba glazbama glazbo
penzija	penzijo
izneti	izne izneh iznesmo iznesoh iznesosmo iznesoste iznesoše izneste izneta iznevši iznećete iznećeš izneše
proslava	proslavo
kršiti	kršah kršahu kršasmo kršaste kršaše kršivši kršiće kršićemo kršićete kršićeš kršiću
pratnja	pratnjama pratnjo
upozoravati	upozoravah upozoravahu upozoravaj upozoravajmo upozoravajte upozoravasmo upozoravaste upozoravaće upozoravaćemo upozoravaćete upozoravaćeš upozoravaću upozoravaše
vlasništvo	vlasništava vlasništvima
pritvor	pritvorima
privlačan	najprivlačnije najprivlačnijeg najprivlačnijega najprivlačnijem najprivlačnijemu najprivlačnijih najprivlačnijim najprivlačnijima najprivlačnijoj najprivlačnijom najprivlačniju privlačnijeg privlačnijega privlačnijem privlačnijemu privlačnijih privlačnijima privlačnijoj privlačnijom privlačniju privlačnima privlačnoga privlačnoj privlačnome privlačnomu
kravata	kravato
veseo	najveselija najveselije najveselijeg najveselijega najveselijem najveselijemu najveseliji najveselijih najveselijim najveselijima najveselijoj najveselijom najveseliju veselijeg veselijega veselijem veselijemu veselijih veselijim veselijima veselijoj veselijom veseliju veselima veseloga veselome veselomu
smer	smerove smerovi
gornji	gornjega gornjemu gornjima
španski	španskima španskoga španskome španskomu
pripremati	pripremah pripremahu pripremajmo pripremajte pripremasmo pripremaste pripremaće pripremaćemo pripremaćete pripremaćeš pripremaću pripremaše
džungla	džunglo
onakav	onakvoga onakvome onakvomu
reputacija	reputacijama reputacijo
lutati	lutah lutahu lutajmo lutajte lutasmo lutaste lutaće lutaćemo lutaćete lutaćeš lutaću lutaše
sagraditi	sagradih sagradismo sagradiste sagradivši sagradiće sagradićete sagradićeš sagradiše
prijateljski	prijateljskima prijateljskoga prijateljskome prijateljskomu
suzan	najsuznija najsuznije najsuznijeg najsuznijega najsuznijem najsuznijemu najsuzniji najsuznijih najsuznijim najsuznijima najsuznijoj najsuznijom najsuzniju suzna suzni suznih suznija suznije suznijeg suznijega suznijem suznijemu suzniji suznijih suznijim suznijima suznijoj suznijom suzniju suznim suznima suzno suznog suznoga suznoj suznom suznome suznomu suznu
preterivati	preterivah preterivahu preterivasmo preterivaste preterivaće preterivaćemo preterivaćete preterivaćeš preterivaću preterivaše preterujući
raširiti	raširih raširismo raširiste raširivši raširićemo raširićete raširićeš raširiše
izgovoriti	izgovorih izgovorismo izgovoriste izgovorivši izgovoriće izgovorićemo izgovorićete izgovorićeš izgovoriše
nadgledati	nadgledah nadgledahu nadgledajmo nadgledajući nadgledasmo nadgledaste nadgledaćete nadgledaćeš nadgledaše
potvrda	potvrdama potvrdo
bekstvo	bekstava bekstvima
kugla	kugala
poen	poenu
posjetiti	posjetih posjetismo posjetiste posjetivši posjetiće posjetićemo posjetićete posjetićeš posjetiću posjetiše
religija	religijo
ukusan	najukusnijeg najukusnijega najukusnijem najukusnijemu najukusnijih najukusnijim najukusnijima najukusnijoj najukusnijom najukusniju ukusnijeg ukusnijega ukusnijem ukusnijemu ukusnijih ukusnijim ukusnijima ukusnijoj ukusnijom ukusniju ukusnima ukusnoga ukusnome ukusnomu
kucati	kucah kucahu kucajmo kucasmo kucaste kucaće kucaćemo kucaćete kucaćeš kucaše
gnjaviti	gnjaveći gnjavih gnjavismo gnjaviste gnjavivši gnjaviće gnjavićemo gnjavićete gnjavićeš gnjaviću gnjaviše gnjavljah gnjavljahu gnjavljasmo gnjavljaste gnjavljaše gnjavljenje
kombinacija	kombinacijo
doza	dozo
udovica	vdovica
civilizacija	civilizacijo
klavir	klavirima
naporan	najnapornija najnapornije najnapornijeg najnapornijega najnapornijem najnapornijemu najnaporniji najnapornijih najnapornijim najnapornijima najnapornijoj najnapornijom najnaporniju napornija napornijeg napornijega napornijem napornijemu napornijih napornijim napornijima napornijoj napornijom naporniju napornima napornoga napornoj napornome napornomu
plemenit	najplemenitijeg najplemenitijega najplemenitijem najplemenitijemu najplemenitijih najplemenitijim najplemenitijima najplemenitijoj najplemenitijom najplemenitiju plemenitija plemenitijeg plemenitijega plemenitijem plemenitijemu plemenitijih plemenitijim plemenitijima plemenitijoj plemenitijom plemenitiju plemenitima plemenitoga plemenitome plemenitomu
prisiliti	prisilih prisilismo prisiliste prisilivši prisiliće prisilićemo prisilićete prisilićeš prisiliću prisiliše
zavera	zavero
april	aprile aprili aprilima aprilom
savez	savezima
nacrtati	nacrtah nacrtajmo nacrtasmo nacrtaste nacrtavši nacrtaće nacrtaćemo nacrtaćete nacrtaćeš nacrtaše
tresti	tresah tresahu tresasmo tresaste tresaše tresen tresena tresene treseni tresenje treseno tresijah tresijahu tresijasmo tresijaste tresijaše tresimo tresoh tresosmo tresoste tresoše trešće trešćemo trešćete trešćeš trešću
sipati	sipah sipahu sipajmo sipajući sipale sipalo sipan sipasmo sipaste sipaće sipaćemo sipaćete sipaćeš sipaše
dobrodošlica	dobrodošlicama dobrodošlico
godišnjica	godišnjicama godišnjico godišnjicom
savest	savestima
opraštati	opraštah opraštahu opraštajmo opraštajte opraštajući opraštasmo opraštaste opraštaće opraštaćemo opraštaćete opraštaćeš opraštaću opraštaše
ključan	ključnija ključnije ključnijeg ključnijega ključnijem ključnijemu ključniji ključnijih ključnijim ključnijima ključnijoj ključnijom ključniju ključnima ključnoga ključnome ključnomu najključnija najključnije najključnijeg najključnijega najključnijem najključnijemu najključniji najključnijih najključnijim najključnijima najključnijoj najključnijom najključniju
kan	kanova kanove kanovi kanovima
kila	kilama
tepih	tepiše
prekriti	prekrih prekrijmo prekrismo prekriste prekrivši prekriće prekrićemo prekrićete prekrićeš prekriše
vo	volovima
vrhunski	vrhunskima vrhunskoga vrhunskome vrhunskomu
magičan	magičnija magičnije magičnijeg magičnijega magičnijem magičnijemu magičniji magičnijih magičnijim magičnijima magičnijoj magičnijom magičniju magičnima magičnoga magičnome magičnomu najmagičnija najmagičnije najmagičnijeg najmagičnijega najmagičnijem najmagičnijemu najmagičniji najmagičnijih najmagičnijim najmagičnijima najmagičnijoj najmagičnijom najmagičniju
sastaviti	sastavih sastavismo sastaviste sastavivši sastaviće sastavićete sastavićeš sastaviše
paluba	palubo
isprazniti	ispraznih ispraznismo isprazniste ispraznivši isprazniće ispraznićete ispraznićeš isprazniše
imovina	imovinama imovino
interesantan	interesantnijeg interesantnijega interesantnijem interesantnijemu interesantnijih interesantnijima interesantnijoj interesantniju interesantnima interesantnoga interesantnoj interesantnome interesantnomu najinteresantnijeg najinteresantnijega najinteresantnijem najinteresantnijemu najinteresantnijih najinteresantnijim najinteresantnijima najinteresantnijoj najinteresantnijom najinteresantniju
blato	blatima
sofa	sofama sofo sofom
dopuštati	dopuštah dopuštahu dopuštajmo dopuštajte dopuštasmo dopuštaste dopuštaće dopuštaćemo dopuštaćete dopuštaćeš dopuštaću dopuštaše
pecati	pecah pecahu pecajmo pecajte pecasmo pecaste pecaće pecaćemo pecaćete pecaćeš pecaću pecaše
benzin	benzine benzini benzinima
sadržati	sadrža sadržah sadržahu sadržasmo sadržaste sadržavši sadržaće sadržaćemo sadržaćete sadržaćeš sadržaću sadržaše sadržeći sadržim sadržimo sadržite sadržiš
alfa	alfama alfo
rog	rozima
opsesti	opsede opsednem opsednemo opsednete opsedneš opsedni opsednimo opsednite opsednu opsedoh opsedosmo opsedoste opsedoše opsevši opsešće opsešćemo opsešćete opsešćeš opsešću
kočija	kočijo
kum	kumovima
kovčeg	kovčeže kovčežina
buljiti	buljah buljahu buljasmo buljaste buljaše buljiće buljićemo buljićete buljićeš buljiću
rukovati	rukovah rukovahu rukovasmo rukovaste rukovaće rukovaćemo rukovaćete rukovaćeš rukovaću rukovaše rukujući
odan	najodanije najodanijeg najodanijega najodanijem najodanijemu najodanijim najodanijima najodanijoj najodanijom najodaniju odanija odanije odanijeg odanijega odanijem odanijemu odanijih odanijim odanijima odanijoj odanijom odaniju odanima odanoga odanoj odanome odanomu
prtljag	prtljazima prtljaže
serijski	serijskima serijskoga serijskoj serijskome serijskomu serijsku
koza	kozetina
okrutan	najokrutnijeg najokrutnijega najokrutnijem najokrutnijemu najokrutnijim najokrutnijima najokrutnijoj najokrutnijom najokrutniju okrutnija okrutnijeg okrutnijega okrutnijem okrutnijemu okrutnijih okrutnijim okrutnijima okrutnijoj okrutnijom okrutniju okrutnima okrutnoga okrutnome okrutnomu
osuđivati	osuđivah osuđivahu osuđivasmo osuđivaste osuđivaće osuđivaćemo osuđivaćete osuđivaćeš osuđivaću osuđivaše osuđujmo
rešavati	rešavah rešavahu rešavajmo rešavasmo rešavaste rešavaće rešavaćemo rešavaćete rešavaćeš rešavaću rešavaše
aktivan	aktivnijeg aktivnijega aktivnijem aktivnijemu aktivnijih aktivnijim aktivnijima aktivnijoj aktivnijom aktivniju aktivnima aktivnoga aktivnome aktivnomu najaktivnija najaktivnije najaktivnijeg najaktivnijega najaktivnijem najaktivnijemu najaktivnijim najaktivnijima najaktivnijoj najaktivnijom najaktivniju
razmotriti	razmotrih razmotrismo razmotriste razmotrivši razmotriće razmotrićete razmotrićeš razmotriše
moda	modo
podzemni	podzemnima podzemnoga podzemnome podzemnomu
simptom	simptomom simptomu
procedura	proceduro
patka	pačica
marš	marševa marševima
pojava	pojavo
značka	značko
industrija	industrijo
živac	živcem živcu živče
pena	penama peno
dvorac	dvorče
pepeo	pepele
prigovor	prigovorom prigovoru
savjet	savjetom
sabrati	sabrah sabrasmo sabraste sabravši sabraće sabraćemo sabraćete sabraćeš sabraću sabraše
neprijateljski	neprijateljskima neprijateljskoga neprijateljskome neprijateljskomu
kora	korama
otpad	otpadi otpadima
rasprava	raspravo razprava
odsutan	najodsutnija najodsutnije najodsutnijeg najodsutnijega najodsutnijem najodsutnijemu najodsutniji najodsutnijih najodsutnijim najodsutnijima najodsutnijoj najodsutnijom najodsutniju odsutnija odsutnije odsutnijeg odsutnijega odsutnijem odsutnijemu odsutniji odsutnijih odsutnijim odsutnijima odsutnijoj odsutnijom odsutniju odsutnima odsutnoga odsutnoj odsutnom odsutnome odsutnomu odsutnu
kinuti	kinemo kinete kinimo kinite kinuh kinusmo kinuste kinuvši kinuće kinućemo kinućete kinućeš kinuću kinuše
izuzetan	izuzetnima izuzetnoga izuzetnome izuzetnomu
stradati	stradah stradahu stradaj stradajmo stradajte stradajući stradasmo stradaste stradavši stradaćemo stradaćete stradaću stradaše
zapitati	zapitah zapitasmo zapitaste zapitavši zapitaće zapitaćemo zapitaćete zapitaćeš zapitaću zapitaše
poslovati	poslovah poslovahu poslovasmo poslovaste poslovaće poslovaćemo poslovaćete poslovaćeš poslovaću poslovaše posluj poslujmo poslujte poslujući
grejati	grejah grejahu grejasmo grejaste grejaće grejaćemo grejaćete grejaćeš grejaću grejaše grejmo grejte grejući
gotovina	gotovino
meč	mečom
glavobolja	glavobolji glavoboljo
zabrljati	zabrljah zabrljaj zabrljajmo zabrljajte zabrljasmo zabrljaste zabrljaviti zabrljavši zabrljaće zabrljaćemo zabrljaćete zabrljaćeš zabrljaću zabrljaše
obrazovanje	obrazovanjima
preplašiti	preplaših preplašismo preplašiste preplašivši preplašiće preplašićemo preplašićete preplašiću preplašiše
municija	municijama municijo
humor	humore
duhovit	duhovitih duhovitija duhovitije duhovitijeg duhovitijega duhovitijem duhovitijemu duhovitijih duhovitijim duhovitijima duhovitijoj duhovitijom duhovitiju duhovitima duhovitoga duhovitoj duhovitom duhovitome duhovitomu najduhovitija najduhovitije najduhovitijeg najduhovitijega najduhovitijem najduhovitijemu najduhovitiji najduhovitijih najduhovitijim najduhovitijima najduhovitijoj najduhovitijom najduhovitiju
front	frontove frontovi
ar	arima
gađati	gađah gađahu gađajmo gađajući gađasmo gađaste gađaće gađaćemo gađaćete gađaćeš gađaše
jun	junima junom
duvati	duvah duvahu duvajmo duvajući duvale duvalo duvane duvani duvano duvasmo duvaste duvaćemo duvaćete duvaćeš duvaću duvaše duvnuti
štampa	štampama štampo
roniti	roneći roniće ronićemo ronićete ronićeš roniću ronjah ronjahu ronjasmo ronjaste ronjaše
beta	betama betom
zabiti	zabih zabijmo zabismo zabiste zabivši zabićemo zabićete zabićeš zabiše
razvoj	razvoje razvoji razvojima
originalan	originalnima originalnoga originalnome originalnomu
instinkt	instinkata
pobeđivati	pobeđivah pobeđivahu pobeđivasmo pobeđivaste pobeđivaće pobeđivaćemo pobeđivaćete pobeđivaćeš pobeđivaću pobeđivaše pobeđuj pobeđujmo pobeđujte pobeđujući
prostitutka	prostitutko
telefonirati	telefonirah telefonirahu telefonirajmo telefonirajući telefonirasmo telefoniraste telefoniravši telefoniraće telefoniraćemo telefoniraćete telefoniraćeš telefoniraše
italijanski	italijanskima italijanskoga italijanskome italijanskomu
šarmantan	najšarmantnija najšarmantnije najšarmantnijeg najšarmantnijega najšarmantnijem najšarmantnijemu najšarmantnijih najšarmantnijim najšarmantnijima najšarmantnijoj najšarmantnijom najšarmantniju šarmantnih šarmantnija šarmantnije šarmantnijeg šarmantnijega šarmantnijem šarmantnijemu šarmantnijih šarmantnijim šarmantnijima šarmantnijoj šarmantnijom šarmantniju šarmantnima šarmantnoga šarmantnome šarmantnomu
osoban	najosobnija najosobnije najosobnijeg najosobnijega najosobnijem najosobnijemu najosobniji najosobnijih najosobnijim najosobnijima najosobnijoj najosobnijom najosobniju osobnija osobnijeg osobnijega osobnijem osobnijemu osobniji osobnijih osobnijim osobnijima osobnijoj osobnijom osobniju osobnima osobnoga osobnome osobnomu
prikazati	prikazah prikazasmo prikazaste prikazavši prikazaćete prikazaćeš prikazaše prikažimo
zov	zovova zovove zovovi zovovima
hrpa	hrpama
at	atima atlara atlare atlari atlarima atova atove atovi atovima
poglavlje	poglavljima
šesti	šestih šestima šestoga šestomu
cirkus	cirkuse cirkusi cirkusima
pregovarati	pregovarah pregovarahu pregovarajući pregovarasmo pregovaraste pregovaraće pregovaraćete pregovaraćeš pregovaraću pregovaraše
rodni	rodnih rodnima rodnoga rodnome rodnomu
širiti	širah širahu širasmo širaste širaše širen širena širene šireni šireno širiće širićemo širićete širićeš širiću
dobit	dobitima
trpeti	trpeće trpećemo trpećete trpećeš trpeću trpljah trpljahu trpljasmo trpljaste trpljaše trpljenje
galaksija	galaksijo
useliti	uselih uselismo useliste uselivši useliće uselićete uselićeš useliše
mornar	mornarem
federalni	federalnima federalnoga federalnome federalnomu
tajan	tajnima tajnoga tajnome tajnomu
kriminal	kriminale
klasičan	klasičnima klasičnoga klasičnome klasičnomu
gitara	gitaro
centralni	centralnima centralnoga centralnome centralnomu
pogriješiti	pogriješih pogriješimo pogriješismo pogriješiste pogriješite pogriješivši pogriješiće pogriješićemo pogriješićete pogriješićeš pogriješiću pogriješiše
finansijski	finansijskima finansijskoga finansijskome finansijskomu
proteći	proteci protecimo protecite protekavši proteknem proteknemo proteknete protekneš protekni proteknimo proteknite proteknu proteknuh proteknusmo proteknuste proteknuti proteknuće proteknućemo proteknućete proteknućeš proteknuću proteknuše protekoh protekosmo protekoste protekoše proteku proteče protečem protečemo protečete protečeš
strategija	strategijo
jednak	jednakoga jednakome jednakomu
komora	komoro
audicija	audicijo
obići	obiđimo obiđoh obiđosmo obiđoste obiđoše obišavši
kolekcija	kolekcijo
pauk	paukovima
prijava	prijavo
ispustiti	ispustih ispustismo ispustiste ispustivši ispustiće ispustićemo ispustićete ispustićeš ispustiše
irski	irskima irskoga irskome irskomu
vlak	vlače
optuživati	optuživah optuživahu optuživasmo optuživaste optuživaće optuživaćemo optuživaćete optuživaćeš optuživaću optuživaše optužujmo optužujte
upamtiti	upamtih upamtismo upamtiste upamtivši upamtiće upamtićemo upamtićete upamtićeš upamtiše
podmornica	podmornico
preterati	preterah preteraj preterajmo preterajte preterasmo preteraste preteravši preteraće preteraćemo preteraćete preteraćeš preteraću preteraše
vijest	viest viješću
stisnuti	stisao stise stisnimo stisnuh stisnule stisnulo stisnusmo stisnuste stisnuvši stisnuše stisoh stisosmo stisoste stisoše
precizan	najpreciznija najpreciznije najpreciznijeg najpreciznijega najpreciznijem najpreciznijemu najprecizniji najpreciznijih najpreciznijim najpreciznijima najpreciznijoj najpreciznijom najprecizniju preciznijeg preciznijega preciznijem preciznijemu preciznijih preciznijim preciznijima preciznijoj preciznijom preciznima preciznoga preciznoj preciznome preciznomu
nekretnina	nekretnini nekretnino nekretninom
beg	bege begova begove begovi begovima bezima
daska	dasko
mršav	mršavijeg mršavijega mršavijem mršavijemu mršavijih mršavijim mršavijima mršavijoj mršavijom mršaviju mršavima mršavoga mršavoj mršavome mršavomu najmršavija najmršavije najmršavijeg najmršavijega najmršavijem najmršavijemu najmršaviji najmršavijih najmršavijim najmršavijima najmršavijoj najmršavijom najmršaviju
povijest	poviest povijestima
skroman	najskromnija najskromnije najskromnijeg najskromnijega najskromnijem najskromnijemu najskromniji najskromnijih najskromnijim najskromnijima najskromnijoj najskromnijom najskromniju skromnija skromnijeg skromnijega skromnijem skromnijemu skromnijih skromnijim skromnijima skromnijoj skromnijom skromniju skromnima skromnoga skromnome skromnomu
provala	provalo
prijevod	prijevode prijevodi prijevodima prijevodom
bubreg	bubreže
kiseonik	kiseonici kiseonicima kiseoniče
ritam	ritme ritmova ritmovima
franak	franče
uneti	uneh unesmo unesoh unesosmo unesoste unesoše uneste unevši uneće unećete unećeš uneše
runda	rundama rundo
prost	najprostijeg najprostijega najprostijem najprostijemu najprostijih najprostijim najprostijima najprostijoj najprostijom najprostiju prostija prostijeg prostijega prostijem prostijemu prostijih prostijim prostijima prostijoj prostijom prostiju prostima prostoga prostome prostomu
zlostavljati	zlostavljah zlostavljahu zlostavljaj zlostavljajmo zlostavljajte zlostavljajući zlostavljamo zlostavljasmo zlostavljaste zlostavljaće zlostavljaćemo zlostavljaćete zlostavljaćeš zlostavljaću zlostavljaše
saveznik	savezniče
šutjeti	šuteći šutjeće šutjećemo šutjećete šutjećeš šutjeću šućah šućahu šućasmo šućaste šućaše šućenje
odobrenje	odobrenjima
uzrujati	uzrujah uzrujaj uzrujajmo uzrujajte uzrujaju uzrujamo uzrujasmo uzrujaste uzrujate uzrujavši uzrujaće uzrujaćemo uzrujaćete uzrujaćeš uzrujaću uzrujaše
otok	otoče otočić
vatrogasac	vatrogašče
međunarodni	međunarodnima međunarodnoga međunarodnome međunarodnomu
prespavati	prespavah prespavajmo prespavasmo prespavaste prespavavši prespavaćete prespavaše
oznaka	oznako
brus	brusove brusovi brusovima
stabilan	najstabilnija najstabilnije najstabilnijeg najstabilnijega najstabilnijem najstabilnijemu najstabilniji najstabilnijih najstabilnijim najstabilnijima najstabilnijoj najstabilnijom najstabilniju stabilnijeg stabilnijega stabilnijem stabilnijemu stabilnijih stabilnijim stabilnijima stabilnijoj stabilnijom stabilniju stabilnima stabilnoga stabilnome stabilnomu
slušalica	slušalico slušalicom
borben	borbenija borbenije borbenijeg borbenijega borbenijem borbenijemu borbeniji borbenijih borbenijim borbenijima borbenijoj borbenijom borbeniju borbenima borbeno borbenoga borbenome borbenomu najborbenija najborbenije najborbenijeg najborbenijega najborbenijem najborbenijemu najborbeniji najborbenijih najborbenijim najborbenijima najborbenijoj najborbenijom najborbeniju
strpljiv	najstrpljivija najstrpljivije najstrpljivijeg najstrpljivijega najstrpljivijem najstrpljivijemu najstrpljiviji najstrpljivijih najstrpljivijim najstrpljivijima najstrpljivijoj najstrpljivijom najstrpljiviju strpljivih strpljivije strpljivijeg strpljivijega strpljivijem strpljivijemu strpljivijih strpljivijim strpljivijima strpljivijoj strpljivijom strpljiviju strpljivim strpljivima strpljivoga strpljivoj strpljivom strpljivome strpljivomu strpljivu
ludnica	ludnicama ludnico
skuvati	skuvah skuvajmo skuvasmo skuvaste skuvavši skuvaćete skuvaćeš skuvaše
dijeliti	dijeliće dijelićemo dijelićete dijelićeš dijeliću dijeljah dijeljahu dijeljasmo dijeljaste dijeljaše
ciljati	ciljah ciljahu ciljajmo ciljasmo ciljaste ciljaće ciljaćemo ciljaćete ciljaćeš ciljaću ciljaše
prioritet	prioritetu
zglob	zglobe
raspoloženje	raspoloženjima
sreda	sredama
isporuka	isporuko
pretio	najpretilija najpretilije najpretilijeg najpretilijega najpretilijem najpretilijemu najpretiliji najpretilijih najpretilijim najpretilijima najpretilijoj najpretilijom najpretiliju pretilih pretilija pretilije pretilijeg pretilijega pretilijem pretilijemu pretiliji pretilijih pretilijim pretilijima pretilijoj pretilijom pretiliju pretilim pretilima pretilog pretiloga pretiloj pretilom pretilome pretilomu pretilu
brend	brendovi brendovima
srebrn	srebrnima srebrnoga srebrnome srebrnomu
uspavati	uspavah uspavajmo uspavasmo uspavaste uspavavši uspavaćete uspavaćeš uspavaše uspavljivati
dovršiti	dovršenje dovrših dovršismo dovršiste dovršivši dovršiće dovršićete dovršićeš dovršiše
posetilac	posetiocem posetioče
oštar	najoštrija najoštrijeg najoštrijega najoštrijem najoštrijemu najoštrijih najoštrijim najoštrijima najoštrijoj najoštrijom najoštriju oštrijeg oštrijega oštrijem oštrijemu oštrijih oštrijim oštrijima oštrijoj oštrijom oštriju oštrima oštroga oštrome oštromu
pokretati	pokretah pokretahu pokretasmo pokretaste pokretaće pokretaćemo pokretaćete pokretaćeš pokretaću pokretaše pokrećimo pokrećite pokrećući
vrhovni	vrhovnima vrhovnoga vrhovnome vrhovnomu
sudnica	sudnico
poricati	poricah poricahu poricasmo poricaste poricaće poricaćemo poricaćete poricaćeš poricaše poričimo
komšiluk	komšiluci komšilucima komšiluke
izvanredan	izvanrednima izvanrednoga izvanrednome izvanrednomu
prelaz	prelazom
tjerati	tjerah tjerahu tjerajmo tjerasmo tjeraste tjeraće tjeraćemo tjeraćete tjeraćeš tjeraću tjeraše ćerati
djelo	dielo
jetra	jetrama jetro
turneja	turnejo
iscrpiti	iscrpih iscrpim iscrpismo iscrpiste iscrpite iscrpivši iscrpiće iscrpićemo iscrpićete iscrpićeš iscrpiću iscrpiš iscrpiše iscrpsti
smeh	smehova smehove smehovi smehovima
konopac	konopče
šminka	šminkama šminko
fantazija	fantazijo
rečenica	rečenico
orao	orlima orlić orlušina
nezgoda	nezgodo
olakšati	olakšah olakšasmo olakšaste olakšavši olakšaćemo olakšaćete olakšaćeš olakšaše
pobuna	pobuno
bračni	bračnima bračnoga bračnome bračnomu
šokirati	šokirah šokirahu šokirajmo šokirajte šokirajući šokiramo šokiranje šokirasmo šokiraste šokiravši šokiraće šokiraćemo šokiraćete šokiraćeš šokiraću šokiraše
sudski	sudskima sudskoga sudskome sudskomu
ulazak	ulasci ulascima
razvesti	razvedimo razvedite razvedoh razvedosmo razvedoste razvedoše razvevši razveze razvezem razvezemo razvezete razvezeš razvezi razvezimo razvezite razvezoh razvezosmo razvezoste razvezoše razvezu razvešće razvešćemo razvešćete razvešćeš
ugodan	najugodnija najugodnijeg najugodnijega najugodnijem najugodnijemu najugodniji najugodnijih najugodnijim najugodnijima najugodnijoj najugodnijom najugodniju ugodnija ugodnijeg ugodnijega ugodnijem ugodnijemu ugodnijih ugodnijima ugodnijoj ugodnijom ugodniju ugodnima ugodnoga ugodnome ugodnomu
metoda	metodo
savetovati	savetova savetovah savetovahu savetovasmo savetovaste savetovavši savetovaće savetovaćemo savetovaćete savetovaćeš savetovaću savetovaše savetujmo savetujući
okončati	okončah okončajući okončasmo okončaste okončavši okončaće okončaćete okončaćeš okončaše
stanovnik	stanovnikom stanovniče
nasmejati	nasmejah nasmejasmo nasmejaste nasmejavši nasmejaće nasmejaćemo nasmejaćete nasmejaćeš nasmejaću nasmejaše nasmejmo
jutarnji	jutarnjega jutarnjemu jutarnjima
ujediniti	ujedinih ujedinismo ujediniste ujedinivši ujediniće ujedinićemo ujedinićete ujedinićeš ujediniću ujediniše
but	butova butove butovi butovima
trenutan	trenutnima trenutnoga trenutnome trenutnomu
žedan	najžednija najžednije najžednijeg najžednijega najžednijem najžednijemu najžedniji najžednijih najžednijim najžednijima najžednijoj najžednijom najžedniju žednija žednije žednijeg žednijega žednijem žednijemu žedniji žednijih žednijim žednijima žednijoj žednijom žedniju žednima žednoga žednoj žednom žednome žednomu žednu
pogreška	pogreški pogreško pogrješka
proučavati	proučavah proučavahu proučavaj proučavajmo proučavajte proučavasmo proučavaste proučavaće proučavaćemo proučavaćete proučavaćeš proučavaću proučavaše
istinski	istinskima istinskoga istinskome istinskomu
udaljiti	udaljih udaljismo udaljiste udaljivši udaljiće udaljićemo udaljićete udaljićeš udaljiću udaljiše
izgoreti	izgarati izgoreh izgoresmo izgoreste izgorevši izgorećete izgoreše
predvideti	predvideh predvidesmo predvideste predvidevši predvideće predvidećemo predvidećete predvidećeš predvideću predvideše
štab	štabe štabova štabove štabovi štabovima
rekord	rekordima
smiješan	najsmješnijeg najsmješnijega najsmješnijem najsmješnijemu najsmješnijih najsmješnijim najsmješnijima najsmješnijoj najsmješnijom najsmješniju smiješnima smiješnoga smiješnoj smiješnome smiješnomu smješnija smješnijeg smješnijega smješnijem smješnijemu smješnijih smješnijim smješnijima smješnijoj smješnijom smješniju
preminuti	preminem preminemo preminete premineš premini preminimo preminite preminu preminuh preminusmo preminuste preminuvši preminuće preminućemo preminućete preminućeš preminuću preminuše
unuka	unukama
ukrcati	ukrcah ukrcanje ukrcasmo ukrcaste ukrcavši ukrcaćete ukrcaćeš ukrcaše
ceremonija	ceremonijo
sedmi	sedmih sedmim sedmima sedmoga sedmomu
loptica	loptico
konačan	konačnima konačnoga konačnome konačnomu
magla	magala maglama maglo
točka	točko
veran	najvernija najvernije najvernijeg najvernijega najvernijem najvernijemu najvernijih najvernijim najvernijima najvernijoj najvernijom najverniju vernija vernije vernijeg vernijega vernijem vernijemu verniji vernijih vernijim vernijima vernijoj vernijom verniju vernima vernoga vernoj vernome vernomu
obavezan	obaveznima obaveznoga obaveznoj obaveznome obaveznomu
pouzdan	najpouzdanije najpouzdanijeg najpouzdanijega najpouzdanijem najpouzdanijemu najpouzdanijih najpouzdanijim najpouzdanijima najpouzdanijoj najpouzdanijom najpouzdaniju pouzdanija pouzdanijeg pouzdanijega pouzdanijem pouzdanijemu pouzdanijih pouzdanijim pouzdanijima pouzdanijoj pouzdanijom pouzdaniju pouzdanima pouzdanoga pouzdanoj pouzdanome pouzdanomu
pozdravljati	pozdravljah pozdravljahu pozdravljaj pozdravljajmo pozdravljajte pozdravljajući pozdravljasmo pozdravljaste pozdravljaće pozdravljaćemo pozdravljaćete pozdravljaćeš pozdravljaću pozdravljaše
direktan	direktnima direktnoga direktnome direktnomu
groznica	groznicama
dobrotvoran	dobrotvornima dobrotvornoga dobrotvornome dobrotvornomu
dostupan	dostupnija dostupnije dostupnijeg dostupnijega dostupnijem dostupnijemu dostupniji dostupnijih dostupnijim dostupnijima dostupnijoj dostupnijom dostupniju dostupnima dostupnoga dostupnoj dostupnome dostupnomu najdostupnija najdostupnije najdostupnijeg najdostupnijega najdostupnijem najdostupnijemu najdostupniji najdostupnijih najdostupnijim najdostupnijima najdostupnijoj najdostupnijom najdostupniju
bolničar	bolničarom
vređati	vređah vređahu vređajmo vređajući vređasmo vređaste vređaće vređaćemo vređaćete vređaćeš vređaću vređaše
strog	najstrožeg najstrožega najstrožemu najstrožih najstrožim najstrožima najstrožoj najstrožom strogima strogoga strogome strogomu strožeg strožega strožem strožemu strožih strožim strožima strožoj strožom strožu
spavaći	spavaćeg spavaćega spavaćem spavaćemu spavaćima
nadoknaditi	nadoknadih nadoknadismo nadoknadiste nadoknadivši nadoknadiće nadoknadićete nadoknadiše
smetnja	smetnjo smetnjom
posuditi	posudih posudismo posudiste posudivši posudiće posudićemo posudićete posudićeš posudiću posudiše
političar	političarom
prepun	prepunima prepunoga prepunome prepunomu
poticati	poticah poticahu poticasmo poticaste poticaće poticaćemo poticaćete poticaćeš poticaću poticaše potiči potičimo potičite potičući
smrdljiv	najsmrdljivija najsmrdljivije najsmrdljivijeg najsmrdljivijega najsmrdljivijem najsmrdljivijemu najsmrdljiviji najsmrdljivijih najsmrdljivijim najsmrdljivijima najsmrdljivijoj najsmrdljivijom najsmrdljiviju smrdljivija smrdljivije smrdljivijeg smrdljivijega smrdljivijem smrdljivijemu smrdljiviji smrdljivijih smrdljivijim smrdljivijima smrdljivijoj smrdljivijom smrdljiviju smrdljivima smrdljivoga smrdljivome smrdljivomu
značajan	najznačajnijeg najznačajnijega najznačajnijem najznačajnijemu najznačajnijim najznačajnijima najznačajnijoj najznačajnijom najznačajniju značajnijeg značajnijega značajnijem značajnijemu značajnijim značajnijima značajnijoj značajnijom značajniju značajnima značajnoga značajnome značajnomu
krupan	krupnijeg krupnijega krupnijem krupnijemu krupnijih krupnijim krupnijima krupnijoj krupnijom krupnima krupnoga krupnoj krupnome krupnomu najkrupnija najkrupnije najkrupnijeg najkrupnijega najkrupnijem najkrupnijemu najkrupniji najkrupnijih najkrupnijim najkrupnijima najkrupnijoj najkrupnijom najkrupniju
formirati	formirah formirahu formirajmo formirasmo formiraste formiravši formiraće formiraćemo formiraćete formiraćeš formiraću formiraše
fond	fonde
rezervni	rezervnima rezervnoga rezervnome rezervnomu
razvijati	razvijah razvijahu razvijaj razvijajmo razvijajte razvijasmo razvijaste razvijaće razvijaćemo razvijaćete razvijaćeš razvijaću razvijaše
poljski	poljskima poljskoga poljskome poljskomu
zažaliti	zažalih zažalismo zažaliste zažalivši zažalićemo zažališe zažaljenje
opklada	opklado
ravan	ravnju ravnome ravnomu
rijeka	rieka rijeko riječanin riječanka rječica rječina
dragocen	dragocenija dragocenijeg dragocenijega dragocenijem dragocenijemu dragocenijih dragocenijim dragocenijima dragocenijoj dragocenijom dragoceniju dragocenima dragocenoga dragocenome dragocenomu najdragocenijeg najdragocenijega najdragocenijem najdragocenijemu najdragocenijih najdragocenijim najdragocenijima najdragocenijoj najdragocenijom najdragoceniju
ohladiti	ohladih ohladismo ohladiste ohladivši ohladićemo ohladićete ohladićeš ohladiću ohladiše
ručati	ručah ručahu ručajući ručanje ručasmo ručaste ručavši ručaće ručaćete ručaćeš ručaše
navratiti	navratih navratismo navratiste navrativši navratiće navratićemo navratićete navratićeš navratiše
hemijski	hemijskima hemijskoga hemijskome hemijskomu
izvrstan	izvrsnima izvrsnoga izvrsnome izvrsnomu
zbrisati	zbrisa zbrisah zbrisasmo zbrisaste zbrisavši zbrisaše zbrišeće zbrišećemo zbrišećete zbrišećeš zbrišeću zbrišimo zbrišite
status	statuse statusi statusima
crtati	crtah crtahu crtajmo crtajte crtasmo crtaste crtaćemo crtaćete crtaćeš crtaše
namjeravati	namjeravah namjeravahu namjeravaj namjeravajmo namjeravajte namjeravajući namjeravanje namjeravasmo namjeravaste namjeravaće namjeravaćemo namjeravaćete namjeravaćeš namjeravaću namjeravaše
pretpostavka	pretpostavko
umetnički	umetničkima umetničkoga umetničkome umetničkomu
admiral	admiralima
poverljiv	najpoverljivija najpoverljivije najpoverljivijeg najpoverljivijega najpoverljivijem najpoverljivijemu najpoverljiviji najpoverljivijih najpoverljivijim najpoverljivijima najpoverljivijoj najpoverljivijom najpoverljiviju poverljivija poverljivije poverljivijeg poverljivijega poverljivijem poverljivijemu poverljiviji poverljivijih poverljivijim poverljivijima poverljivijoj poverljivijom poverljiviju poverljivima poverljivoga poverljivome poverljivomu
pomaknuti	pomakavši pomaknuh pomaknule pomaknusmo pomaknuste pomaknuvši pomaknuše pomakoh pomakosmo pomakoste pomakoše pomače
stablo	stabalce
sveća	svećo
obuka	obukama obuko
bacanje	bacanjima
raspasti	raspade raspadnemo raspadnete raspadni raspadnimo raspadnite raspadoh raspadosmo raspadoste raspadoše raspavši raspašćemo raspašćete raspašćeš raspašću
paljba	paljbama paljbo
ploviti	plovile ploviće plovićete plovićeš ploviću plovljah plovljahu plovljasmo plovljaste plovljaše plovljenje
žestok	najžešćeg najžešćega najžešćem najžešćemu najžešćim najžešćima najžešćoj najžešćom najžešću žestokima žestokoga žestokome žestokomu žešćeg žešćega žešćem žešćemu žešćih žešćim žešćima žešćoj žešćom
procena	proceno
pobunjenik	pobunjenikom pobunjeniku
zaustavljati	zaustavljah zaustavljahu zaustavljajmo zaustavljasmo zaustavljaste zaustavljaće zaustavljaćemo zaustavljaćete zaustavljaćeš zaustavljaću zaustavljaše
sovjetski	sovjetskima sovjetskoga sovjetskome sovjetskomu
otrovati	otrovah otrovasmo otrovaste otrovavši otrovaće otrovaćemo otrovaćete otrovaćeš otrovaću otrovaše otruj otrujmo otrujte
desetak	desetci desetcima
ubosti	ubodimo ubodite ubodoh ubodosmo ubodoste ubodoše ubovši ubošće ubošćemo ubošćete ubošćeš
totalan	totalnih totalnima totalnoga totalnome totalnomu
lansirati	lansirah lansirahu lansirajmo lansirajući lansirasmo lansiraste lansiravši lansiraće lansiraćete lansiraćeš lansiraću lansiraše
uspostaviti	uspostavih uspostavismo uspostaviste uspostavivši uspostaviće uspostavićemo uspostavićete uspostavićeš uspostaviću uspostaviše
kužiti	kuženje kužeći kužih kužismo kužiste kuživši kužiće kužićemo kužićete kužićeš kužiću kužiše kužjah kužjahu kužjasmo kužjaste kužjaše
klima	klimo
plastičan	najplastičnija najplastičnije najplastičnijeg najplastičnijega najplastičnijem najplastičnijemu najplastičniji najplastičnijih najplastičnijim najplastičnijima najplastičnijoj najplastičnijom najplastičniju plastičnija plastičnije plastičnijeg plastičnijega plastičnijem plastičnijemu plastičniji plastičnijih plastičnijim plastičnijima plastičnijoj plastičnijom plastičniju plastičnima plastično plastičnoga plastičnome plastičnomu
banana	banano
sijati	sij sijah sijahu sijajmo sijajte sijamo sijasmo sijaste sijate sijaće sijaćemo sijaćete sijaćeš sijaću sijaše sijemo sijete sijmo sijte sijući
veriti	verene vereno verih verile verilo verismo veriste verite verivši veriće verićemo verićete verićeš veriću veriše
žaba	žabetina žabin
plen	plene plenova plenove plenovi plenovima
skratiti	skratih skratismo skratiste skrativši skratiće skratićete skratićeš skratiše
polica	polico
nesporazum	nesporazumima
poreklo	poreklima
zamijeniti	zamijenih zamijenismo zamijeniste zamijenivši zamijeniće zamijenićemo zamijenićete zamijenićeš zamijeniću zamijeniše zamjenjivati
odigrati	odigrah odigrasmo odigraste odigravati odigravši odigraćete odigraćeš odigraše
boravak	boravaka boravci boravcima boravke boravče
zvezdan	zvezdanima zvezdanoga zvezdanome zvezdanomu
vena	veno
fil	filovi filovima
nabiti	nabih nabijmo nabismo nabiste nabivši nabićemo nabićete nabićeš nabiše
inteligentan	inteligentnija inteligentnijeg inteligentnijega inteligentnijem inteligentnijemu inteligentnijih inteligentnijim inteligentnijima inteligentnijoj inteligentnijom inteligentniju inteligentnima inteligentnoga inteligentnoj inteligentnome inteligentnomu najinteligentnije najinteligentnijeg najinteligentnijega najinteligentnijem najinteligentnijemu najinteligentnijih najinteligentnijim najinteligentnijima najinteligentnijoj najinteligentnijom najinteligentniju
crevo	crevama
sprečavati	sprečavah sprečavahu sprečavaj sprečavajmo sprečavajte sprečavasmo sprečavaste sprečavaće sprečavaćemo sprečavaćete sprečavaćeš sprečavaću sprečavaše
svakodnevan	svakodnevnima svakodnevnoga svakodnevnome svakodnevnomu
mahati	mahah mahahu mahasmo mahaste mahaće mahaćemo mahaćete mahaćeš mahaću mahaše mašimo
ocena	oceno
mit	mite
palac	palče
navaliti	navalih navalismo navaliste navalivši navaliće navalićemo navalićete navalićeš navaliću navališe
mudrost	mudrostima
pucanj	pucnjevima
mladost	mladostima
obraditi	obradih obradismo obradiste obradivši obradiće obradićete obradićeš obradiću obradiše
kobasica	kobasico
dostaviti	dostavih dostavismo dostaviste dostavivši dostaviće dostavićete dostavićeš dostaviše
klati	klah klahu klala klale klalo klane klani klano klasmo klaste klavši klaće klaćemo klaćete klaćeš klaću klaše koljah koljahu koljasmo koljaste koljaše koljete koljimo koljite koljući
špijunirati	špijunirah špijunirahu špijuniraj špijunirajmo špijunirajte špijunirasmo špijuniraste špijuniraće špijuniraćemo špijuniraćete špijuniraćeš špijuniraću špijuniraše
kompletan	kompletnima kompletnoga kompletnome kompletnomu
kula	kulo
obraz	obrazom
analizirati	analizirah analizirahu analizirasmo analiziraste analiziravši analiziraće analiziraćete analiziraćeš analiziraše
crta	crto
petlja	petalja petljama petljo
sakupiti	sakupih sakupismo sakupiste sakupivši sakupiće sakupićete sakupićeš sakupiše
postupiti	postupih postupismo postupiste postupivši postupiće postupićemo postupićete postupićeš postupiše
juli	julima julom
zarobljenik	zarobljeniče
upotreba	upotrebama upotrebo
medalja	medaljo
izbacivati	izbacivah izbacivahu izbacivasmo izbacivaste izbacivaće izbacivaćemo izbacivaćete izbacivaćeš izbacivaću izbacivaše izbacujmo
pojačati	pojačah pojačasmo pojačaste pojačavši pojačaće pojačaćete pojačaćeš pojačaše
komunicirati	komunicirah komunicirahu komuniciraj komunicirajmo komunicirajući komunicirasmo komuniciraste komuniciravši komuniciraće komuniciraćemo komuniciraćete komuniciraćeš komuniciraću komuniciraše
tara	tarama
sjediniti	sjedinih sjedinismo sjediniste sjedinite sjedinivši sjediniće sjedinićemo sjedinićete sjedinićeš sjediniću sjediniš sjediniše
nazdraviti	nazdrave nazdravih nazdravismo nazdraviste nazdravivši nazdraviće nazdravićete nazdravićeš nazdraviše
infekcija	infekcijo
opak	najopakijeg najopakijega najopakijem najopakijemu najopakijih najopakijim najopakijima najopakijoj najopakijom najopakiju opakija opakijeg opakijega opakijem opakijemu opakijih opakijim opakijima opakijoj opakijom opakiju opakima opakoga opakome opakomu
proleće	prolećima
ograničen	ograničenima ograničenoga ograničenome ograničenomu
zaprositi	zaprose zaprosih zaprosimo zaprosismo zaprosiste zaprosivši zaprosiće zaprosićemo zaprosićete zaprosićeš zaprosiše
godišnji	godišnjega godišnjemu godišnjima
sulud	suludima suludoga suludoj suludome suludomu
izložba	izložaba izložbo
vršiti	vršah vršahu vršasmo vršaste vršaše vršiće vršićemo vršićete vršićeš vršiću
tur	turova turovi turovima
primjer	primjerima
razboleti	razboleh razbolesmo razboleste razbolevati razbolevši razbolećemo razbolećete razboleše
fenomenalan	fenomenalnih fenomenalnima fenomenalnoga fenomenalnoj fenomenalnome fenomenalnomu
tablica	tablico
pozadina	pozadinama pozadino
stranka	stranko
večan	večnima večnoga večnome večnomu
nafta	nafto
čarolija	čarolijo
predstavnik	predstavniče
stvaranje	stvaranjima
ada	adom
saradnja	saradnjama saradnjo
kolovoz	kolovoze kolovozi kolovozima kolovozom
struktura	strukturo
goniti	gonićemo gonićete gonićeš gonjah gonjahu gonjasmo gonjaste gonjaše
preporučiti	preporuče preporučih preporučimo preporučismo preporučiste preporučivši preporučiće preporučićemo preporučićete preporučićeš preporučiše
muva	muvom
kikiriki	kikirikije kikirikiji kikirikijima
impresioniran	impresioniranih impresioniranija impresioniranije impresioniranijeg impresioniranijega impresioniranijem impresioniranijemu impresioniraniji impresioniranijih impresioniranijim impresioniranijima impresioniranijoj impresioniranijom impresioniraniju impresioniranim impresioniranima impresioniranog impresioniranoga impresioniranoj impresioniranom impresioniranome impresioniranomu impresioniranu najimpresioniranija najimpresioniranije najimpresioniranijeg najimpresioniranijega najimpresioniranijem najimpresioniranijemu najimpresioniraniji najimpresioniranijih najimpresioniranijim najimpresioniranijima najimpresioniranijoj najimpresioniranijom najimpresioniraniju
uveren	najuverenija najuverenije najuverenijeg najuverenijega najuverenijem najuverenijemu najuvereniji najuverenijih najuverenijim najuverenijima najuverenijoj najuverenijom najuvereniju uverene uverenih uverenija uverenije uverenijeg uverenijega uverenijem uverenijemu uvereniji uverenijih uverenijim uverenijima uverenijoj uverenijom uvereniju uverenim uverenima uverenog uverenoga uverenoj uverenom uverenome uverenomu uverenu
gluv	gluvlja gluvlje gluvljeg gluvljega gluvljem gluvljemu gluvlji gluvljih gluvljim gluvljima gluvljoj gluvljom gluvlju gluvoga gluvoj gluvome gluvomu najgluvlja najgluvlje najgluvljeg najgluvljega najgluvljem najgluvljemu najgluvlji najgluvljih najgluvljim najgluvljima najgluvljoj najgluvljom najgluvlju
fajl	fajle fajlom
svesti	svezavši svezem svezemo svezete svezeš svezimo svezite svezoh svezosmo svezoste svezoše svezu svešće svešćemo svešćete svešćeš
označiti	označih označismo označiste označivši označićemo označićete označićeš označiću označiše
sirota	sirotama
ženiti	ženeći ženile ženiće ženićemo ženićete ženićeš ženiću ženjah ženjahu ženjasmo ženjaste ženjaše ženjenje
biološki	biološkima biološkoga biološkome biološkomu
njemački	njemačkima njemačkoga njemačkome njemačkomu
zavesa	zaveso
titula	titulo
funkcija	funkcijo
preporuka	preporuko
zateći	zateci zatecimo zatecite zatekavši zatekni zateknimo zateknite zatekoh zatekosmo zatekoste zatekoše zateku zateče zatečem zatečemo zatečete zatečeš
prepreka	prepreko
kletva	kletava kletvo
pravilan	najpravilnija najpravilnije najpravilnijeg najpravilnijega najpravilnijem najpravilnijemu najpravilniji najpravilnijih najpravilnijim najpravilnijima najpravilnijoj najpravilnijom najpravilniju pravilnih pravilnija pravilnije pravilnijeg pravilnijega pravilnijem pravilnijemu pravilniji pravilnijih pravilnijim pravilnijima pravilnijoj pravilnijom pravilniju pravilnima pravilnoga pravilnome pravilnomu
nadimak	nadimče
pregovor	pregovorom pregovoru
žalba	žalbo
napredan	najnaprednijeg najnaprednijega najnaprednijem najnaprednijemu najnaprednijim najnaprednijima najnaprednijoj najnaprednijom najnapredniju naprednijeg naprednijega naprednijem naprednijemu naprednijih naprednijim naprednijima naprednijoj naprednijom naprednima naprednoga naprednome naprednomu
značenje	značenjima
međuvrijeme	međuvremena međuvremenima međuvremenom
međuvreme	međuvremena međuvremenima međuvremenom
automatski	automatskima automatskoga automatskome automatskomu
smjestiti	smjestih smjestismo smjestiste smjestivši smjestiće smjestićemo smjestićete smjestićeš smjestiću smjestiše
unuk	vnuk
tašna	tašno
modrica	modrici modrico
čestica	čestici čestico česticom
isticati	isticah isticahu isticasmo isticaste isticaće isticaćemo isticaćete isticaćeš isticaću isticaše ističi ističimo ističite
agresivan	agresivnijeg agresivnijega agresivnijem agresivnijemu agresivnijih agresivnijim agresivnijima agresivnijoj agresivnijom agresivniju agresivnima agresivnoga agresivnoj agresivnome agresivnomu najagresivnija najagresivnije najagresivnijeg najagresivnijega najagresivnijem najagresivnijemu najagresivniji najagresivnijih najagresivnijim najagresivnijima najagresivnijoj najagresivnijom najagresivniju
mrtvac	mrtvacom mrtvače
čaroban	najčarobnija najčarobnije najčarobnijeg najčarobnijega najčarobnijem najčarobnijemu najčarobniji najčarobnijih najčarobnijim najčarobnijima najčarobnijoj najčarobnijom najčarobniju čarobnija čarobnije čarobnijeg čarobnijega čarobnijem čarobnijemu čarobniji čarobnijih čarobnijim čarobnijima čarobnijoj čarobnijom čarobniju čarobnima čarobnoga čarobnome čarobnomu
preseći	presekavši presekoh presekosmo presekoste presekoše
curica	curico
prikazivati	prikazivah prikazivahu prikazivasmo prikazivaste prikazivaće prikazivaćemo prikazivaćete prikazivaćeš prikazivaću prikazivaše prikazuj prikazujmo prikazujte
odaja	odajo odajom
puniti	puniće punićemo punićete punićeš puniću punjah punjahu punjasmo punjaste punjaše
spriječiti	spriječih spriječismo spriječiste spriječivši spriječiće spriječićemo spriječićete spriječićeš spriječiću spriječiše
gravitacija	gravitacijo
smio	najsmjelija najsmjelije najsmjelijeg najsmjelijega najsmjelijem najsmjelijemu najsmjeliji najsmjelijih najsmjelijim najsmjelijima najsmjelijoj najsmjelijom najsmjeliju smjelih smjelija smjelije smjelijeg smjelijega smjelijem smjelijemu smjeliji smjelijih smjelijim smjelijima smjelijoj smjelijom smjeliju smjelim smjelima smjelog smjeloga smjeloj smjelom smjelome smjelomu smjelu
rimski	rimskima rimskoga rimskome rimskomu
isprobati	isprobah isprobasmo isprobaste isprobavši isprobaće isprobaćete isprobaćeš isprobaše
pobjeda	pobieda pobjedama pobjedo
kopno	kopana kopnima
izbaviti	izbavih izbavismo izbaviste izbavivši izbaviće izbavićete izbavićeš izbaviše
prag	pragovi pragovima praže
kolonija	kolonijo
poremetiti	poremetih poremetismo poremetiste poremetite poremetivši poremetiće poremetićemo poremetićete poremetićeš poremetiću poremetiše
svadba	svadbo
septembar	septembara septembre septembri septembrima septembrom
ženka	ženaka ženci ženko
iluzija	iluzijo
teretana	teretanama teretano
naivan	naivnija naivnije naivnijeg naivnijega naivnijem naivnijemu naivniji naivnijih naivnijim naivnijima naivnijoj naivnijom naivniju naivnima naivnoga naivnoj naivnome naivnomu najnaivnija najnaivnije najnaivnijeg najnaivnijega najnaivnijem najnaivnijemu najnaivniji najnaivnijih najnaivnijim najnaivnijima najnaivnijoj najnaivnijom najnaivniju
strip	stripe
beskućnik	beskućniče
kockati	kockah kockahu kockajmo kockajte kockasmo kockaće kockaćemo kockaćete kockaćeš kockaću kockaše
bajka	bajko
materija	materijo
posjet	posjetima
računar	računarem
uslovan	uslovnih uslovnim uslovnima uslovnoga uslovnome uslovnomu
kup	kupom kupova kupove kupovi kupovima
isplata	isplato
narukvica	narukvico
ugled	uglede ugledi ugledima
brk	brkom brku brče
trg	trgovi trže
diploma	diplomo
kuhati	kuhah kuhahu kuhajmo kuhajte kuhajući kuhasmo kuhaste kuhaće kuhaćemo kuhaćete kuhaćeš kuhaću kuhaše
razvaliti	razvalih razvalismo razvaliste razvalivši razvalićete razvališe
obnoviti	obnovih obnovismo obnoviste obnovivši obnoviće obnovićete obnovićeš obnoviću obnoviše
ćošak	ćoškom ćoškovi
kongres	kongrese kongresi kongresima
beleška	belešci beleško beleškom
iskupiti	iskupeći iskupih iskupismo iskupiste iskupivši iskupiće iskupićemo iskupićete iskupićeš iskupiše iskupljah iskupljahu iskupljasmo iskupljaste iskupljaše
zavesti	zavedimo zavedoh zavedosmo zavedoste zavedoše zavevši zavešće zavešćemo zavešćete zavešćeš zavešću
pčela	bčela pčelo pčelom
poezija	poezijama poezijo
vozački	vozačkima vozačkoga vozačkome vozačkomu
detaljan	detaljnija detaljnijeg detaljnijega detaljnijem detaljnijemu detaljnijih detaljnijim detaljnijima detaljnijoj detaljnijom detaljnima detaljnoga detaljnoj detaljnome detaljnomu najdetaljnija najdetaljnije najdetaljnijeg najdetaljnijega najdetaljnijem najdetaljnijemu najdetaljniji najdetaljnijih najdetaljnijim najdetaljnijima najdetaljnijoj najdetaljnijom najdetaljniju
opšti	opštega opštemu opštima
roštilj	roštilji roštiljima
sekretar	sekretarima
mati	materama materom
domet	domete dometi dometima
imenovati	imenova imenovah imenovahu imenovasmo imenovaste imenovavši imenovaće imenovaćemo imenovaćete imenovaćeš imenovaše imenujmo imenujući
oproštaj	oproštaji oproštajima
dvorana	dvorano
bod	bodom
osnovati	osnovah osnovasmo osnovaste osnovavši osnovaće osnovaćete osnovaćeš osnovaše osnujmo osnujte
autoput	autopute autoputova autoputove autoputovi autoputovima
prisustvovati	prisustvovah prisustvovahu prisustvovanje prisustvovasmo prisustvovaste prisustvovaće prisustvovaćemo prisustvovaćete prisustvovaćeš prisustvovaću prisustvovaše prisustvuj prisustvujmo prisustvujte prisustvujući
bus	buse busevima
grobnica	grobnico
trudnoća	trudnoćama trudnoćo
proizvodnja	proizvodnjama proizvodnjo
smrdjeti	smrdjeće smrdjećemo smrdjećete smrdjećeš smrdjeću smrđah smrđahu smrđasmo smrđaste smrđaše smrđenje
močvara	močvaro
dodatak	dodatci dodatcima dodatče dodače
isporučiti	isporučih isporučismo isporučiste isporučivši isporučiće isporučićete isporučićeš isporučiše
zakletva	zakletvama zakletvo
hvaliti	hvaliće hvalićemo hvalićete hvalićeš hvaliću hvaljah hvaljahu hvaljasmo hvaljaste hvaljaše
munja	munjina
odanost	odanostima
lukav	lukavija lukavijeg lukavijega lukavijem lukavijemu lukavijih lukavijim lukavijima lukavijoj lukavijom lukaviju lukavima lukavoga lukavoj lukavom lukavome lukavomu najlukavija najlukavije najlukavijeg najlukavijega najlukavijem najlukavijemu najlukavijih najlukavijim najlukavijima najlukavijoj najlukavijom najlukaviju
pozornica	pozornicama
mafija	mafijama mafijo
vojvoda	vojvodama
švedski	švedskima švedskoga švedskome švedskomu
ovisiti	oviseći ovisite ovisiće ovisićemo ovisićete ovisićeš ovisiću ovisiš ovišah ovišahu ovišasmo ovišaste ovišaše ovišenje
locirati	locirah locirahu locirajmo locirajući locirasmo lociraste lociravši lociraće lociraćemo lociraćete lociraćeš lociraću lociraše
odleteti	odleteh odletesmo odleteste odletevši odletećete odleteše
vjenčati	vjenčah vjenčahu vjenčaj vjenčajući vjenčasmo vjenčaste vjenčavši vjenčaće vjenčaćete vjenčaćeš vjenčaću vjenčaše
inteligencija	inteligencijama inteligencijo
bedan	bednija bednije bednijeg bednijega bednijem bednijemu bedniji bednijih bednijim bednijima bednijoj bednijom bedniju bednima bednoga bednome bednomu najbednija najbednije najbednijeg najbednijega najbednijem najbednijemu najbednijih najbednijim najbednijima najbednijoj najbednijom najbedniju
kriminalan	kriminalnima kriminalnoga kriminalnome kriminalnomu
prenijeti	prenesoh prenesosmo prenesoste prenesoše prenije prenijeh prenijesmo prenijeste prenijeta prenijete prenijeto prenijevši prenijeće prenijećemo prenijećete prenijećeš prenijeću preniješe
doušnik	doušniče
pruga	prugo
građanski	građanskima građanskoga građanskome građanskomu
načelnik	načelnicima načelnike
osramotiti	osramotih osramotismo osramotiste osramotivši osramotiće osramotićemo osramotićete osramotiću osramotiše
turist	turistom
ostavka	ostavkama ostavki ostavko
izbiti	izbih izbijete izbijmo izbijte izbismo izbiste izbivši izbićemo izbićete izbićeš izbiše
vol	volovima
ukazati	ukazah ukazasmo ukazaste ukazavši ukazaćemo ukazaćete ukazaćeš ukazaću ukazaše ukažimo
kilogram	kilogramima kilogramom
hotelski	hotelskima hotelskoga hotelskome hotelskomu
nebitan	nebitnima nebitnog nebitnoga nebitnoj nebitnom nebitnome nebitnomu nebitnu
moralan	moralnija moralnije moralnijeg moralnijega moralnijem moralnijemu moralniji moralnijih moralnijim moralnijima moralnijoj moralnijom moralniju moralnima moralnoga moralnome moralnomu najmoralnija najmoralnije najmoralnijeg najmoralnijega najmoralnijem najmoralnijemu najmoralniji najmoralnijih najmoralnijim najmoralnijima najmoralnijoj najmoralnijom najmoralniju
podijeliti	podijelih podijelismo podijeliste podijelivši podijeliće podijelićemo podijelićete podijelićeš podijeliću podijeliše
buditi	budivši budiće budićemo budićete budićeš budiću buđah buđahu buđasmo buđaste buđaše
prilaziti	prilazeći prilaziće prilazićemo prilazićete prilazićeš prilaziću prilažah prilažahu prilažasmo prilažaste prilažaše prilaženje
depresija	depresijama depresijo
navesti	navezavši naveze navezem navezemo navezete navezeš navezi navezimo navezite navezoh navezosmo navezoste navezoše navezu navešće navešćete navešćeš
uzak	najuža najuže najužeg najužega najužem najužemu najužih najužim najužima najužoj najužom najužu uskima uskoga uskome uskomu užega užemu užih užim užima užoj užom užu
poniziti	ponizih ponizismo poniziste ponizivši poniziće ponizićemo ponizićete ponizićeš poniziću poniziše
trauma	traumo
figura	figuro
nasmešiti	nasmeše nasmeših nasmešimo nasmešismo nasmešiste nasmešivši nasmešiće nasmešićemo nasmešićete nasmešićeš nasmešiću nasmešiše
utočište	utočištima
komisija	komisijama komisijo
zasluga	zaslugo
nebeski	nebeskima nebeskoga nebeskome nebeskomu
konzerva	konzervo
sajt	sajte
jeziv	jezivija jezivijeg jezivijega jezivijem jezivijemu jezivijih jezivijim jezivijima jezivijoj jezivijom jeziviju jezivima jezivoga jezivome jezivomu najjezivija najjezivije najjezivijeg najjezivijega najjezivijem najjezivijemu najjeziviji najjezivijih najjezivijim najjezivijima najjezivijoj najjezivijom najjeziviju
leteći	letećega letećemu letećima letećom
čudesan	najčudesnijeg najčudesnijega najčudesnijem najčudesnijemu najčudesnijih najčudesnijim najčudesnijima najčudesnijoj najčudesnijom najčudesniju čudesnija čudesnije čudesnijeg čudesnijega čudesnijem čudesnijemu čudesniji čudesnijih čudesnijim čudesnijima čudesnijoj čudesnijom čudesniju čudesnima čudesnoga čudesnome čudesnomu
vladin	vladinima
diplomirati	diplomirah diplomirahu diplomiraj diplomirajmo diplomirajte diplomirajući diplomirasmo diplomiraste diplomiravši diplomiraće diplomiraćemo diplomiraćete diplomiraćeš diplomiraše
popustiti	popustih popustismo popustiste popustivši popustićemo popustićete popustićeš popustiše
lediti	ledeći ledim ledimo ledite lediće ledićemo ledićete ledićeš lediću lediš leđah leđahu leđasmo leđaste leđaše leđenje
lagan	laganija laganijeg laganijega laganijem laganijemu laganiji laganijih laganijim laganijima laganijoj laganijom laganiju laganima laganoga laganome laganomu najlaganija najlaganije najlaganijeg najlaganijega najlaganijem najlaganijemu najlaganiji najlaganijih najlaganijim najlaganijima najlaganijoj najlaganijom najlaganiju
popravak	popravče
praksa	praksama prakso
odstupiti	odstupih odstupismo odstupiste odstupivši odstupiće odstupićemo odstupićete odstupićeš odstupiću odstupiše
dosaditi	dosadih dosadimo dosadismo dosadiste dosadite dosadivši dosadićemo dosadićete dosadićeš dosadiću dosadiš dosadiše
mužjak	mužjače
služben	najslužbenija najslužbenije najslužbenijeg najslužbenijega najslužbenijem najslužbenijemu najslužbeniji najslužbenijih najslužbenijim najslužbenijima najslužbenijoj najslužbenijom najslužbeniju službenija službenije službenijeg službenijega službenijem službenijemu službeniji službenijih službenijim službenijima službenijoj službenijom službeniju službenima službenoga službenome službenomu
odlučan	najodlučnija najodlučnije najodlučnijeg najodlučnijega najodlučnijem najodlučnijemu najodlučniji najodlučnijih najodlučnijim najodlučnijima najodlučnijoj najodlučnijom najodlučniju odlučnih odlučnija odlučnijeg odlučnijega odlučnijem odlučnijemu odlučnijih odlučnijim odlučnijima odlučnijoj odlučnijom odlučniju odlučnima odlučnoga odlučnoj odlučnome odlučnomu
lan	lanova lanove lanovi lanovima
ustanova	ustanovo
rušiti	rušah rušahu rušasmo rušaste rušaše rušiće rušićemo rušićete rušićeš rušiću
ranjiv	najranjivijeg najranjivijega najranjivijem najranjivijemu najranjivijih najranjivijim najranjivijima najranjivijoj najranjivijom najranjiviju ranjivije ranjivijeg ranjivijega ranjivijem ranjivijemu ranjivijih ranjivijim ranjivijima ranjivijoj ranjivijom ranjiviju ranjivoga ranjivoj ranjivome ranjivomu
tuširati	tuširah tuširahu tuširajmo tuširajte tuširajući tuširasmo tuširaste tuširaće tuširaćemo tuširaćete tuširaćeš tuširaću tuširaše
dodeliti	dodelih dodelismo dodeliste dodelivši dodelićemo dodelićete dodelićeš dodeliš dodeliše
spas	spasom
potvrđivati	potvrđivah potvrđivahu potvrđivasmo potvrđivaste potvrđivaće potvrđivaćemo potvrđivaćete potvrđivaćeš potvrđivaću potvrđivaše potvrđuj potvrđujmo potvrđujte
sram	sramova sramove sramovi sramovima
pretraga	pretrago
jezgro	jezgrima
nevaljao	najnevaljalija najnevaljalije najnevaljalijeg najnevaljalijega najnevaljalijem najnevaljalijemu najnevaljaliji najnevaljalijih najnevaljalijim najnevaljalijima najnevaljalijoj najnevaljalijom najnevaljaliju nevaljalija nevaljalije nevaljalijeg nevaljalijega nevaljalijem nevaljalijemu nevaljaliji nevaljalijih nevaljalijim nevaljalijima nevaljalijoj nevaljalijom nevaljaliju nevaljalima nevaljaloga nevaljaloj nevaljalom nevaljalome nevaljalomu
mačak	mačci mačcima
sklad	sklade skladom
sperma	spermama spermo
klupa	kluperina klupo
četvoro	četvorga četvorma
izgovarati	izgovarah izgovarahu izgovarajmo izgovarasmo izgovaraste izgovaraće izgovaraćemo izgovaraćete izgovaraćeš izgovaraću izgovaraše
završni	završnima završnoga završnome završnomu
batina	batini batino
naslednik	nasledniče
zreo	najzrelija najzrelije najzrelijeg najzrelijega najzrelijem najzrelijemu najzreliji najzrelijih najzrelijim najzrelijima najzrelijoj najzrelijom najzreliju zrelijeg zrelijega zrelijem zrelijemu zrelijih zrelijim zrelijima zrelijoj zrelijom zreliju zrelima zreloga zrelome zrelomu
zagonetka	zagoneci zagonetaka zagonetko
fizika	fizikama fiziko
brutalan	brutalnija brutalnijeg brutalnijega brutalnijem brutalnijemu brutalniji brutalnijih brutalnijim brutalnijima brutalnijoj brutalnijom brutalniju brutalnima brutalnoga brutalnome brutalnomu najbrutalnija najbrutalnije najbrutalnijeg najbrutalnijega najbrutalnijem najbrutalnijemu najbrutalnijim najbrutalnijima najbrutalnijoj najbrutalnijom najbrutalniju
garderoba	garderobama garderobo
ekonomija	ekonomijama ekonomijo
riskirati	riskirah riskirahu riskirajmo riskirajte riskirasmo riskiraste riskiravši riskiraće riskiraćemo riskiraćete riskiraćeš riskiraću riskiraše
praznina	prazninama praznino
zarada	zaradama zarado
galerija	galerijo
sastajati	sastaj sastajah sastajahu sastajasmo sastajaste sastajaće sastajaćemo sastajaćete sastajaćeš sastajaću sastajaše sastajmo sastajte sastajući
uzbuđivati	uzbuđivah uzbuđivahu uzbuđivanje uzbuđivasmo uzbuđivaste uzbuđivaće uzbuđivaćemo uzbuđivaćete uzbuđivaćeš uzbuđivaću uzbuđivaše uzbuđujmo
škotski	škotskima škotskoga škotskome škotskomu
korporacija	korporacijo
kočnica	kočnico
odsek	odsecima odseke
izraziti	izrazih izrazismo izraziste izrazivši izraziće izrazićemo izrazićete izrazićeš izraziću izraziše
vrteti	vrteće vrtećemo vrtećete vrtećeš vrteću vrćah vrćahu vrćasmo vrćaste vrćaše vrćenje
emotivan	emotivnija emotivnije emotivnijeg emotivnijega emotivnijem emotivnijemu emotivniji emotivnijih emotivnijim emotivnijima emotivnijoj emotivnijom emotivniju emotivnima emotivnoga emotivnome emotivnomu najemotivnija najemotivnije najemotivnijeg najemotivnijega najemotivnijem najemotivnijemu najemotivniji najemotivnijih najemotivnijim najemotivnijima najemotivnijoj najemotivnijom najemotivniju
primećivati	primećivah primećivahu primećivanje primećivasmo primećivaste primećivaće primećivaćemo primećivaćete primećivaćeš primećivaću primećivaše primećuj primećujmo primećujte primećujući
masaža	masažo
navoditi	navodiće navodićemo navodićete navodićeš navodiću navođah navođahu navođasmo navođaste navođaše
obiteljski	obiteljskima obiteljskoga obiteljskome obiteljskomu
rezervisati	rezervišimo
čik	čikova čikove čikovi čikovima čiče
mrtvačnica	mrtvačnicama mrtvačnico mrtvačnicom
paklen	paklenima paklenoga paklenome paklenomu
pelena	peleno pelenom
lijevi	lijevih lijevima lijevoga lijevome lijevomu
moma	momama momom
školjka	školjko
volan	volane volani volanima
odobravati	odobravah odobravahu odobravaj odobravajmo odobravajte odobravajući odobravasmo odobravaste odobravaće odobravaćemo odobravaćete odobravaćeš odobravaću odobravaše
suočavati	suočavah suočavahu suočavaj suočavajmo suočavajte suočavasmo suočavaste suočavaće suočavaćemo suočavaćete suočavaćeš suočavaću suočavaše
nabaciti	nabacih nabacismo nabaciste nabacivši nabaciće nabacićemo nabacićete nabacićeš nabaciše
ambasada	ambasado
som	somom somovima
nedužan	nedužnima nedužnoga nedužnome nedužnomu
drven	drvenima drveno drvenoga drvenome drvenomu
obrazac	obrašče
kvar	kvarovima
rastaviti	rastavih rastavismo rastaviste rastavivši rastaviće rastavićemo rastavićete rastavićeš rastaviše
ispunjavati	ispunjavah ispunjavahu ispunjavaj ispunjavajmo ispunjavajte ispunjavasmo ispunjavaste ispunjavaće ispunjavaćemo ispunjavaćete ispunjavaćeš ispunjavaću ispunjavaše
staromodan	najstaromodnija najstaromodnije najstaromodnijeg najstaromodnijega najstaromodnijem najstaromodnijemu najstaromodniji najstaromodnijih najstaromodnijim najstaromodnijima najstaromodnijoj najstaromodnijom najstaromodniju staromodnija staromodnije staromodnijeg staromodnijega staromodnijem staromodnijemu staromodniji staromodnijih staromodnijim staromodnijima staromodnijoj staromodnijom staromodniju staromodnima staromodnoga staromodnoj staromodnome staromodnomu
obožavalac	obožavaocu obožavaoče
ogrebotina	ogrebotini ogrebotino
skenirati	skenirah skenirahu skenirajmo skenirasmo skeniraste skeniravši skeniraće skeniraćemo skeniraćete skeniraćeš skeniraše
saobraćajni	saobraćajnima saobraćajnoga saobraćajnome saobraćajnomu
četa	četama
limuzina	limuzino
ravnoteža	ravnotežama ravnotežo
vrhunac	vrhunce vrhuncem vrhunci vrhuncima vrhunče
zvaničan	zvaničnima zvaničnoga zvaničnome zvaničnomu
nastupati	nastupah nastupahu nastupaj nastupajmo nastupajte nastupajući nastupasmo nastupaste nastupaće nastupaćemo nastupaćete nastupaćeš nastupaću nastupaše
pomešati	pomešah pomešajmo pomešasmo pomešaste pomešavši pomešaće pomešaćemo pomešaćete pomešaćeš pomešaću pomešaše
bistar	bistrijeg bistrijega bistrijem bistrijemu bistrijih bistrijim bistrijima bistrijoj bistrijom bistriju bistrima bistroga bistroj bistrome bistromu najbistrije najbistrijeg najbistrijega najbistrijem najbistrijemu najbistrijih najbistrijim najbistrijima najbistrijoj najbistrijom najbistriju
grana	grano
posećivati	posećivah posećivahu posećivane posećivasmo posećivaste posećivaće posećivaćemo posećivaćete posećivaćeš posećivaše posećuj posećujmo posećujte
parada	parado
kresnuti	kresnimo kresnite kresnuh kresnusmo kresnuste kresnuvši kresnuće kresnućemo kresnućete kresnućeš kresnuše
pridržati	pridrža pridržah pridržasmo pridržaste pridržavši pridržaće pridržaćemo pridržaćete pridržaćeš pridržaše pridrže pridržimo
republika	republikama republiko
konkurencija	konkurencijama konkurencijo
rođendanski	rođendanskima rođendanskoga rođendanskome rođendanskomu
složen	najsloženija najsloženije najsloženijeg najsloženijega najsloženijem najsloženijemu najsloženijih najsloženijim najsloženijima najsloženijoj najsloženijom najsloženiju složenijeg složenijega složenijem složenijemu složenijih složenijim složenijima složenijoj složenijom složeniju složenima složenoga složenome složenomu
obrana	obranama
naslediti	nasledih nasledimo nasledismo naslediste nasledite nasledivši nasledićemo nasledićete nasledićeš naslediću naslediše
isterati	isterah isterasmo isteraste isteravši isteraćete isteraćeš isteraše
konac	konče
umoriti	umorih umorismo umoriste umorivši umorićemo umorićete umoriću umoriše
iskočiti	iskočih iskočismo iskočiste iskočivši iskočiće iskočićemo iskočićete iskočićeš iskočiše
suknja	sukanja suknjo
puk	pucima pukova pukove pukovima
krivac	krivče
proceniti	procenih procenismo proceniste procenivši proceniće procenićemo procenićete procenićeš proceniću proceniše
sjaj	sjajeva sjajeve sjajevi sjajevima
šah	šahova šahove šahovi šahovima šaše
štala	štalo štalom
sed	najsedija najsedije najsedijeg najsedijega najsedijem najsedijemu najsediji najsedijih najsedijim najsedijima najsedijoj najsedijom najsediju sedija sedije sedijeg sedijega sedijem sedijemu sediji sedijih sedijim sedijima sedijoj sedijom sediju sedima sedo sedog sedoga sedoj sedome sedomu
misteriozan	misterioznija misterioznije misterioznijeg misterioznijega misterioznijem misterioznijemu misteriozniji misterioznijih misterioznijim misterioznijima misterioznijoj misterioznijom misteriozniju misterioznima misterioznoga misterioznome misterioznomu najmisterioznija najmisterioznije najmisterioznijeg najmisterioznijega najmisterioznijem najmisterioznijemu najmisteriozniji najmisterioznijih najmisterioznijim najmisterioznijima najmisterioznijoj najmisterioznijom najmisteriozniju
svetao	najsvetlijeg najsvetlijega najsvetlijem najsvetlijemu najsvetlijih najsvetlijim najsvetlijima najsvetlijoj najsvetlijom najsvetliju svetlijeg svetlijega svetlijem svetlijemu svetlijih svetlijim svetlijima svetlijoj svetlijom svetloga svetlome svetlomu
spomenik	spomeniče
truo	najtrulija najtrulije najtrulijeg najtrulijega najtrulijem najtrulijemu najtruliji najtrulijih najtrulijim najtrulijima najtrulijoj najtrulijom najtruliju trulija trulije trulijeg trulijega trulijem trulijemu truliji trulijih trulijim trulijima trulijoj trulijom truliju trulima truloga trulome trulomu
udaljenost	udaljenošću
gušiti	gušah gušahu gušasmo gušaste gušaše gušiće gušićemo gušićete gušićeš gušiću
sagnuti	sagnemo sagnete sagnimo sagnuh sagnusmo sagnuste sagnuvši sagnuće sagnućemo sagnućete sagnućeš sagnuću sagnuše
nepristojan	najnepristojnija najnepristojnije najnepristojnijeg najnepristojnijega najnepristojnijem najnepristojnijemu najnepristojniji najnepristojnijih najnepristojnijim najnepristojnijima najnepristojnijoj najnepristojnijom najnepristojniju nepristojnija nepristojnije nepristojnijeg nepristojnijega nepristojnijem nepristojnijemu nepristojniji nepristojnijih nepristojnijim nepristojnijima nepristojnijoj nepristojnijom nepristojniju nepristojnima nepristojnoga nepristojnoj nepristojnom nepristojnome nepristojnomu
injekcija	injekcijo
testament	testamenata testamenti testamentima
vukodlak	vukodlače
zagrejati	zagreja zagrejah zagrejasmo zagrejaste zagrejavši zagrejaćemo zagrejaćete zagrejaćeš zagrejaše zagrejmo
limun	limunima limunu
vlažan	najvlažnija najvlažnije najvlažnijeg najvlažnijega najvlažnijem najvlažnijemu najvlažniji najvlažnijih najvlažnijim najvlažnijima najvlažnijoj najvlažnijom najvlažniju vlažnija vlažnijeg vlažnijega vlažnijem vlažnijemu vlažniji vlažnijih vlažnijim vlažnijima vlažnijoj vlažnijom vlažniju vlažnima vlažnoga vlažnome vlažnomu
potencijal	potencijalima
preživljavati	preživljavah preživljavahu preživljavaj preživljavajmo preživljavajte preživljavajući preživljavasmo preživljavaste preživljavaće preživljavaćemo preživljavaćete preživljavaćeš preživljavaću preživljavaše
zet	zetova zetove zetovima
cvijeće	cvietje cvieće
poništiti	poništih poništismo poništiste poništivši poništićemo poništićete poništićeš poništiše
finale	finalem finalima
krivina	krivino
napitak	napiče
golub	golubi golubima
bolan	bolnijeg bolnijega bolnijem bolnijemu bolnijih bolnijim bolnijima bolnijoj bolnijom bolniju bolnima bolnoga bolnome bolnomu najbolnijeg najbolnijega najbolnijem najbolnijemu najbolnijih najbolnijim najbolnijima najbolnijoj najbolnijom najbolniju
postupati	postupah postupahu postupajmo postupajući postupasmo postupaste postupaće postupaćemo postupaćete postupaćeš postupaću postupaše
leptir	leptirove leptirovi leptirovima
opirati	opirah opirahu opirasmo opiraste opiraće opiraćemo opiraćete opiraćeš opiraću opiraše opirimo opirući
primerak	primerče
komesar	komesarima
tajnost	tajnostima
bezobrazan	bezobraznija bezobraznije bezobraznijeg bezobraznijega bezobraznijem bezobraznijemu bezobrazniji bezobraznijih bezobraznijim bezobraznijima bezobraznijoj bezobraznijom bezobrazniju bezobraznima bezobraznoga bezobraznoj bezobraznom bezobraznome bezobraznomu najbezobraznija najbezobraznije najbezobraznijeg najbezobraznijega najbezobraznijem najbezobraznijemu najbezobrazniji najbezobraznijih najbezobraznijim najbezobraznijima najbezobraznijoj najbezobraznijom najbezobrazniju
verenik	verenicima verenike vereniče
stran	stranima stranoga stranome stranomu
rebro	rebrom
naspavati	naspavah naspavajmo naspavasmo naspavaste naspavavši naspavaće naspavaćemo naspavaćete naspavaćeš naspavaću naspavaše
nagodba	nagodaba nagodbama nagodbo
podesiti	podesih podesismo podesiste podesivši podesiće podesićemo podesićete podesićeš podesiše
duž	dužima dužju
dvor	dvorima dvorova dvorove dvorovi
prsa	prsi
telegram	telegramima
tvrđava	tvrđavama tvrđavo
psihopat	psihopatima
smrznuti	smrznimo smrznite smrznuh smrznusmo smrznuste smrznuvši smrznućete smrznuše
suprotstaviti	suprotstavih suprotstavismo suprotstaviste suprotstavivši suprotstaviće suprotstavićemo suprotstavićete suprotstavićeš suprotstaviću suprotstaviše
usmeriti	usmerih usmerismo usmeriste usmerivši usmeriće usmerićemo usmerićete usmerićeš usmeriću usmeriše
fascinantan	fascinantnija fascinantnije fascinantnijeg fascinantnijega fascinantnijem fascinantnijemu fascinantniji fascinantnijih fascinantnijim fascinantnijima fascinantnijoj fascinantnijom fascinantniju fascinantnima fascinantnog fascinantnoga fascinantnoj fascinantnome fascinantnomu najfascinantnija najfascinantnije najfascinantnijeg najfascinantnijega najfascinantnijem najfascinantnijemu najfascinantniji najfascinantnijim najfascinantnijima najfascinantnijoj najfascinantnijom najfascinantniju
metalan	metalnima metalnoga metalnome metalnomu
stidljiv	najstidljivija najstidljivije najstidljivijeg najstidljivijega najstidljivijem najstidljivijemu najstidljiviji najstidljivijih najstidljivijim najstidljivijima najstidljivijoj najstidljivijom najstidljiviju stidljivih stidljivija stidljivije stidljivijeg stidljivijega stidljivijem stidljivijemu stidljiviji stidljivijih stidljivijim stidljivijima stidljivijoj stidljivijom stidljiviju stidljivima stidljivoga stidljivoj stidljivom stidljivome stidljivomu
odsustvo	odsustava odsustvima
doznati	doznah doznajmo doznasmo doznaste doznavati doznavši doznaće doznaćemo doznaćete doznaćeš doznaću doznaše
mekan	mekanija mekanije mekanijeg mekanijega mekanijem mekanijemu mekaniji mekanijih mekanijim mekanijima mekanijoj mekanijom mekaniju mekanima mekanoga mekanoj mekanome mekanomu najmekanija najmekanije najmekanijeg najmekanijega najmekanijem najmekanijemu najmekaniji najmekanijih najmekanijim najmekanijima najmekanijoj najmekanijom najmekaniju
primorati	primorah primoraj primorajmo primorajte primorasmo primoraste primorate primoravši primoraće primoraćemo primoraćete primoraćeš primoraću primoraše
lišće	listje
oprez	opreze
zabrana	zabrano
avgust	avgusti avgustima avgustom
palačinka	palačinko palačinkom
stupiti	stupih stupismo stupiste stupivši stupiće stupićemo stupićete stupićeš stupiše
pečen	pečenima pečenoga pečenoj pečenome pečenomu
obrijati	obrijah obrijasmo obrijaste obrijavši obrijaće obrijaćemo obrijaćete obrijaćeš obrijaše obrijmo
turnir	turnirom
simpatičan	najsimpatičnija najsimpatičnije najsimpatičnijeg najsimpatičnijega najsimpatičnijem najsimpatičnijemu najsimpatičniji najsimpatičnijih najsimpatičnijim najsimpatičnijima najsimpatičnijoj najsimpatičnijom najsimpatičniju simpatičnija simpatičnije simpatičnijeg simpatičnijega simpatičnijem simpatičnijemu simpatičnijih simpatičnijim simpatičnijima simpatičnijoj simpatičnijom simpatičniju simpatičnima simpatičnoga simpatičnoj simpatičnom simpatičnome simpatičnomu
značaj	značaje značaji značajima
pronalaziti	pronalaziće pronalazićemo pronalazićete pronalazićeš pronalaziću pronalažah pronalažahu pronalažasmo pronalažaste pronalažaše
vrtjeti	vrtjeće vrtjećemo vrtjećete vrtjećeš vrtjeću vrćah vrćahu vrćasmo vrćaste vrćaše vrćenje
divljina	divjina divljino
zapovjednik	zapovjednicima zapovjednike
drzak	drskih drskija drskije drskijeg drskijega drskijem drskijemu drskijih drskijim drskijima drskijoj drskijom drskiju drskima drskoga drskoj drskome drskomu najdrskija najdrskije najdrskijeg najdrskijega najdrskijem najdrskijemu najdrskiji najdrskijih najdrskijim najdrskijima najdrskijoj najdrskijom najdrskiju
olakšanje	olakšanjima olakšanju
duhovan	duhovnija duhovnije duhovnijeg duhovnijega duhovnijem duhovnijemu duhovniji duhovnijih duhovnijim duhovnijima duhovnijoj duhovnijom duhovniju duhovnima duhovnoga duhovnome duhovnomu najduhovnija najduhovnije najduhovnijeg najduhovnijega najduhovnijem najduhovnijemu najduhovniji najduhovnijih najduhovnijim najduhovnijima najduhovnijoj najduhovnijom najduhovniju
čokoladni	čokoladnima čokoladnoga čokoladnome čokoladnomu
derati	derah derahu derale derali deralo derana derani derano derasmo deraste deraće deraćemo deraćete deraćeš deraću deraše derimo derući
formula	formulo
realan	najrealnija najrealnije najrealnijeg najrealnijega najrealnijem najrealnijemu najrealniji najrealnijih najrealnijim najrealnijima najrealnijoj najrealnijom najrealniju realnijeg realnijega realnijem realnijemu realnijih realnijim realnijima realnijoj realnijom realniju realnima realnoga realnoj realnome realnomu
mrav	mravom
zbrka	zbrkama zbrko
zapovednik	zapovednicima zapovednike
bezbedan	bezbednjii
zaseda	zasedama zasedo zasedom
trojka	trojaka
iznervirati	iznervirah iznerviraj iznervirajmo iznervirajte iznerviramo iznervirasmo iznerviraste iznerviravši iznerviraće iznerviraćemo iznerviraćete iznerviraćeš iznerviraću iznerviraše
frekvencija	frekvencijo
iznenadan	iznenadnima iznenadnoga iznenadnome iznenadnomu
večerašnji	večerašnjega večerašnjemu večerašnjima
pizda	pizdama
kvariti	kvarah kvarahu kvarasmo kvaraste kvaraše kvareći kvariće kvarićemo kvarićete kvarićeš kvariću
indijski	indijskima indijskoga indijskome indijskomu
dohvatiti	dohvatih dohvatismo dohvatiste dohvativši dohvatiće dohvatićemo dohvatićete dohvatićeš dohvatiše dohvaćati
kreativan	kreativnija kreativnijeg kreativnijega kreativnijem kreativnijemu kreativnijih kreativnijim kreativnijima kreativnijoj kreativnijom kreativniju kreativnima kreativnoga kreativnome kreativnomu najkreativnija najkreativnije najkreativnijeg najkreativnijega najkreativnijem najkreativnijemu najkreativniji najkreativnijih najkreativnijim najkreativnijima najkreativnijoj najkreativnijom najkreativniju
neophodan	neophodnima neophodnoga neophodnoj neophodnome neophodnomu
ispratiti	ispratih ispratismo ispratiste isprativši ispratiće ispratićete ispratićeš ispratiše ispraćati
plivanje	plivanjima
stanovati	stanovah stanovahu stanovasmo stanovaste stanovaće stanovaćemo stanovaćete stanovaćeš stanovaću stanovaše stanuj stanujmo stanujte stanujući
bespomoćan	bespomoćnija bespomoćnije bespomoćnijeg bespomoćnijega bespomoćnijem bespomoćnijemu bespomoćniji bespomoćnijih bespomoćnijim bespomoćnijima bespomoćnijoj bespomoćnijom bespomoćniju bespomoćnoga bespomoćnoj bespomoćnome bespomoćnomu najbespomoćnija najbespomoćnije najbespomoćnijeg najbespomoćnijega najbespomoćnijem najbespomoćnijemu najbespomoćniji najbespomoćnijih najbespomoćnijim najbespomoćnijima najbespomoćnijoj najbespomoćnijom najbespomoćniju
kukuruz	kukuruze kukuruzi kukuruzima
astronaut	astronautom
sapun	sapunima
oštro	oštrima
zadiviti	zadive zadivih zadivismo zadiviste zadivivši zadiviće zadivićemo zadivićete zadivićeš zadiviću zadiviše zadivljavati
najaviti	najavih najavilo najavismo najaviste najavivši najaviće najavićemo najavićete najavićeš najaviše najavljene
unajmiti	unajmih unajmismo unajmiste unajmivši unajmiće unajmićete unajmićeš unajmiše unajmljivati
krpa	krpo
dobrota	dobrotama dobroto dobrotski dobroćanin dobroćanka
povjerenje	povjerenjima
mlijeko	mlieko
tucati	tucah tucahu tucajmo tucajte tucajući tucasmo tucaste tucaće tucaćemo tucaćete tucaćeš tucaću tucaše
kupati	kupah kupahu kupajmo kupajte kupajući kupalo kupan kupana kupane kupani kupano kupasmo kupaste kupaćemo kupaćete kupaćeš kupaše
svjestan	najsvjesnija najsvjesnije najsvjesnijeg najsvjesnijega najsvjesnijem najsvjesnijemu najsvjesniji najsvjesnijih najsvjesnijim najsvjesnijima najsvjesnijoj najsvjesnijom najsvjesniju svjesne svjesnih svjesnija svjesnije svjesnijeg svjesnijega svjesnijem svjesnijemu svjesniji svjesnijih svjesnijim svjesnijima svjesnijoj svjesnijom svjesniju svjesnim svjesnima svjesnog svjesnoga svjesnoj svjesnom svjesnome svjesnomu svjesnu
meksički	meksičkima meksičkoga meksičkome meksičkomu
pretući	pretucimo pretucite pretukavši pretukoh pretukosmo pretukoste pretukoše pretučemo pretučete
isprati	isperimo ispra isprah isprasmo ispraste ispravši ispraće ispraćemo ispraćete ispraćeš ispraću
snalaziti	snalazeći snalaziće snalazićemo snalazićete snalazićeš snalaziću snalažah snalažahu snalažasmo snalažaste snalažaše
prisluškivati	prisluškivah prisluškivahu prisluškivasmo prisluškivaste prisluškivaće prisluškivaćemo prisluškivaćete prisluškivaćeš prisluškivaću prisluškivaše prisluškujmo prisluškujući
lozinka	lozinaka lozinci lozinkama lozinko
privremen	privremenima privremenoga privremenome privremenomu
razmena	razmenama razmeno
protiviti	protiveći protiviće protivićemo protivićete protivićeš protiviću protivljah protivljahu protivljasmo protivljaste protivljaše
profit	profitima
nadzornik	nadzornicima
neuspeh	neuspeše
načiniti	načinih načinismo načiniste načinivši načiniće načinićemo načinićete načinićeš načiniše
kajla	kajlama kajlo
zadaviti	zadavih zadavismo zadaviste zadavivši zadaviće zadavićemo zadavićete zadavićeš zadaviše zadavljivati
smjer	smjerove smjerovi
neprijatan	najneprijatnija najneprijatnije najneprijatnijeg najneprijatnijega najneprijatnijem najneprijatnijemu najneprijatnijih najneprijatnijim najneprijatnijima najneprijatnijoj najneprijatnijom najneprijatniju neprijatnija neprijatnijeg neprijatnijega neprijatnijem neprijatnijemu neprijatniji neprijatnijih neprijatnijim neprijatnijima neprijatnijoj neprijatnijom neprijatniju neprijatnima neprijatnoga neprijatnome neprijatnomu
zastupati	zastupah zastupahu zastupaj zastupajmo zastupajte zastupajući zastupasmo zastupaste zastupaće zastupaćemo zastupaćete zastupaćeš zastupaše
čvor	čvore
bivati	bivah bivahu bivaj bivajmo bivajte bivanje bivasmo bivaste bivate bivaće bivaćemo bivaćete bivaćeš bivaću bivaše
dosađivati	dosađivah dosađivahu dosađivasmo dosađivaste dosađivaće dosađivaćemo dosađivaćete dosađivaćeš dosađivaću dosađivaše dosađujmo dosađujući
nemoguć	nemogućega nemogućemu nemogućima
maramica	maramico
realnost	realnostima
tragati	tragah tragahu tragaj tragajmo tragajte tragasmo tragaste tragaće tragaćemo tragaćete tragaćeš tragaću tragaše
zdravstveni	zdravstvenima zdravstvenoga zdravstvenome zdravstvenomu
nevjerojatan	najnevjerojatnije najnevjerojatnijeg najnevjerojatnijega najnevjerojatnijem najnevjerojatnijemu najnevjerojatniji najnevjerojatnijih najnevjerojatnijim najnevjerojatnijima najnevjerojatnijoj najnevjerojatnijom najnevjerojatniju nevjerojatnija nevjerojatnije nevjerojatnijeg nevjerojatnijega nevjerojatnijem nevjerojatnijemu nevjerojatniji nevjerojatnijih nevjerojatnijim nevjerojatnijima nevjerojatnijoj nevjerojatnijom nevjerojatniju nevjerojatnima nevjerojatnoga nevjerojatnome nevjerojatnomu
gristi	grizavši grizen grizenje grizijah grizijahu grizijasmo grizijaste grizijaše grizimo grizoh grizosmo grizoste grizoše grizući grišće grišćemo grišćete grišćeš grišću
slanina	slaninama slanino
izgradnja	izgradnjama izgradnjo
invazija	invazijama invazijo
poveriti	poveravati poverih poverismo poveriste poverivši poveriće poverićemo poverićete poverićeš poveriše
zapovijed	zapovijeđu
optužnica	optužnico
razotkriti	razotkri razotkrih razotkrij razotkrijmo razotkrijte razotkrismo razotkriste razotkrivene razotkrivši razotkrićete razotkrićeš razotkriše
kiselina	kiselino
doručkovati	doručkova doručkovah doručkovahu doručkovanje doručkovasmo doručkovaste doručkovavši doručkovaće doručkovaćete doručkovaćeš doručkovaću doručkovaše doručkujmo doručkujući
vjetar	vietar vitar vjetara vjetre vjetri vjetrima
izuzetak	izuzetku
znojiti	znojah znojahu znojasmo znojaste znojaše znojiće znojićemo znojićete znojićeš znojiću
oktobar	oktobara oktobre oktobri oktobrima oktobrom
zemljište	zemljištima
gladak	glatkih glatkima glatkoga glatkoj glatkome glatkomu glađa glađe glađeg glađega glađem glađemu glađi glađih glađim glađima glađoj glađom najglađa najglađe najglađeg najglađega najglađem najglađemu najglađi najglađih najglađim najglađima najglađoj najglađom najglađu
toplota	toplotama toploto
zaštitni	zaštitnima zaštitnoga zaštitnome zaštitnomu
daljina	daljinama daljino daljinom
insekt	insekat insektom
lola	lolama
prijetnja	prijetnjo
osloniti	oslonih oslonismo osloniste oslonivši osloniće oslonićemo oslonićete oslonićeš osloniću osloniše
crći	crkavati crkavši crknete crknimo crknuh crknula crknule crknuli crknulo crknusmo crknuste crknuše crkosmo crkoste crkoše crkuvši crče
promaknuti	promakavši promaknem promaknemo promaknete promakneš promakni promaknimo promaknite promaknuh promaknula promaknule promaknusmo promaknuste promaknuvši promaknuše promakoh promakosmo promakoste promakoše promače promicati
oporavak	oporavaka oporavci oporavcima oporavke oporavče
opisivati	opisivah opisivahu opisivasmo opisivaste opisivaće opisivaćemo opisivaćete opisivaćeš opisivaću opisivaše opisuj opisujmo opisujte
budžet	budžete budžeti budžetima
jesen	jesenima
unutrašnjost	unutrašnjostima
hladnoća	hladnoćama
doživotan	doživotnima doživotnoga doživotnome doživotnomu
vjera	vjerama vjero
pristupiti	pristupati pristupih pristupismo pristupiste pristupivši pristupiće pristupićemo pristupićete pristupićeš pristupiću pristupiše
autopsija	autopsijama autopsijo
korpa	korpo
stipendija	stipendijo
spajati	spajah spajahu spajajmo spajajte spajasmo spajaste spajaće spajaćemo spajaćete spajaćeš spajaću spajaše
kompa	kompama
kajati	kajah kajahu kajalo kajasmo kajaste kajaće kajaćemo kajaćete kajaću kajaše kajmo kajte kajući
daljinski	daljinskima daljinskoga daljinskoj daljinskome daljinskomu
zbuniti	zbunih zbunismo zbuniste zbunivši zbuniće zbunićemo zbunićete zbunićeš zbuniću zbuniše
jama	jamica
kaciga	kacigo
ambicija	ambicijo
urediti	uredih uredismo urediste uredivši urediće uredićemo uredićete uredićeš urediše
ljubitelj	ljubiteljem
resurs	resursom resursu
ozlijediti	ozlijedih ozlijedimo ozlijedismo ozlijediste ozlijedivši ozlijediće ozlijedićemo ozlijedićete ozlijedićeš ozlijediću ozlijediše
anoniman	anonimnija anonimnije anonimnijeg anonimnijega anonimnijem anonimnijemu anonimniji anonimnijih anonimnijim anonimnijima anonimnijoj anonimnijom anonimniju anonimnima anonimnoga anonimnome anonimnomu najanonimnija najanonimnije najanonimnijeg najanonimnijega najanonimnijem najanonimnijemu najanonimniji najanonimnijih najanonimnijim najanonimnijima najanonimnijoj najanonimnijom najanonimniju
aukcija	aukcijo
promatrati	promatrah promatrahu promatrajmo promatrasmo promatraste promatraće promatraćemo promatraćete promatraćeš promatraću promatraše promotriti
osmi	osmih osmim osmima osmoga osmomu
šarm	šarme
zaklon	zaklonima zaklonom
šibica	šibici šibico
sprovesti	sprovedimo sprovedoh sprovedosmo sprovedoste sprovedoše sprovevši sprovešćete sprovešćeš
pokopati	pokopah pokopajmo pokopasmo pokopaste pokopate pokopavši pokopaće pokopaćete pokopaćeš pokopaše
važnost	važnošću
nastradati	nastradah nastradaj nastradajmo nastradajte nastradasmo nastradaste nastradavši nastradaćemo nastradaćete nastradaću nastradaše
seta	setama seto
smeđ	smeđega smeđemu smeđima
prouzrokovati	prouzrokova prouzrokovah prouzrokovahu prouzrokovanje prouzrokovasmo prouzrokovaste prouzrokovavši prouzrokovaće prouzrokovaćemo prouzrokovaćete prouzrokovaćeš prouzrokovaću prouzrokovaše prouzrokuj prouzrokujemo prouzrokujete prouzrokuješ prouzrokujmo prouzrokujte
sakupljati	sakupljah sakupljahu sakupljaj sakupljajmo sakupljajte sakupljasmo sakupljaste sakupljaće sakupljaćemo sakupljaćete sakupljaćeš sakupljaću sakupljaše
pritiskati	pritiskah pritiskahu pritiskajmo pritiskasmo pritiskaste pritiskaće pritiskaćemo pritiskaćete pritiskaćeš pritiskaću pritiskaše pritišćemo pritišćete pritišćimo pritišćite pritišćući
izvestan	izvesnima izvesnoga izvesnome izvesnomu
uštedeti	uštedeh uštedesmo uštedeste uštedevši uštedeše
kirija	kirijo
tajanstven	najtajanstvenija najtajanstvenije najtajanstvenijeg najtajanstvenijega najtajanstvenijem najtajanstvenijemu najtajanstveniji najtajanstvenijih najtajanstvenijim najtajanstvenijima najtajanstvenijoj najtajanstvenijom najtajanstveniju tajanstvenija tajanstvenije tajanstvenijeg tajanstvenijega tajanstvenijem tajanstvenijemu tajanstveniji tajanstvenijih tajanstvenijim tajanstvenijima tajanstvenijoj tajanstvenijom tajanstveniju tajanstvenima tajanstvenoga tajanstvenome tajanstvenomu
rugati	rugah rugahu rugajmo rugasmo rugaste rugaće rugaćemo rugaćete rugaćeš rugaću rugaše
oduzimati	oduzimah oduzimahu oduzimajmo oduzimasmo oduzimaste oduzimaće oduzimaćemo oduzimaćete oduzimaćeš oduzimaću oduzimaše oduzimljući
decenija	decenijo decenijom
dućan	dućanom
zamjena	zamjenama zamjeno
odbacivati	odbacivah odbacivahu odbacivasmo odbacivaste odbacivaće odbacivaćemo odbacivaćete odbacivaćeš odbacivaću odbacivaše odbacujmo
ugušiti	ugušenje uguših ugušismo ugušiste ugušivši ugušićete ugušiše
dostojan	dostojnih dostojnija dostojnije dostojnijeg dostojnijega dostojnijem dostojnijemu dostojniji dostojnijih dostojnijim dostojnijima dostojnijoj dostojnijom dostojniju dostojnima dostojnoga dostojnoj dostojnome dostojnomu najdostojnija najdostojnije najdostojnijeg najdostojnijega najdostojnijem najdostojnijemu najdostojniji najdostojnijih najdostojnijim najdostojnijima najdostojnijoj najdostojnijom najdostojniju
kuga	kugama kugo
orah	orahu oraše
polazak	polasci polascima polaske polaskom polazaka polašče
savezni	saveznima saveznoga saveznome saveznomu
namamiti	namamih namamismo namamiste namamivši namamiće namamićete namamićeš namamiše namamljene namamljeno
poručiti	poručih poručismo poručiste poručivati poručivši poručiće poručićemo poručićete poručićeš poručiše
provjeravati	provjeravah provjeravahu provjeravajmo provjeravajte provjeravajući provjeravasmo provjeravaste provjeravaće provjeravaćemo provjeravaćete provjeravaćeš provjeravaću provjeravaše
psihološki	psihološkima psihološkoga psihološkome psihološkomu
zanemariti	zanemarih zanemarismo zanemariste zanemarivši zanemariće zanemarićemo zanemarićete zanemarićeš zanemariše
sekira	sekiro
dužina	dužino
prezirati	prezirah prezirahu prezirasmo preziraste preziraće preziraćemo preziraćete preziraćeš preziraću preziraše preziri prezirimo prezirite prezirući
dostava	dostavama dostavo
radionica	radionico radionicom
potera	poterama potero
puter	putara putere puteri puterima putre putri putrima putrom putru
večnost	večnostima
privilegija	privilegiji privilegijo
evropski	europskija europskije europskijeg europskijega europskijem europskijemu europskiji europskijih europskijim europskijima europskijoj europskijom europskiju europskima europsko europskoga europskome europskomu evropskiji najeuropskija najeuropskije najeuropskijeg najeuropskijega najeuropskijem najeuropskijemu najeuropskiji najeuropskijih najeuropskijim najeuropskijima najeuropskijoj najeuropskijom najeuropskiju
transport	transportima
dostojanstvo	dostojanstava dostojanstvima
cigla	ciglo
institut	instituti institutima
rezerva	rezervo
identifikacija	identifikacijama identifikacijo
pomišljati	pomišljah pomišljahu pomišljajmo pomišljajući pomišljanje pomišljasmo pomišljaste pomišljaće pomišljaćemo pomišljaćete pomišljaćeš pomišljaću pomišljaše
slijep	sliep slijepoga slijepome slijepomu
upotrijebiti	upotrijebe upotrijebih upotrijebismo upotrijebiste upotrijebivši upotrijebiće upotrijebićemo upotrijebićete upotrijebićeš upotrijebiću upotrijebiše
apetit	apetitima
okidač	okidačima
kvaliteta	kvaliteto
svršiti	svršenje svršeći svrših svršismo svršiste svršivši svršiće svršićemo svršićete svršićeš svršiše
hrišćanin	hrišćaninu
vladar	vladarem
takmičiti	takmičah takmičahu takmičasmo takmičaste takmičaše takmičeći takmičiće takmičićemo takmičićete takmičićeš takmičiću
rastati	rastade rastadoh rastadosmo rastadoste rastadoše rastajati rastani rastanimo rastanite rastavši rastaće rastaćemo rastaćete rastaćeš rastaću
plin	pline
navijač	navijačem navijaču
vrućina	vrućinama vrućino
pat	patova patovi patovima
impresionirati	impresionirah impresionirahu impresionirajmo impresionirajte impresionirajući impresioniranje impresionirasmo impresioniraste impresioniravši impresioniraće impresioniraćemo impresioniraćete impresioniraćeš impresioniraću impresioniraše
nastavak	nastavče
plod	plode plodu
turski	turskima turskoga turskome turskomu
komitet	komitete komitetima
izjaviti	izjavih izjavismo izjaviste izjavivši izjaviće izjavićemo izjavićete izjavićeš izjaviću izjaviše izjavljivati
griješiti	griješah griješahu griješasmo griješaste griješaše griješenje griješeći griješiće griješićemo griješićete griješićeš griješiću
ljeto	ljetima ljetom
putanja	putanjo
razmatrati	razmatrah razmatrahu razmatraj razmatrajmo razmatrajte razmatrasmo razmatraste razmatraće razmatraćemo razmatraćete razmatraćeš razmatraću razmatraše
nesposoban	nesposobnima nesposobnoga nesposobnoj nesposobnome nesposobnomu nesposobnu
pukotina	pukotino pukotinom
prilog	prilože
begunac	begunče
potpisivati	potpisivah potpisivahu potpisivasmo potpisivaste potpisivaće potpisivaćemo potpisivaćete potpisivaćeš potpisivaću potpisivaše potpisujmo
namjera	namjero
zaliv	zalive zalivi zalivima
košarka	košarko
bled	bledih bledima bledoga bledoj bledome bledomu bleđa bleđe bleđeg bleđega bleđem bleđemu bleđih bleđim bleđima bleđoj bleđom bleđu najbleđa najbleđe najbleđeg najbleđega najbleđem najbleđemu najbleđi najbleđih najbleđim najbleđima najbleđoj najbleđom najbleđu
svjetski	svjetskima svjetskoga svjetskome svjetskomu
manastir	manastirom
prljavština	prljavštinama
prikriti	prikri prikrih prikrijmo prikrijte prikrismo prikriste prikrivši prikriće prikrićemo prikrićete prikrićeš prikriću prikriše
potencijalan	potencijalnima potencijalnoga potencijalnome potencijalnomu
podsjećati	podsjećah podsjećahu podsjećajmo podsjećajte podsjećajući podsjećamo podsjećasmo podsjećaste podsjećaće podsjećaćemo podsjećaćete podsjećaćeš podsjećaću podsjećaše
desetina	desetini desetino desetinom
pijaca	pijaco pijacom
orman	ormanom
politi	polih polijemo polijete polijmo polile polilo polismo poliste poliven polivši poliće polićemo polićete polićeš poliću poliše
nestrpljiv	najnestrpljivija najnestrpljivije najnestrpljivijeg najnestrpljivijega najnestrpljivijem najnestrpljivijemu najnestrpljiviji najnestrpljivijih najnestrpljivijim najnestrpljivijima najnestrpljivijoj najnestrpljivijom najnestrpljiviju nestrpljivih nestrpljivija nestrpljivije nestrpljivijeg nestrpljivijega nestrpljivijem nestrpljivijemu nestrpljiviji nestrpljivijih nestrpljivijim nestrpljivijima nestrpljivijoj nestrpljivijom nestrpljiviju nestrpljivim nestrpljivima nestrpljivog nestrpljivoga nestrpljivoj nestrpljivom nestrpljivome nestrpljivomu nestrpljivu
progoniti	progoneći progonićemo progonićete progonićeš progonjah progonjahu progonjasmo progonjaste progonjaše progonjenje
čelik	čeliče
nesretan	najnesretnija najnesretnije najnesretnijeg najnesretnijega najnesretnijem najnesretnijemu najnesretniji najnesretnijih najnesretnijim najnesretnijima najnesretnijoj najnesretnijom najnesretniju nesretnija nesretnije nesretnijeg nesretnijega nesretnijem nesretnijemu nesretniji nesretnijih nesretnijim nesretnijima nesretnijoj nesretnijom nesretniju nesretnima nesretnoga nesretnome nesretnomu
miješati	miješah miješahu miješajmo miješajući miješasmo miješaste miješaće miješaćemo miješaćete miješaćeš miješaću miješaše
zeko	zekama
kapsula	kapsulo
zločinac	zločinče
radijacija	radijacijama radijacijo
krajnji	krajnjega krajnjemu krajnjima
udružiti	udružih udružismo udružiste udruživši udružiće udružićemo udružićete udružićeš udružiću udružiše
inspiracija	inspiracijama inspiracijo
ego	ezima
bradavica	bradavico
domovina	domovinama domovino
veštački	veštačkima veštačkoga veštačkome veštačkomu
sako	sakoima
otkinuti	otkide otkidoh otkidosmo otkidoste otkidoše otkinete otkinimo otkinite otkinuh otkinusmo otkinuste otkinuvši otkinućemo otkinućete otkinućeš otkinuše
istraživač	istraživačem
potok	potoče
dirnuti	dirnemo dirnete dirnimo dirnite dirnuh dirnusmo dirnuste dirnuvši dirnuće dirnućemo dirnućete dirnućeš dirnuću dirnuše
utrka	utrko utrkom
bačiti	bače bači bačih bačim bačimo bačismo bačiste bačite bačivši bačiće bačićemo bačićete bačićeš bačiću bačiš
ilegalan	ilegalnima ilegalnoga ilegalnome ilegalnomu
vreo	najvrelijeg najvrelijega najvrelijem najvrelijemu najvreliji najvrelijih najvrelijim najvrelijima najvrelijoj najvrelijom najvreliju vrelijeg vrelijega vrelijem vrelijemu vrelijih vrelijim vrelijima vrelijoj vrelijom vreliju vrelima vreloga vrelome vrelomu
motati	motah motahu motajmo motajte motajući motasmo motaste motaće motaćemo motaćete motaćeš motaću motaše
boljeti	boleći bolim bolimo bolite boliš boljah boljahu boljasmo boljaste boljaše boljenje boljeće boljećemo boljećete boljećeš boljeću
krasan	krasnima krasnoga krasnome krasnomu
platforma	platformo
poređenje	poređenjima
pirat	piratom
kresati	kresah kresahu kresan kresasmo kresaste kresaće kresaćemo kresaćete kresaćeš kresaću kresaše krešimo krešite krešući
velikodušan	najvelikodušnija najvelikodušnije najvelikodušnijeg najvelikodušnijega najvelikodušnijem najvelikodušnijemu najvelikodušniji najvelikodušnijih najvelikodušnijim najvelikodušnijima najvelikodušnijoj najvelikodušnijom najvelikodušniju velikodušnih velikodušnija velikodušnije velikodušnijeg velikodušnijega velikodušnijem velikodušnijemu velikodušniji velikodušnijih velikodušnijim velikodušnijima velikodušnijoj velikodušnijom velikodušniju velikodušnima velikodušnoga velikodušnome velikodušnomu
ukinuti	ukide ukidoh ukidosmo ukidoste ukidoše ukinimo ukinuh ukinusmo ukinuste ukinuvši ukinućemo ukinućete ukinućeš ukinuše
evro	evrom evru
lula	lulama lulo
zemaljski	zemaljskima zemaljskoga zemaljskome zemaljskomu
sumrak	sumraci sumracima sumrake sumrakom sumrače
osobina	osobini osobino osobinom
blokada	blokado
plač	plačeva plačeve plačevi plačevima
šal	šalova šalovima
zavaravati	zavaravah zavaravahu zavaravajući zavaravasmo zavaravaste zavaravaće zavaravaćemo zavaravaćete zavaravaćeš zavaravaću zavaravaše
latinski	latinskima latinskoga latinskome latinskomu
doseliti	doselih doselimo doselismo doseliste doselite doselivši doseliće doselićemo doselićete doselićeš doseliću doseliše
šunka	šunkama šunko
krivnja	krivnjama krivnjo
orkestar	orkestrima
senat	senate senati senatima
klasik	klasiče
kritika	kritiko
zločest	najzločestija najzločestije najzločestijeg najzločestijega najzločestijem najzločestijemu najzločestiji najzločestijih najzločestijim najzločestijima najzločestijoj najzločestijom najzločestiju zločestija zločestije zločestijeg zločestijega zločestijem zločestijemu zločestiji zločestijih zločestijim zločestijima zločestijoj zločestijom zločestiju zločestima zločestoga zločestoj zločestome zločestomu
sastojak	sastojku sastojče
podsjetiti	podsjetih podsjetismo podsjetiste podsjetivši podsjetiće podsjetićemo podsjetićete podsjetićeš podsjetiću podsjetiš podsjetiše
perika	periko
glupav	glupavija glupavije glupavijeg glupavijega glupavijem glupavijemu glupaviji glupavijih glupavijim glupavijima glupavijoj glupavijom glupaviju glupavima glupavoga glupavome glupavomu najglupavija najglupavije najglupavijeg najglupavijega najglupavijem najglupavijemu najglupaviji najglupavijih najglupavijim najglupavijima najglupavijoj najglupavijom najglupaviju
osušiti	osuših osušismo osušiste osušivši osušićemo osušićete osušićeš osušiše
decembar	decembara decembre decembri decembrima decembrom
musliman	muslimanom muslimanu
letelica	letelico
poduzeti	poduze poduzeh poduzesmo poduzeste poduzevši poduzećemo poduzećete poduzećeš poduzeše poduzmimo
terapeut	terapeutima
carski	carskima carskoga carskome carskomu
tenis	tenise
disciplina	disciplino
koncept	konceptima
razdvajati	razdvajah razdvajahu razdvajaj razdvajajmo razdvajajući razdvajasmo razdvajaste razdvajaće razdvajaćemo razdvajaćete razdvajaćeš razdvajaću razdvajaše
udaja	udajama udajo
zuriti	zurah zurahu zurasmo zuraste zuraše zuriće zurićemo zurićete zurićeš zuriću
granata	granati granato
glupača	glupačama
metro	metroe metroi metroima
dlan	dlane
glasanje	glasanjima
opstanak	opstanaka opstanci opstancima opstanke opstanče
sadržaj	sadržaji sadržajima
prestraviti	prestrave prestravih prestravimo prestravismo prestraviste prestravite prestravivši prestraviće prestravićemo prestravićete prestravićeš prestraviću prestraviš prestraviše prestravljivati
smanjivati	smanjivah smanjivahu smanjivasmo smanjivaste smanjivaće smanjivaćemo smanjivaćete smanjivaćeš smanjivaću smanjivaše smanjuj smanjujmo smanjujte
nezavisan	najnezavisnija najnezavisnije najnezavisnijeg najnezavisnijega najnezavisnijem najnezavisnijemu najnezavisniji najnezavisnijih najnezavisnijim najnezavisnijima najnezavisnijoj najnezavisnijom najnezavisniju nezavisnija nezavisnije nezavisnijeg nezavisnijega nezavisnijem nezavisnijemu nezavisniji nezavisnijih nezavisnijim nezavisnijima nezavisnijoj nezavisnijom nezavisniju nezavisnima nezavisnoga nezavisnome nezavisnomu
pečat	pečatima
obogatiti	obogatih obogatismo obogatiste obogativši obogatiće obogatićete obogatićeš obogatiše
ozdraviti	ozdravimo
sutrašnji	sutrašnjega sutrašnjemu sutrašnjima sutrašnjom
razina	razino
kašika	kašici kašiko
ugovoriti	ugovorih ugovorismo ugovoriste ugovorivši ugovoriće ugovorićemo ugovorićete ugovorićeš ugovoriše
nišan	nišanima
vrelo	vrelima
religiozan	najreligioznija najreligioznije najreligioznijeg najreligioznijega najreligioznijem najreligioznijemu najreligiozniji najreligioznijih najreligioznijim najreligioznijima najreligioznijoj najreligioznijom najreligiozniju religioznija religioznije religioznijeg religioznijega religioznijem religioznijemu religiozniji religioznijih religioznijim religioznijima religioznijoj religioznijom religiozniju religioznima religioznoga religioznome religioznomu
posjedovati	posjedovah posjedovahu posjedovanje posjedovasmo posjedovaste posjedovaće posjedovaćemo posjedovaćete posjedovaćeš posjedovaću posjedovaše posjeduj posjedujmo posjedujte posjedujući
servis	servisima
unijeti	unesoh unesosmo unesoste unesoše unijeh unijesmo unijeste unijevši unijeće unijećemo unijećete unijećeš unijeću uniješe
upitati	upitajmo upitasmo upitaste upitavši upitaće upitaćemo upitaćete upitaćeš upitaću upitaše
razveden	najrazvedenija najrazvedenije najrazvedenijeg najrazvedenijega najrazvedenijem najrazvedenijemu najrazvedeniji najrazvedenijih najrazvedenijim najrazvedenijima najrazvedenijoj najrazvedenijom najrazvedeniju razvedenija razvedenije razvedenijeg razvedenijega razvedenijem razvedenijemu razvedeniji razvedenijih razvedenijim razvedenijima razvedenijoj razvedenijom razvedeniju razvedenima razvedeno razvedenoga razvedenoj razvedenom razvedenome razvedenomu razvedenu
nestabilan	najnestabilnija najnestabilnije najnestabilnijeg najnestabilnijega najnestabilnijem najnestabilnijemu najnestabilniji najnestabilnijih najnestabilnijim najnestabilnijima najnestabilnijoj najnestabilnijom najnestabilniju nestabilnija nestabilnije nestabilnijeg nestabilnijega nestabilnijem nestabilnijemu nestabilnijih nestabilnijim nestabilnijima nestabilnijoj nestabilnijom nestabilniju nestabilnima nestabilnoga nestabilnoj nestabilnome nestabilnomu
čips	čipseva čipseve čipsevi čipsevima
komedija	komedijo
ulaznica	ulaznico ulaznicom
filozofija	filozofijama filozofijo
pista	pisto
džentlmen	džentlmenima
nagraditi	nagradih nagradismo nagradiste nagradivši nagradiće nagradićemo nagradićete nagradićeš nagradiše
poglavica	poglavicama
izboriti	izborih izborismo izboriste izborivši izboriće izborićete izborićeš izboriše
hitac	hicima hicu hitce hitci hitcima hitcu hitče hiče
pametnjaković	pametnjakovićima
ekonomski	ekonomskima ekonomskoga ekonomskome ekonomskomu
razgledati	razgledah razgledahu razgledajući razgledasmo razgledaste razgledaće razgledaćemo razgledaćete razgledaćeš razgledaše
predsednica	predsednicama
dijeta	dijeto
vagina	vagino
arhiv	arhivima
ranac	ranaca ranci rancima ranče
paranoičan	najparanoičnija najparanoičnije najparanoičnijeg najparanoičnijega najparanoičnijem najparanoičnijemu najparanoičniji najparanoičnijih najparanoičnijim najparanoičnijima najparanoičnijoj najparanoičnijom najparanoičniju paranoičnih paranoičnija paranoičnije paranoičnijeg paranoičnijega paranoičnijem paranoičnijemu paranoičniji paranoičnijih paranoičnijim paranoičnijima paranoičnijoj paranoičnijom paranoičniju paranoičnima paranoičnoga paranoičnoj paranoičnome paranoičnomu paranoičnu
brijati	brij brijah brijahu brijasmo brijaste brijaće brijaćemo brijaćete brijaćeš brijaću brijaše brijmo brijte briti
uspješan	najuspješnija najuspješnije najuspješnijeg najuspješnijega najuspješnijem najuspješnijemu najuspješnijim najuspješnijima najuspješnijoj najuspješnijom najuspješniju uspješnija uspješnije uspješnijeg uspješnijega uspješnijem uspješnijemu uspješnijih uspješnijim uspješnijima uspješnijoj uspješnijom uspješniju uspješnima uspješnoga uspješnoj uspješnome uspješnomu
večernji	večernjega večernjemu večernjima
novembar	novembara novembre novembri novembrima novembrom
svjedočiti	svjedočah svjedočahu svjedočasmo svjedočaste svjedočaše svjedočeći svjedočiće svjedočićemo svjedočićete svjedočićeš svjedočiću
novčanica	novčanico
uvjet	uvjetu
odrezak	odrešče
zloban	najzlobnije najzlobnijeg najzlobnijega najzlobnijem najzlobnijemu najzlobnijih najzlobnijim najzlobnijima najzlobnijoj najzlobnijom najzlobniju zlobnija zlobnijeg zlobnijega zlobnijem zlobnijemu zlobnijih zlobnijim zlobnijima zlobnijoj zlobnijom zlobniju zlobnima zlobnoga zlobnoj zlobnome zlobnomu
nega	negama
zabeležiti	zabeležih zabeležismo zabeležiste zabeleživši zabeležiće zabeležićemo zabeležićete zabeležićeš zabeležiše
iskusiti	iskusih iskusismo iskusiste iskusivši iskusiće iskusićemo iskusićete iskusićeš iskusiću iskusiše
molba	molbo
dodavati	dodavah dodavahu dodavasmo dodavaste dodavaće dodavaćemo dodavaćete dodavaćeš dodavaću dodavaše
obaveštajni	obaveštajnima obaveštajnoga obaveštajnome obaveštajnomu
psiholog	psiholože
pljačkati	pljačkah pljačkahu pljačkajmo pljačkajte pljačkasmo pljačkaste pljačkaće pljačkaćemo pljačkaćete pljačkaćeš pljačkaću
isprika	isprici ispriko
piramida	piramido
zalazak	zalascima zalašče
alergičan	alergične alergičnih alergičnija alergičnije alergičnijeg alergičnijega alergičnijem alergičnijemu alergičniji alergičnijih alergičnijim alergičnijima alergičnijoj alergičnijom alergičniju alergičnim alergičnima alergično alergičnog alergičnoga alergičnoj alergičnom alergičnome alergičnomu alergičnu najalergičnija najalergičnije najalergičnijeg najalergičnijega najalergičnijem najalergičnijemu najalergičniji najalergičnijih najalergičnijim najalergičnijima najalergičnijoj najalergičnijom najalergičniju
ura	urama uro urom
lokal	lokalom
taktika	taktiko
civilni	civilnima civilnoga civilnome civilnomu
jagoda	jagodi jagodo
ničiji	ničijeg ničijega ničijemu ničijih ničijim ničijima ničijom
dijagnoza	dijagnozo
sastav	sastavima
bezopasan	bezopasnija bezopasnije bezopasnijeg bezopasnijega bezopasnijem bezopasnijemu bezopasniji bezopasnijih bezopasnijim bezopasnijima bezopasnijoj bezopasnijom bezopasniju bezopasnima bezopasnoga bezopasnoj bezopasnome bezopasnomu najbezopasnija najbezopasnije najbezopasnijeg najbezopasnijega najbezopasnijem najbezopasnijemu najbezopasniji najbezopasnijih najbezopasnijim najbezopasnijima najbezopasnijoj najbezopasnijom najbezopasniju
raznijeti	raznesoh raznesosmo raznesoste raznesoše raznije raznijeh raznijesmo raznijeste raznijeta raznijete raznijeto raznijevši raznijeće raznijećemo raznijećete raznijećeš raznijeću razniješe
modni	modnima modnoga modnome modnomu
posluga	poslugo
nesiguran	najnesigurnija najnesigurnije najnesigurnijeg najnesigurnijega najnesigurnijem najnesigurnijemu najnesigurniji najnesigurnijih najnesigurnijim najnesigurnijima najnesigurnijoj najnesigurnijom najnesigurniju nesigurnija nesigurnije nesigurnijeg nesigurnijega nesigurnijem nesigurnijemu nesigurniji nesigurnijih nesigurnijim nesigurnijima nesigurnijoj nesigurnijom nesigurniju nesigurnima nesigurnoga nesigurnome nesigurnomu
ogrtač	ogrtačom
četvorica	četvorico
demokratija	demokratijama demokratijo
pidžama	pidžamo pidžamom
kategorija	kategorijo kategorijom
obavijestiti	obavijestih obavijestismo obavijestiste obavijestivši obavijestiće obavijestićemo obavijestićete obavijestićeš obavijestiću obavijestiš obavijestiše
želudac	želuce želuci želucima želudaca želuče želučem
središte	središtima
počast	počašću
zračan	najzračnija najzračnije najzračnijeg najzračnijega najzračnijem najzračnijemu najzračniji najzračnijih najzračnijim najzračnijima najzračnijoj najzračnijom najzračniju zračnija zračnije zračnijeg zračnijega zračnijem zračnijemu zračniji zračnijih zračnijim zračnijima zračnijoj zračnijom zračniju zračnima zračnoga zračnome zračnomu
garda	gardama
rodbina	rodbino
maziti	mazeći maziće mazićemo mazićete mazićeš maziću mažah mažahu mažasmo mažaste mažaše
prestrašiti	prestraših prestrašimo prestrašismo prestrašiste prestrašite prestrašivši prestrašiće prestrašićemo prestrašićete prestrašićeš prestrašiću prestrašiše
nezgodan	najnezgodnija najnezgodnije najnezgodnijeg najnezgodnijega najnezgodnijem najnezgodnijemu najnezgodniji najnezgodnijih najnezgodnijim najnezgodnijima najnezgodnijoj najnezgodnijom najnezgodniju nezgodnija nezgodnije nezgodnijeg nezgodnijega nezgodnijem nezgodnijemu nezgodniji nezgodnijih nezgodnijim nezgodnijima nezgodnijoj nezgodnijom nezgodniju nezgodnima nezgodnoga nezgodnome nezgodnomu
iznenađujući	iznenađujućega iznenađujućem iznenađujućemu iznenađujućima iznenađujućoj iznenađujućom
biznismen	biznizmen
opera	operama opero
prosečan	prosečnima prosečnoga prosečnome prosečnomu
emocionalan	emocionalnija emocionalnije emocionalnijeg emocionalnijega emocionalnijem emocionalnijemu emocionalniji emocionalnijih emocionalnijim emocionalnijima emocionalnijoj emocionalnijom emocionalniju emocionalnima emocionalnoga emocionalnome emocionalnomu najemocionalnija najemocionalnije najemocionalnijeg najemocionalnijega najemocionalnijem najemocionalnijemu najemocionalniji najemocionalnijih najemocionalnijim najemocionalnijima najemocionalnijoj najemocionalnijom najemocionalniju
starost	starostima starošću
potopiti	potopih potopismo potopiste potopivši potopićemo potopićete potopićeš potopiću potopiše
aplauz	aplauzi aplauzima aplauzu
instrukcija	instrukciji instrukcijo instrukcijom
božanski	božanskima božanskoga božanskome božanskomu
grofica	groficama grofico
ružičast	ružičastima ružičastoga ružičastome ružičastomu
garancija	garanciji garancijo
poraniti	porane poranih poranimo poranismo poraniste poranite poranivši poraniće poranićemo poranićete poranićeš poraniću poraniše
poseći	posecimo posecite posekavši posekoh posekosmo posekoste posekoše
ćelav	najćelavija najćelavije najćelavijeg najćelavijega najćelavijem najćelavijemu najćelaviji najćelavijih najćelavijim najćelavijima najćelavijoj najćelavijom najćelaviju ćelavija ćelavije ćelavijeg ćelavijega ćelavijem ćelavijemu ćelaviji ćelavijih ćelavijim ćelavijima ćelavijoj ćelavijom ćelaviju ćelavima ćelavoga ćelavoj ćelavome ćelavomu
preporučivati	preporučivah preporučivahu preporučivanje preporučivasmo preporučivaste preporučivaće preporučivaćemo preporučivaćete preporučivaćeš preporučivaću preporučivaše preporučuj preporučujmo preporučujte preporučujući
džip	džipe
sunčan	najsunčanija najsunčanije najsunčanijeg najsunčanijega najsunčanijem najsunčanijemu najsunčaniji najsunčanijih najsunčanijim najsunčanijima najsunčanijoj najsunčanijom najsunčaniju sunčanija sunčanije sunčanijeg sunčanijega sunčanijem sunčanijemu sunčaniji sunčanijih sunčanijim sunčanijima sunčanijoj sunčanijom sunčaniju sunčanima sunčanoga sunčanome sunčanomu
zimski	zimskima zimskoga zimskome zimskomu
volt	voltima
ljubomora	ljubomoro
arterija	arterijo arterijom
propis	propisom
lupati	lupah lupahu lupajmo lupan lupana lupane lupani lupano lupasmo lupaste lupaće lupaćemo lupaćete lupaćeš lupaću lupaše
donacija	donacijo
lomiti	lomih lomismo lomiste lomivši lomiće lomićemo lomićete lomićeš lomiću lomiše lomljah lomljahu lomljasmo lomljaste lomljaše
kičma	kičmama kičmo
proizvesti	proizvedi proizvedimo proizvedite proizvedoh proizvedosmo proizvedoste proizvedoše proizvevši proizvešće proizvešćemo proizvešćete proizvešćeš proizvešću
govedina	govedino
nameniti	namenih namenim namenimo namenismo nameniste namenite namenivši nameniće namenićemo namenićete namenićeš nameniću nameniš nameniše
vilica	vilico
zaostati	zaostade zaostadoh zaostadosmo zaostadoste zaostadoše zaostanem zaostanemo zaostanete zaostaneš zaostani zaostanimo zaostanite zaostanu zaostavši zaostaće zaostaćemo zaostaćete zaostaćeš zaostaću
slikanje	slikanjima
otmen	najotmenija najotmenije najotmenijeg najotmenijega najotmenijem najotmenijemu najotmeniji najotmenijih najotmenijim najotmenijima najotmenijoj najotmenijom najotmeniju otmenija otmenijeg otmenijega otmenijem otmenijemu otmenijih otmenijim otmenijima otmenijoj otmenijom otmeniju otmenima otmenoga otmenome otmenomu
ulazni	ulaznima ulazno ulaznoga ulaznome ulaznomu
dobrovoljac	dobrovoljcem dobrovoljcu dobrovoljče
posuda	posudo
osa	osom
slom	slomovi slomovima
doživjeti	doživje doživjeh doživjesmo doživjeste doživjevši doživjeće doživjećemo doživjećete doživjećeš doživjeću doživješe
mito	mitima
cista	cistama
original	originalima
prtljažnik	prtljažnici prtljažnicima prtljažnike prtljažniče
ponestajati	ponestaj ponestajah ponestajahu ponestajajući ponestajanje ponestajasmo ponestajaste ponestajaće ponestajaćemo ponestajaćete ponestajaćeš ponestajaću ponestajaše ponestajem ponestajemo ponestajete ponestaješ ponestajmo ponestajte
bakterija	bakterijo
stih	stihom stiše
svakakav	svakakvima svakakvoga svakakvoj svakakvom svakakvome svakakvomu
izraditi	izradih izradismo izradiste izradivši izradiće izradićemo izradićete izradićeš izradiću izradiše
oštrica	oštrico
upad	upadima
ovolik	ovolikih ovolikima ovolikoga ovolikome ovolikomu
radoznao	najradoznalija najradoznalije najradoznalijeg najradoznalijega najradoznalijem najradoznalijemu najradoznaliji najradoznalijih najradoznalijim najradoznalijima najradoznalijoj najradoznalijom najradoznaliju radozala radozale radozali radozalih radozalim radozalima radozalo radozalog radozaloga radozaloj radozalom radozalome radozalomu radozalu radoznalija radoznalije radoznalijeg radoznalijega radoznalijem radoznalijemu radoznaliji radoznalijih radoznalijim radoznalijima radoznalijoj radoznalijom radoznaliju
džinovski	džinovskima džinovskoga džinovskome džinovskomu
bezvredan	bezvrednija bezvrednije bezvrednijeg bezvrednijega bezvrednijem bezvrednijemu bezvredniji bezvrednijih bezvrednijim bezvrednijima bezvrednijoj bezvrednijom bezvredniju bezvrednima bezvrednoga bezvrednoj bezvrednome bezvrednomu najbezvrednija najbezvrednije najbezvrednijeg najbezvrednijega najbezvrednijem najbezvrednijemu najbezvredniji najbezvrednijih najbezvrednijim najbezvrednijima najbezvrednijoj najbezvrednijom najbezvredniju
mladoženja	mladoženjama
prvenstvo	prvenstvima prvenstvom
sindrom	sindrome sindromi sindromima
raspad	raspade raspadi raspadima razpad
biskup	biskupima
populacija	populacijama populacijo
ugristi	ugrizavši ugrizemo ugrizete ugrizimo ugrizite ugrizoh ugrizosmo ugrizoste ugrizoše ugrišćemo ugrišćete ugrišćeš ugrišću
tradicionalan	najtradicionalnija najtradicionalnije najtradicionalnijeg najtradicionalnijega najtradicionalnijem najtradicionalnijemu najtradicionalniji najtradicionalnijih najtradicionalnijim najtradicionalnijima najtradicionalnijoj najtradicionalnijom najtradicionalniju tradicionalnija tradicionalnijeg tradicionalnijega tradicionalnijem tradicionalnijemu tradicionalniji tradicionalnijih tradicionalnijim tradicionalnijima tradicionalnijoj tradicionalnijom tradicionalniju tradicionalnima tradicionalnoga tradicionalnome tradicionalnomu
flertovati	flertovah flertovahu flertovasmo flertovaste flertovaće flertovaćemo flertovaćete flertovaćeš flertovaću flertovaše flertujmo flertujte
as	asovima
prikupiti	prikupih prikupismo prikupiste prikupivši prikupiće prikupićemo prikupićete prikupićeš prikupiću prikupiše
mastan	masnija masnije masnijeg masnijega masnijem masnijemu masniji masnijih masnijim masnijima masnijoj masnijom masniju masnima masnoga masnome masnomu najmasnija najmasnije najmasnijeg najmasnijega najmasnijem najmasnijemu najmasniji najmasnijih najmasnijim najmasnijima najmasnijoj najmasnijom najmasniju
brbljati	brbljah brbljahu brbljajmo brbljajte brbljasmo brbljaste brbljaće brbljaćemo brbljaćete brbljaćeš brbljaću brbljaše
umjetnost	umjetnostima
izbjeći	izbjegavši izbjegnimo izbjegnite izbjegoh izbjegosmo izbjegoste izbjegoše izbježe
trpjeti	trpjeće trpjećemo trpjećete trpjećeš trpjeću trpljah trpljahu trpljasmo trpljaste trpljaše trpljenje
narkotik	narkotikom narkotiku narkotiče
pozornost	pozornošću
zakonski	zakonskima zakonskoga zakonskoj zakonskome zakonskomu
januar	januare januari januarima januarom
zamrznuti	zamrznimo zamrznuh zamrznusmo zamrznuste zamrznuvši zamrznuće zamrznućemo zamrznućete zamrznućeš zamrznuću zamrznuše
prepasti	prepadnemo prepadnete prepadni prepadnimo prepadnite prepadnu prepadoh prepadosmo prepadoste prepadoše prepale prepane prepanem prepanemo prepanete prepaneš prepani prepanimo prepanite prepanu prepavši prepašće prepašćemo prepašćete prepašćeš prepašću
beskrajan	beskrajnima beskrajnoga beskrajnome beskrajnomu
kalendar	kalendarima
organski	organskima organskoga organskome organskomu
poštanski	poštanskima poštanskoga poštanskome poštanskomu
gust	gustima gustoga gustome gustomu gušćeg gušćega gušćem gušćemu gušćih gušćim gušćima gušćoj gušćom gušću najgušća najgušćeg najgušćega najgušćem najgušćemu najgušći najgušćih najgušćim najgušćima najgušćoj najgušćom najgušću
otpasti	otpadnem otpadnemo otpadnete otpadneš otpadnimo otpadnite otpadoh otpadosmo otpadoste otpane otpanem otpanemo otpanete otpaneš otpani otpanimo otpanite otpanu otpavši otpašćemo otpašćete otpašćeš otpašću
omogućavati	omogućavah omogućavahu omogućavaj omogućavajmo omogućavajte omogućavanje omogućavasmo omogućavaste omogućavate omogućavaće omogućavaćemo omogućavaćete omogućavaćeš omogućavaću omogućavaš omogućavaše
saučešće	saučešćem saučešćima saučešću
petljati	petljah petljahu petljajmo petljajući petljasmo petljaste petljaće petljaćemo petljaćete petljaćeš petljaću petljaše petljučanje
tužilaštvo	tužilaštava tužilaštvima
rezervacija	rezervacijo
fioka	fioko fiokom
poklopac	poklopče
ruševina	ruševino ruševinom
barut	barute
škoditi	škodeći škodim škodimo škodite škodiće škodićemo škodićete škodićeš škodiću škodiš škođah škođahu škođasmo škođaste škođaše škođenje
marihuana	marihuano
ekspedicija	ekspedicijo
tipičan	tipičnima tipičnoga tipičnoj tipičnome tipičnomu
početni	početnima početnoga početnome početnomu
pesnica	pesnico
sadašnjost	sadašnjostima
seoski	seoskima seoskoga seoskome seoskomu
zaraza	zarazama zarazo
opravdanje	opravdanjem opravdanjima opravdanju
titl	titlom titlu
grliti	grle grliće grlićemo grlićete grlićeš grljah grljahu grljasmo grljaste grljaše
presto	prestole prestoli prestolima
argument	argumentu
slavlje	slavljima
era	erama
globalan	globalnima globalnoga globalnome globalnomu
predaja	predajama predajo
besmislica	besmislici besmislico
sjeverni	najsjevernija najsjevernije najsjevernijeg najsjevernijega najsjevernijem najsjevernijemu najsjeverniji najsjevernijih najsjevernijim najsjevernijima najsjevernijoj najsjevernijom najsjeverniju sjevernija sjevernijeg sjevernijega sjevernijem sjevernijemu sjeverniji sjevernijih sjevernijim sjevernijima sjevernijoj sjevernijom sjeverniju sjevernima sjevernoga sjevernome sjevernomu
planinski	planinskima planinskoga planinskome planinskomu
obožavatelj	obožavateljem obožavatelju
uzbuditi	uzbudih uzbudimo uzbudismo uzbudiste uzbudivši uzbudiće uzbudićemo uzbudićete uzbudićeš uzbudiću uzbudiše
leniti	leneći lenim lenimo lenite leniće lenićemo lenićete lenićeš leniću leniš lenjah lenjahu lenjasmo lenjaste lenjaše lenjenje
reagirati	reagirah reagirahu reagiraj reagirajmo reagirajte reagirajući reagiranje reagirasmo reagiraste reagiravši reagiraće reagiraćemo reagiraćete reagiraćeš reagiraću reagiraše
delta	deltama delto deltom
brana	branama brano
kej	kejem kejeva kejeve kejevi kejevima čem česa
gospodarica	gospodaricama
brojan	brojnija brojnijeg brojnijega brojnijem brojnijemu brojnijih brojnijim brojnijima brojnijoj brojnijom brojniju brojnima brojno brojnog brojnoga brojnoj brojnom brojnome brojnomu najbrojnija najbrojnije najbrojnijeg najbrojnijega najbrojnijem najbrojnijemu najbrojniji najbrojnijih najbrojnijim najbrojnijima najbrojnijoj najbrojnijom najbrojniju
pomoćnica	pomoćnicama
lane	lanad lanadi lanađu laneta lanetom lanetu
sedativ	sedativu
široko	širokima široče
pomoćni	pomoćnima pomoćnoga pomoćnome pomoćnomu
bočica	bočico
pak	pakova pakove pakovi pakovima
ris	risova risove risovima
iščupati	iščupah iščupajmo iščupajte iščupasmo iščupaste iščupate iščupavši iščupaćemo iščupaćete iščupaćeš iščupaše
podrazumevati	podrazumevah podrazumevahu podrazumevaj podrazumevajmo podrazumevajte podrazumevajući podrazumevamo podrazumevanje podrazumevasmo podrazumevaste podrazumevaće podrazumevaćemo podrazumevaćete podrazumevaćeš podrazumevaću podrazumevaše
paradajz	paradaje paradajze paradajzima
bijeg	bjegova bjegove bjegovi bjegovima
intiman	intimnijeg intimnijega intimnijem intimnijemu intimnijih intimnijim intimnijima intimnijoj intimnijom intimniju intimnima intimnoga intimnome intimnomu najintimnija najintimnijeg najintimnijega najintimnijem najintimnijemu najintimnijih najintimnijim najintimnijima najintimnijoj najintimnijom najintimniju
besmrtan	besmrtnima besmrtnoga besmrtnoj besmrtnome besmrtnomu
prevrnuti	prevrnete prevrnimo prevrnuh prevrnusmo prevrnuste prevrnuvši prevrnućete prevrnućeš prevrnuše
patika	patiko patikom
kružiti	kružah kružahu kružasmo kružaste kružaše kružićemo kružićete kružićeš kružiću
dobrobit	dobrobitima dobrobiću
poleteti	poleteh poletesmo poleteste poletevši poletećemo poletećete poletećeš poleteću poleteše
trgovati	trgovah trgovahu trgovasmo trgovaste trgovaće trgovaćemo trgovaćete trgovaćeš trgovaću trgovaše trguj trgujmo trgujte
omesti	ometemo ometete ometimo ometite ometoh ometosmo ometoste ometoše omevši omešće omešćemo omešćete omešćeš omešću
hod	hode hodova hodove hodovi hodovima
pribor	pribore
lupa	lupama
evolucija	evolucijama evolucijo
oklevati	oklevah oklevahu oklevajmo oklevajući oklevasmo oklevaste oklevaće oklevaćemo oklevaćete oklevaćeš oklevaću oklevaše
naselje	naseljem
ćebe	ćebetima
klopa	klopama klopo
otmičar	otmičarom
propadati	propadah propadahu propadaj propadajmo propadajte propadajući propadasmo propadaste propadate propadaće propadaćemo propadaćete propadaćeš propadaću propadaše
atomski	atomskima atomskoga atomskome atomskomu
potomak	potomkom potomče
prenositi	prenosiće prenosićemo prenosićete prenosićeš prenosiću prenošah prenošahu prenošasmo prenošaste prenošaše
investicija	investicijo
šema	šemo
zavoleti	zavoleh zavolesmo zavoleste zavolevši zavolećemo zavoleše
hemija	hemijo
masovan	masovnija masovnije masovnijeg masovnijega masovnijem masovnijemu masovniji masovnijih masovnijim masovnijima masovnijoj masovnijom masovniju masovnima masovnoga masovnome masovnomu najmasovnija najmasovnije najmasovnijeg najmasovnijega najmasovnijem najmasovnijemu najmasovniji najmasovnijih najmasovnijim najmasovnijima najmasovnijoj najmasovnijom najmasovniju
danski	danskima danskoga danskome danskomu
uočiti	uočih uočismo uočiste uočivši uočiće uočićemo uočićete uočićeš uočiću uočiše
pržiti	pržah pržahu pržasmo pržaste pržaše pržeći prživši pržiće pržićemo pržićete pržićeš pržiću
ojačati	ojačah ojačajmo ojačasmo ojačaste ojačavši ojačaćemo ojačaćete ojačaćeš ojačaću ojačaše
znoj	znojeva znojeve znojevi znojevima
oltar	oltari oltarima
skrovište	skrovištem skrovištima
kabel	kabeli kable kabli kablima
štrajk	štrajče
drhtati	drhtah drhtahu drhtalo drhtasmo drhtaste drhtaće drhtaćemo drhtaćete drhtaćeš drhtaću drhtaše drhtimo drhtjeli drhtjeo drhtjeti drhće drhćem drhćemo drhćete drhćeš drhću dršćah dršćahu dršćasmo dršćaste dršćaše dršće dršćem dršćemo dršćete dršćeš dršći dršćimo dršćite dršću dršćući
hipoteka	hipoteko
stadion	stadioni
kožni	kožnima kožnoga kožnome kožnomu
razmaziti	razmazih razmazimo razmazismo razmaziste razmazite razmazivši razmaziće razmazićemo razmazićete razmaziću razmaziše
dočepati	dočepah dočepahu dočepaj dočepajmo dočepajte dočepasmo dočepaste dočepavši dočepaće dočepaćemo dočepaćete dočepaćeš dočepaše
proučiti	proučih proučismo proučiste proučivši proučiće proučićemo proučićete proučićeš proučiše
očigledan	najočiglednija najočiglednijeg najočiglednijega najočiglednijem najočiglednijemu najočiglednijih najočiglednijim najočiglednijima najočiglednijoj najočiglednijom najočigledniju očiglednija očiglednijeg očiglednijega očiglednijem očiglednijemu očigledniji očiglednijih očiglednijim očiglednijima očiglednijoj očiglednijom očigledniju očiglednima očiglednoga očiglednoj očiglednome očiglednomu
vražji	vražjega vražjemu vražjima vražjom
džem	džemova džemove džemovi džemovima
pust	najpustija najpustije najpustijeg najpustijega najpustijem najpustijemu najpustiji najpustijih najpustijim najpustijima najpustijoj najpustijom najpustiju pustija pustije pustijeg pustijega pustijem pustijemu pustiji pustijih pustijim pustijima pustijoj pustijom pustiju pustima pustoga pustome pustomu
ispeći	ispecimo ispecite ispekavši ispekoh ispekosmo ispekoste ispekoše
napadaj	napadajem napadajima
jahta	jahto
bulja	buljama buljo
ljutnja	ljutnjama ljutnjo
lajati	lajah lajahu lajasmo lajaste lajavši lajaće lajaćemo lajaćete lajaćeš lajaću lajaše lajmo lajte lajući
smjena	smjeno smjenom
ponedjeljak	ponedieljak ponedjeljaka ponedjeljci ponedjeljcima ponedjeljke ponedjeljku ponedjeljče
striptizeta	striptizeto
koverta	koverto
truba	trubo
ishod	ishodima
ugraditi	ugradih ugradismo ugradiste ugradivši ugradiće ugradićemo ugradićete ugradićeš ugradiću ugradiše
memorija	memorijama memorijo
kasan	kasnijega kasnijemu kasnijima kasnijom kasnima kasnoga kasnome kasnomu najkasnija najkasnijeg najkasnijega najkasnijem najkasnijemu najkasniji najkasnijih najkasnijim najkasnijima najkasnijoj najkasnijom najkasniju
uzvraćati	uzvraćah uzvraćahu uzvraćajmo uzvraćajte uzvraćajući uzvraćasmo uzvraćaste uzvraćaće uzvraćaćemo uzvraćaćete uzvraćaćeš uzvraćaću uzvraćaše
saviti	savih savijemo savijmo savili savilo savinuti savismo saviste savivši saviće savićemo savićete savićeš saviću saviše
joga	jogo jozi
vaza	vazo
idealan	idealnih idealniji idealnima idealnoga idealnome idealnomu
susresti	susretni susretnimo susretnite susretoh susretosmo susretoste susretoše susrevši susrešće susrešćemo susrešćete susrešćeš susrešću
napojnica	napojnici napojnico
imperija	imperijama imperijo
minus	minusi minusima minusom
ekstreman	ekstremnija ekstremnijeg ekstremnijega ekstremnijem ekstremnijemu ekstremniji ekstremnijih ekstremnijim ekstremnijima ekstremnijoj ekstremnijom ekstremniju ekstremnima ekstremnoga ekstremnome ekstremnomu najekstremnija najekstremnijeg najekstremnijega najekstremnijem najekstremnijemu najekstremnijih najekstremnijima najekstremnijoj najekstremnijom najekstremniju
poštovan	najpoštovanija najpoštovanije najpoštovanijeg najpoštovanijega najpoštovanijem najpoštovanijemu najpoštovanijim najpoštovanijima najpoštovanijoj najpoštovanijom najpoštovaniju poštovanih poštovanija poštovanije poštovanijeg poštovanijega poštovanijem poštovanijemu poštovaniji poštovanijih poštovanijim poštovanijima poštovanijoj poštovanijom poštovaniju poštovanima poštovanoga poštovanoj poštovanome poštovanomu
iskusan	iskusnijega iskusnijem iskusnijemu iskusnijih iskusnijim iskusnijima iskusnijoj iskusnijom iskusniju iskusnima iskusnoga iskusnoj iskusnome iskusnomu iskusnu najiskusnija najiskusnije najiskusnijeg najiskusnijega najiskusnijem najiskusnijemu najiskusnijih najiskusnijim najiskusnijima najiskusnijoj najiskusnijom najiskusniju
ustanoviti	ustanovih ustanovismo ustanoviste ustanovivši ustanoviće ustanovićemo ustanovićete ustanovićeš ustanoviću ustanoviše ustanovljenje
norma	normo
patolog	patologe patolozima patolože
goreti	gorah gorahu gorasmo goraste goraše gorećemo gorećete
rutina	rutinama rutino
jahanje	jahanjima
generalan	generalnih generalnima generalnoga generalnome generalnomu
čopor	čopore
juha	juhama juho
srž	sržima
povećavati	povećavah povećavahu povećavaj povećavajmo povećavajte povećavasmo povećavaste povećavaće povećavaćemo povećavaćete povećavaćeš povećavaću povećavaše
pahuljica	pahuljici pahuljicom
vidik	vidicima vidikom vidiče
kritičan	kritičnija kritičnije kritičnijeg kritičnijega kritičnijem kritičnijemu kritičniji kritičnijih kritičnijim kritičnijima kritičnijoj kritičnijom kritičniju kritičnima kritičnoga kritičnome kritičnomu najkritičnija najkritičnije najkritičnijeg najkritičnijega najkritičnijem najkritičnijemu najkritičniji najkritičnijih najkritičnijim najkritičnijima najkritičnijoj najkritičnijom najkritičniju
akcent	akcenata akcenti akcentima
hajati	hajah hajahu hajanje hajasmo hajaste hajaće hajaćemo hajaćete hajaćeš hajaću hajaše hajemo hajete haješ hajući
prvak	prvacima
tehničar	tehničarom
oživeti	oživeh oživesmo oživeste oživevši oživećemo oživećete oživećeš oživeću oživeše
svijetao	najsvjetlija najsvjetlije najsvjetlijeg najsvjetlijega najsvjetlijem najsvjetlijemu najsvjetliji najsvjetlijih najsvjetlijim najsvjetlijima najsvjetlijoj najsvjetlijom najsvjetliju svijetlim svijetlima svijetlog svijetloga svijetloj svijetlome svijetlomu svjetlijeg svjetlijega svjetlijem svjetlijemu svjetliji svjetlijih svjetlijim svjetlijima svjetlijoj svjetlijom
razbojnik	razbojniku
prijedlog	prijedlože
vatromet	vatrometima
taknuti	takavši takle taklo taknemo taknimo taknite taknuh taknusmo taknuste taknuvši taknuće taknućemo taknućete taknućeš taknuću taknuše takoh takosmo takoste takoše tače
dojava	dojavama dojavo dojavom
sadašnji	sadašnjega sadašnjemu sadašnjima
utroba	utrobama utrobo
nastojati	nastojah nastojahu nastojasmo nastojaste nastojaće nastojaćemo nastojaćete nastojaćeš nastojaše nastojmo
kašalj	kašalja kašljima
fraza	frazo
izdržavati	izdržavah izdržavahu izdržavaj izdržavajmo izdržavajte izdržavajući izdržavasmo izdržavaste izdržavaće izdržavaćemo izdržavaćete izdržavaćeš izdržavaću izdržavaše
pomfrit	pomfrite
četvrt	četvrtiju četvrću
cifra	cifro cifrom
col	colova colove colovi colovima
nacrt	nacrtom
bolnički	bolničkima bolničkoga bolničkome bolničkomu
sirotište	sirotištem sirotištima
ljubak	ljupkima ljupkoga ljupkome ljupkomu
narodni	narodnima narodnoga narodnome narodnomu
zajam	zajme
lija	liji lijom
centimetar	centimetre centimetri centimetrima centimetrom
vitalan	najvitalnija najvitalnije najvitalnijeg najvitalnijega najvitalnijem najvitalnijemu najvitalniji najvitalnijih najvitalnijim najvitalnijima najvitalnijoj najvitalnijom najvitalniju vitalnija vitalnije vitalnijeg vitalnijega vitalnijem vitalnijemu vitalniji vitalnijih vitalnijim vitalnijima vitalnijoj vitalnijom vitalniju vitalnima vitalno vitalnoga vitalnoj vitalnom vitalnome vitalnomu
teroristički	terorističkima terorističkoga terorističkome terorističkomu
vešt	najveštija najveštije najveštijeg najveštijega najveštijem najveštijemu najveštijih najveštijim najveštijima najveštijoj najveštijom najveštiju veštija veštije veštijeg veštijega veštijem veštijemu veštijih veštijim veštijima veštijoj veštijom veštiju veštima veštoga veštoj veštom veštome veštomu veštu
trač	tračem traču
uzvrat	uzvrata uzvratima uzvratom uzvratu
izostaviti	izostave izostavih izostavismo izostaviste izostavivši izostaviće izostavićemo izostavićete izostavićeš izostaviću izostaviše
usporavati	usporavah usporavahu usporavajmo usporavajte usporavajući usporavasmo usporavaste usporavaće usporavaćemo usporavaćete usporavaćeš usporavaću usporavaše
platno	platnima
upaljač	upaljačima upaljačom
ševiti	ševeći ševih ševihu ševismo ševiste ševiće ševićemo ševićete ševićeš ševiću ševiše ševljenje
žvaka	žvaki žvako
korišćenje	korišćenjima
evakuacija	evakuacijama evakuacijo
homoseksualac	homoseksualcu homoseksualče
identificirati	identificirah identificirahu identificirajmo identificirajući identificiranje identificirasmo identificiraste identificiravši identificiraće identificiraćemo identificiraćete identificiraćeš identificiraću identificiraš identificiraše
intenzivan	intenzivnija intenzivnijeg intenzivnijega intenzivnijem intenzivnijemu intenzivnijih intenzivnijim intenzivnijima intenzivnijoj intenzivnijom intenzivniju intenzivnima intenzivnoga intenzivnome intenzivnomu najintenzivnija najintenzivnije najintenzivnijeg najintenzivnijega najintenzivnijem najintenzivnijemu najintenzivniji najintenzivnijih najintenzivnijim najintenzivnijima najintenzivnijoj najintenzivnijom najintenzivniju
trbuh	trbusi trbusima trbuše trbušina
neodoljiv	najneodoljivija najneodoljivije najneodoljivijeg najneodoljivijega najneodoljivijem najneodoljivijemu najneodoljiviji najneodoljivijih najneodoljivijim najneodoljivijima najneodoljivijoj najneodoljivijom najneodoljiviju neodoljivih neodoljivija neodoljivije neodoljivijeg neodoljivijega neodoljivijem neodoljivijemu neodoljiviji neodoljivijih neodoljivijim neodoljivijima neodoljivijoj neodoljivijom neodoljiviju neodoljivima neodoljivoga neodoljivoj neodoljivome neodoljivomu
violina	violinama violino
vrijednost	vrijednošću
takozvani	takozvanima takozvanoga takozvanome takozvanomu
genijalan	genijalnima genijalnoga genijalnoj genijalnome genijalnomu
onesposobiti	onesposobih onesposobismo onesposobiste onesposobivši onesposobiće onesposobićemo onesposobićete onesposobićeš onesposobiću onesposobiše
arogantan	arogantnija arogantnije arogantnijeg arogantnijega arogantnijem arogantnijemu arogantniji arogantnijih arogantnijim arogantnijima arogantnijoj arogantnijom arogantniju arogantnima arogantnoga arogantnoj arogantnom arogantnome arogantnomu arogantnu najarogantnija najarogantnije najarogantnijeg najarogantnijega najarogantnijem najarogantnijemu najarogantniji najarogantnijih najarogantnijim najarogantnijima najarogantnijoj najarogantnijom najarogantniju
poraditi	poradih poradismo poradiste poradivši poradiće poradićete poradićeš poradiše
oblikovati	oblikova oblikovah oblikovahu oblikovasmo oblikovaste oblikovavši oblikovaće oblikovaćemo oblikovaćete oblikovaćeš oblikovaću oblikovaše oblikuj oblikujmo oblikujte oblikujući
iseliti	iselih iselismo iseliste iselivši iseliće iselićemo iselićete iselićeš iseliše
prerezati	prereza prerezah prerezasmo prerezaste prerezavši prerezaće prerezaćemo prerezaćete prerezaćeš prerezaše prerezivati prerežete prerežimo
smijeh	smiech smieh smjehova smjehove smjehovi smjehovima
infarkt	infarkte infarkti infarktima infarktom infarktu
indijanski	indijanskima indijanskoga indijanskome indijanskomu
oružan	oružanima oružanoga oružanome oružanomu
pohlepan	najpohlepnija najpohlepnije najpohlepnijeg najpohlepnijega najpohlepnijem najpohlepnijemu najpohlepniji najpohlepnijih najpohlepnijim najpohlepnijima najpohlepnijoj najpohlepnijom najpohlepniju pohlepnija pohlepnije pohlepnijeg pohlepnijega pohlepnijem pohlepnijemu pohlepniji pohlepnijih pohlepnijim pohlepnijima pohlepnijoj pohlepnijom pohlepniju pohlepnima pohlepnoga pohlepnoj pohlepnom pohlepnome pohlepnomu pohlepnu
jastog	jastože
dinamit	dinamiti dinamitima
nadzirati	nadzirah nadzirahu nadzirasmo nadziraste nadziraće nadziraćemo nadziraćete nadziraćeš nadziraću nadziraše nadzirimo nadzirući
ler	lera lere lerima lerom
trgovački	trgovačkima trgovačkoga trgovačkome trgovačkomu
određivati	određivah određivahu određivanje određivasmo određivaste određivaće određivaćemo određivaćete određivaćeš određivaću određivaše određuj određujmo određujte određujući
šum	šumovi šumovima
smeštaj	smeštaje smeštaji smeštajima
trezan	najtreznija najtreznije najtreznijeg najtreznijega najtreznijem najtreznijemu najtrezniji najtreznijih najtreznijim najtreznijima najtreznijoj najtreznijom najtrezniju treznih treznija treznije treznijeg treznijega treznijem treznijemu trezniji treznijih treznijim treznijima treznijoj treznijom trezniju treznima trezno treznoga treznoj treznom treznome treznomu treznu
patetičan	najpatetičnija najpatetičnije najpatetičnijeg najpatetičnijega najpatetičnijem najpatetičnijemu najpatetičniji najpatetičnijih najpatetičnijim najpatetičnijima najpatetičnijoj najpatetičnijom najpatetičniju patetičnija patetičnije patetičnijeg patetičnijega patetičnijem patetičnijemu patetičniji patetičnijih patetičnijim patetičnijima patetičnijoj patetičnijom patetičniju patetičnima patetičnoga patetičnome patetičnomu
psovati	psovah psovahu psovasmo psovaste psovaće psovaćemo psovaćete psovaćeš psovaću psovaše psujmo psujte psujući
izbosti	izbadati izbodemo izbodete izbodimo izbodite izbodoh izbodosmo izbodoste izbodoše izbovši izbošće izbošćemo izbošćete izbošćeš
perspektiva	perspektivama perspektivo
lizati	lizah lizahu lizale lizalo lizan lizana lizane lizani lizano lizasmo lizaste lizaće lizaćemo lizaćete lizaćeš lizaše ližimo ližite
dopuštenje	dopuštenjima dopuštenju
besmislen	besmislenija besmislenije besmislenijeg besmislenijega besmislenijem besmislenijemu besmisleniji besmislenijih besmislenijim besmislenijima besmislenijoj besmislenijom besmisleniju besmislenima besmislenoga besmislenome besmislenomu najbesmislenija najbesmislenije najbesmislenijeg najbesmislenijega najbesmislenijem najbesmislenijemu najbesmisleniji najbesmislenijih najbesmislenijim najbesmislenijima najbesmislenijoj najbesmislenijom najbesmisleniju
problematičan	najproblematičnija najproblematičnije najproblematičnijeg najproblematičnijega najproblematičnijem najproblematičnijemu najproblematičniji najproblematičnijih najproblematičnijim najproblematičnijima najproblematičnijoj najproblematičnijom najproblematičniju problematičnija problematičnije problematičnijeg problematičnijega problematičnijem problematičnijemu problematičniji problematičnijih problematičnijim problematičnijima problematičnijoj problematičnijom problematičniju problematičnima problematičnoga problematičnoj problematičnome problematičnomu
pileći	pilećega pilećem pilećemu pilećima
efikasan	efikasnih efikasnijeg efikasnijega efikasnijem efikasnijemu efikasnijih efikasnijim efikasnijima efikasnijoj efikasnijom efikasniju efikasnima efikasnoga efikasnoj efikasnom efikasnome efikasnomu najefikasnijeg najefikasnijega najefikasnijem najefikasnijemu najefikasnijih najefikasnijim najefikasnijima najefikasnijoj najefikasnijom najefikasniju
izbjegavati	izbjegavah izbjegavahu izbjegavajmo izbjegavasmo izbjegavaste izbjegavaće izbjegavaćemo izbjegavaćete izbjegavaćeš izbjegavaću izbjegavaše
samoubojstvo	samoubojstvima
narav	naravima naravlju
ishrana	ishrano
doprinos	doprinosima
pobjednik	pobjednicima pobjedniče
karma	karmama karmo
sajam	sajme sajmom sajmovi
motriti	motrah motrahu motrasmo motraste motraše motreći motriće motrićete motrićeš
starateljstvo	starateljstava starateljstvima
gumen	gumenima gumenoga gumenome gumenomu
elektronski	elektronskima elektronskoga elektronskome elektronskomu
pokretan	najpokretnija najpokretnije najpokretnijeg najpokretnijega najpokretnijem najpokretnijemu najpokretniji najpokretnijih najpokretnijim najpokretnijima najpokretnijoj najpokretnijom najpokretniju pokretnija pokretnije pokretnijeg pokretnijega pokretnijem pokretnijemu pokretniji pokretnijih pokretnijim pokretnijima pokretnijoj pokretnijom pokretniju pokretnima pokretnoga pokretnome pokretnomu
puding	pudinzi pudinzima pudinže
otputovati	otputova otputovah otputovasmo otputovaste otputovavši otputovaće otputovaćete otputovaćeš otputovaše otputujmo otputujte
trostruk	trostrukih trostrukima trostrukoga trostrukoj trostrukome trostrukomu
rezati	rezah rezahu rezale rezalo rezan rezana rezane rezani rezano rezasmo rezaste rezaće rezaćemo rezaćete rezaćeš rezaću rezaše režimo
pljunuti	pljunemo pljunete pljunimo pljunuh pljunusmo pljunuste pljunuvši pljunuće pljunućemo pljunućete pljunućeš pljunuše
vlakno	vlaknom vlaknu
mehaničar	mehaničarom
odvajati	odvajah odvajahu odvajajmo odvajasmo odvajaste odvajaće odvajaćemo odvajaćete odvajaćeš odvajaću odvajaše
katolik	katolikom katoliku katoliče
okrugao	okruglima okrugloga okrugloj okruglome okruglomu
nindža	nindžo nindžom
zbunjivati	zbunjivah zbunjivahu zbunjivasmo zbunjivaste zbunjivaće zbunjivaćemo zbunjivaćete zbunjivaćeš zbunjivaću zbunjivaše zbunjujemo zbunjujmo zbunjujte
oporavljati	oporavljah oporavljahu oporavljaj oporavljajmo oporavljajte oporavljajući oporavljanje oporavljasmo oporavljaste oporavljaće oporavljaćemo oporavljaćete oporavljaćeš oporavljaću oporavljaše
ljubičast	ljubičastima ljubičastoga ljubičastome ljubičastomu
zadati	zadade zadadoh zadadosmo zadadoste zadadoše zadajmo zadajte zadale zadana zadani zadano zadavši zadaćemo zadaćete zadaćeš
parlament	parlamenata parlamente parlamenti parlamentima
poplava	poplavo
proglašavati	proglašavah proglašavahu proglašavaj proglašavajmo proglašavajte proglašavanje proglašavasmo proglašavaste proglašavaće proglašavaćemo proglašavaćete proglašavaćeš proglašavaću proglašavaš proglašavaše
digitalni	digitalnima digitalnoga digitalnome digitalnomu
zabosti	zabodemo zabodete zabodimo zabodite zabodoh zabodosmo zabodoste zabodoše zabolo zabovši zabošće zabošćemo zabošćete zabošćeš
trovati	trovah trovahu trovasmo trovaste trovaće trovaćemo trovaćete trovaćeš trovaću trovaše truj trujemo trujmo trujte trujući
sudjelovati	sudjelovah sudjelovahu sudjelovasmo sudjelovaste sudjelovaće sudjelovaćemo sudjelovaćete sudjelovaćeš sudjelovaću sudjelovaše sudjeluj sudjelujmo sudjelujte sudjelujući
balkon	balkoni
vanjski	vanjskima vanjskoga vanjskome vanjskomu
bojna	bojnama
gram	grame grami gramima gramom
prihvaćati	prihvaćah prihvaćahu prihvaćaj prihvaćajmo prihvaćajte prihvaćajući prihvaćasmo prihvaćaste prihvaćaće prihvaćaćemo prihvaćaćete prihvaćaćeš prihvaćaću prihvaćaše
izdavati	izdavah izdavahu izdavasmo izdavaste izdavaće izdavaćemo izdavaćete izdavaćeš izdavaću izdavaše
laskati	laskah laskahu laskajmo laskajući laskamo laskasmo laskaste laskaće laskaćemo laskaćete laskaćeš laskaću laskaše
nedovoljan	nedovoljnih nedovoljnim nedovoljnima nedovoljnog nedovoljnoga nedovoljnoj nedovoljnom nedovoljnome nedovoljnomu nedovoljnu
stupanj	stupnjem stupnjeve stupnjevi stupnjevima
vrlina	vrlino
prognoza	prognozo
opuštati	opuštah opuštahu opuštajmo opuštajte opuštasmo opuštaste opuštaće opuštaćemo opuštaćete opuštaćeš opuštaću opuštaše
afrički	afričkima afričkoga afričkome afričkomu
kukati	kukah kukahu kukajmo kukajte kukasmo kukaste kukaće kukaćemo kukaćete kukaćeš kukaću kukaše
raspadati	raspadah raspadahu raspadaj raspadajmo raspadajte raspadajući raspadasmo raspadaste raspadate raspadaće raspadaćemo raspadaćete raspadaćeš raspadaću raspadaše
posljedica	posljedici posljedico posljedicom
vrpca	vrpco
kiseo	kiselija kiselije kiselijeg kiselijega kiselijem kiselijemu kiseliji kiselijih kiselijim kiselijima kiselijoj kiselijom kiseliju kiselima kiseloga kiseloj kiselome kiselomu najkiselija najkiselije najkiselijeg najkiselijega najkiselijem najkiselijemu najkiseliji najkiselijih najkiselijim najkiselijima najkiselijoj najkiselijom najkiseliju
gaziti	gaziće gazićemo gazićete gazićeš gaziću gažah gažahu gažasmo gažaste gažaše
psihologija	psihologijama psihologijo
prijetiti	prijetimo prijetiće prijetićemo prijetićete prijetićeš prijetiću prijećah prijećahu prijećasmo prijećaste prijećaše prijećenje
boraviti	boraviće boravićemo boravićete boravićeš boraviću boravljah boravljahu boravljasmo boravljaste boravljaše boravljenje
navijati	navijah navijahu navijajmo navijajući navijasmo navijaste navijaće navijaćemo navijaćete navijaćeš navijaše
pratilac	pratioče
institucija	institucijo institucijom
kleknuti	klekli kleknemo kleknimo kleknuh kleknule kleknuli kleknulo kleknusmo kleknuste kleknuvši kleknuće kleknućemo kleknućete kleknućeš kleknuše klekoh klekosmo klekoste klekoše
preokrenuti	prekretati preokrenimo preokrenite preokrenuh preokrenusmo preokrenuste preokrenuvši preokrenuće preokrenućemo preokrenućete preokrenućeš preokrenuću preokrenuše
skupina	skupino
obuzeti	obuze obuzeh obuzesmo obuzeste obuzevši obuzeće obuzećemo obuzećete obuzećeš obuzeću obuzeše obuzmem obuzmemo obuzmete obuzmeš obuzmi obuzmimo obuzmite
tovar	tovarima
nesvest	nesvešću
bunker	bunkerom
kafana	kafano kafanom
staklen	staklenima staklenoga staklenome staklenomu
zbližiti	zbliženje zbližih zbližismo zbližiste zbliživši zbližiće zbližićemo zbližićete zbližićeš zbližiću zbližiše
krik	krikovima kriče
ponestati	ponestade ponestadoh ponestadosmo ponestadoste ponestadoše ponestanem ponestanemo ponestanete ponestaneš ponestani ponestanimo ponestanite ponestanu ponestavši ponestaćemo ponestaćete ponestaćeš ponestaću
poreći	porecimo porecite porekavši poreknemo poreknimo poreknite porekoh porekosmo porekoste porekoše poreku poreče porečem porečemo porečete porečeš
blefirati	blefirah blefirahu blefiraj blefirajmo blefirajte blefirajući blefirasmo blefiraste blefiravši blefiraće blefiraćemo blefiraćete blefiraćeš blefiraću blefiraše
brojka	brojaka brojci brojko brojkom
semestar	semestre semestri semestrima semestrom
lenj	lenjeg lenjega lenjem lenjemu lenjima lenjoj lenjom najlenja najlenje najlenjeg najlenjega najlenjem najlenjemu najlenji najlenjih najlenjim najlenjima najlenjoj najlenjom najlenju
februar	februare februari februarima februarom
surađivati	surađivah surađivahu surađivanje surađivasmo surađivaste surađivaće surađivaćemo surađivaćete surađivaćeš surađivaću surađivaše surađujmo surađujući
potegnuti	potegnete potegnimo potegnuh potegnula potegnule potegnuli potegnulo potegnusmo potegnuste potegnuvši potegnuće potegnućemo potegnućete potegnućeš potegnuću potegnuše potegoh potegosmo potegoste potegoše
zavideti	zavideće zavidećemo zavidećete zavidećeš zavideći zavideću zaviđah zaviđahu zaviđasmo zaviđaste zaviđaše zaviđenje
izračunati	izračunah izračunajmo izračunasmo izračunaste izračunavši izračunaće izračunaćemo izračunaćete izračunaćeš izračunaću izračunaše
utjecati	utjecah utjecahu utjecanje utjecasmo utjecaste utjecaće utjecaćemo utjecaćete utjecaćeš utjecaću utjecaše utječem utječemo utječete utječi utječimo utječite utječući
željan	najželjnija najželjnije najželjnijeg najželjnijega najželjnijem najželjnijemu najželjniji najželjnijih najželjnijim najželjnijima najželjnijoj najželjnijom najželjniju željana željane željanom željanu željnija željnije željnijeg željnijega željnijem željnijemu željniji željnijih željnijim željnijima željnijoj željnijom željniju željnim željnima željnoga željnoj željnom željnome željnomu željnu
uličica	uličico
organizirati	organizirah organizirahu organizirajmo organizirajući organizirasmo organiziraste organiziravši organiziraće organiziraćemo organiziraćete organiziraćeš organiziraću organiziraše
funkcionirati	funkcionirah funkcionirahu funkcioniraj funkcionirajmo funkcionirajte funkcionirajući funkcioniram funkcionirasmo funkcioniraste funkcionirate funkcioniraće funkcioniraćemo funkcioniraćete funkcioniraćeš funkcioniraću funkcioniraš funkcioniraše
soko	sokolovima
zahtijevati	zahtijevah zahtijevahu zahtijevaj zahtijevajmo zahtijevajte zahtijevajući zahtijevanje zahtijevasmo zahtijevaste zahtijevate zahtijevaće zahtijevaćemo zahtijevaćete zahtijevaćeš zahtijevaću zahtijevaše
tor	torova torovi torovima
obuzdati	obuzdah obuzdajmo obuzdasmo obuzdaste obuzdavši obuzdaće obuzdaćemo obuzdaćete obuzdaćeš obuzdaću obuzdaše
kongresmen	kongresmenima
veterinar	veterinare veterinarima
redovan	redovnima redovnoga redovnome redovnomu
obojen	obojenoga obojenoj obojenome obojenomu
juriš	juriše juriši jurišima jurišma jurišom
razići	razilaziti raziđem raziđeće raziđećemo raziđećete raziđećeš raziđeću raziđeš raziđi raziđoh raziđosmo raziđoste raziđoše razišavši
identičan	identičnima identičnoga identičnoj identičnom identičnome identičnomu
pogodan	najpogodnijeg najpogodnijega najpogodnijem najpogodnijemu najpogodnijih najpogodnijim najpogodnijima najpogodnijoj najpogodnijom najpogodniju pogodnija pogodnijeg pogodnijega pogodnijem pogodnijemu pogodnijih pogodnijim pogodnijima pogodnijoj pogodnijom pogodniju pogodnima pogodnoga pogodnoj pogodnome pogodnomu
primirje	primirjima
zagristi	zagrizati zagrizavši zagrizemo zagrizete zagrizimo zagrizoh zagrizosmo zagrizoste zagrizoše zagrišće zagrišćemo zagrišćete zagrišćeš zagrišću
post	postovi postovima
istraživački	istraživačkima istraživačkoga istraživačkome istraživačkomu
sličnost	sličnošću
opijati	opijah opijahu opijaj opijajmo opijajte opijamo opijasmo opijaste opijaće opijaćemo opijaćete opijaćeš opijaću opijaše
doktorica	doktoricama
mehanizam	mehanizmima
prepisati	prepisa prepisah prepisasmo prepisaste prepisavši prepisaće prepisaćemo prepisaćete prepisaćeš prepisaše prepišemo prepišimo prepišu
tvornica	tvornico tvornicom
kupaonica	kupaonicama kupaonico
fontana	fontano
koš	koševi koševima košic
šišati	šišah šišahu šišajmo šišajte šišajući šišasmo šišaste šišate šišaće šišaćemo šišaćete šišaćeš šišaću šišaše
surov	najsurovija najsurovijeg najsurovijega najsurovijem najsurovijemu najsuroviji najsurovijim najsurovijima najsurovijoj najsurovijom najsuroviju surovija surovije surovijeg surovijega surovijem surovijemu surovijih surovijim surovijima surovijoj surovijom suroviju surovima surovoga surovome surovomu
vještina	vještino
alternativa	alternativi alternativo alternativom
elegantan	elegantnija elegantnijeg elegantnijega elegantnijem elegantnijemu elegantnijih elegantnijim elegantnijima elegantnijoj elegantnijom elegantniju elegantnima elegantnoga elegantnome elegantnomu najelegantnija najelegantnije najelegantnijeg najelegantnijega najelegantnijem najelegantnijemu najelegantnijih najelegantnijim najelegantnijima najelegantnijoj najelegantnijom najelegantniju
tup	najtuplja najtuplje najtupljeg najtupljega najtupljem najtupljemu najtuplji najtupljih najtupljim najtupljima najtupljoj najtupljom najtuplju tupih tupima tuplja tuplje tupljeg tupljega tupljem tupljemu tuplji tupljih tupljim tupljima tupljoj tupljom tuplju tupoga tupoj tupome tupomu tupu
debi	debije debijem debiji debijima
otimati	otimah otimahu otimajmo otimajte otimasmo otimaste otimaće otimaćemo otimaćete otimaćeš otimaću otimaše otimlje otimljem otimljemo otimljete otimlješ otimlji otimljimo otimljite otimlju otimljući
starati	starah starahu starajmo starajte starajući staralo starasmo staraste staraće staraćemo staraćete staraćeš staraše
tavan	tavane tavani tavanima tavanom
hormon	hormonom hormonu
drukčiji	drukčijega drukčijemu drukčijih drukčijima drukčijoj drukčijom
španjolski	španjolskima španjolskoga španjolskome španjolskomu
kusur	kusure kusuri kusurima kusurom kusuru
železnica	železnicama železnico
kvantni	kvantnima kvantnoga kvantnome kvantnomu
travnjak	travnjače
kaiš	kaiše kaiši kaišima
srpski	srbski srpskim srpskima srpsko srpskoga srpskoj srpskome srpskomu srpsku
kanalizacija	kanalizacijo
naumiti	naume naumih naumim naumimo naumismo naumiste naumite naumivši naumiće naumićemo naumićete naumićeš naumiću naumiše
opekotina	opekotini opekotino opekotinom
smišljati	smišljah smišljahu smišljajmo smišljajte smišljasmo smišljaste smišljaće smišljaćemo smišljaćete smišljaćeš smišljaću smišljaše
ucenjivati	ucenjivah ucenjivahu ucenjivasmo ucenjivaste ucenjivaće ucenjivaćemo ucenjivaćete ucenjivaćeš ucenjivaću ucenjivaše ucenjuj ucenjujmo ucenjujte ucenjujući
kvart	kvarte kvartovi
sporedan	najsporednija najsporednije najsporednijeg najsporednijega najsporednijem najsporednijemu najsporedniji najsporednijih najsporednijim najsporednijima najsporednijoj najsporednijom najsporedniju sporednija sporednije sporednijeg sporednijega sporednijem sporednijemu sporedniji sporednijih sporednijim sporednijima sporednijoj sporednijom sporedniju sporednima sporednoga sporednome sporednomu
opremiti	opremih opremismo opremiste opremivši opremiće opremićemo opremićete opremićeš opremiću opremiš opremiše
grijeh	grijehom grijehove grijehovi grijehovima
trajan	najtrajnija najtrajnije najtrajnijeg najtrajnijega najtrajnijem najtrajnijemu najtrajniji najtrajnijih najtrajnijim najtrajnijima najtrajnijoj najtrajnijom najtrajniju trajnija trajnijeg trajnijega trajnijem trajnijemu trajniji trajnijih trajnijim trajnijima trajnijoj trajnijom trajniju trajnima trajnoga trajnome trajnomu
četkica	četkicama četkico
balet	balete baleti baletima
terorizam	terorizme
džez	džezova džezove džezovi džezovima
razglednica	razglednico razglednicom
naručje	naručjem naručjima
viti	vijah vijahu vijasmo vijaste vijaše vijem vijemo vijen vijena vijene vijeni vijenje vijeno vijete viješ vijmo vijte viju vijući vićemo vićete vićeš viću
ironija	ironijama ironijo
psihički	psihičkima psihičkoga psihičkome psihičkomu
iznijeti	iznesoh iznesosmo iznesoste iznesoše iznije iznijeh iznijesmo iznijeste iznijeta iznijete iznijeto iznijevši iznijeće iznijećemo iznijećete iznijećeš iznijeću izniješe
dobitak	dobicima
probijati	probijah probijahu probijajmo probijajte probijasmo probijaste probijate probijaće probijaćemo probijaćete probijaćeš probijaću probijaše
plima	plimo
činija	činijo
višak	višku višova višove višovi višovima višče
profesija	profesijama profesijo
konjica	konjicama konjucama
dekan	dekani dekanima
objesiti	objesih objesismo objesiste objesivši objesiće objesićemo objesićete objesićeš objesiću objesiše
nepravda	nepravdama nepravdo
zapisnik	zapisnicima zapisnikom zapisniče
odviti	odvi odvih odvij odvije odvijem odvijemo odvijen odvijena odvijene odvijeni odvijeno odvijete odviješ odvijmo odvijte odviju odvismo odviste odvivši odviće odvićemo odvićete odvićeš odviću odviše
naglasak	naglasaka naglasci naglascima naglaske naglašče
pojedinac	pojedincem pojedinče
deveti	devetih devetim devetima devetoga devetomu
šank	šankova šankove šankovi šankovima šanče
jadnica	jadnicama jadnicom
iznenađivati	iznenađivah iznenađivahu iznenađivanje iznenađivasmo iznenađivaste iznenađivaće iznenađivaćemo iznenađivaćete iznenađivaćeš iznenađivaću iznenađivaše iznenađuj iznenađujemo iznenađujmo iznenađujte
vrisak	vriscima vriskova vriskovima vrišče
zavarati	zavarah zavaraj zavarajmo zavarajte zavarasmo zavaraste zavaravši zavaraće zavaraćemo zavaraćete zavaraćeš zavaraću zavaraše
studeni	studenim
kamata	kamati kamato
zaborav	zaboravima zaboravom
nastava	nastavama nastavo
plafon	plafonima plafonom
tragičan	najtragičnija najtragičnije najtragičnijeg najtragičnijega najtragičnijem najtragičnijemu najtragičniji najtragičnijih najtragičnijim najtragičnijima najtragičnijoj najtragičnijom najtragičniju tragičnija tragičnijeg tragičnijega tragičnijem tragičnijemu tragičniji tragičnijih tragičnijim tragičnijima tragičnijoj tragičnijom tragičniju tragičnima tragičnoga tragičnome tragičnomu
gorak	gorkima gorkoga gorkoj gorkome gorkomu gorča gorče gorčeg gorčega gorčem gorčemu gorči gorčih gorčim gorčima gorčoj gorčom gorču najgorča najgorče najgorčeg najgorčega najgorčem najgorčemu najgorči najgorčih najgorčim najgorčima najgorčoj najgorčom najgorču
imitirati	imitirah imitirahu imitirajmo imitirajte imitirasmo imitiraste imitiraće imitiraćemo imitiraćete imitiraćeš imitiraću imitiraše
imunitet	imunitete imuniteti imunitetima
aspirin	aspirinu
monah	monahom
sirov	najsirovija najsirovije najsirovijeg najsirovijega najsirovijem najsirovijemu najsiroviji najsirovijih najsirovijim najsirovijima najsirovijoj najsirovijom najsiroviju sirovija sirovije sirovijeg sirovijega sirovijem sirovijemu siroviji sirovijih sirovijim sirovijima sirovijoj sirovijom siroviju sirovima sirovoga sirovome sirovomu
ucena	uceno
predrasuda	predrasudi predrasudo predrasudom
pripadnik	pripadnikom pripadniče
portal	portalima
poletati	poletah poletahu poletasmo poletaste poletaće poletaćemo poletaćete poletaćeš poletaću poletaše polećete polećeš polećimo polećite polećući
toplina	toplinama toplino
poručnica	poručnicama
kut	kutovi
čelični	čeličnima čeličnoga čeličnome čeličnomu
lopata	lopato
umak	umacima umake
metla	metlo
tvrdnja	tvrdnjo
svadbeni	svadbenima svadbenoga svadbenome svadbenomu
odar	odara odrima odrove
ljepota	liepota ljepotama
lira	lirama liro lirom
suvenir	suvenirom suveniru
oslabiti	oslabih oslabismo oslabiste oslabite oslabivši oslabiće oslabićemo oslabićete oslabićeš oslabiću oslabiše
mirovati	mirovah mirovahu mirovasmo mirovaste mirovaće mirovaćemo mirovaćete mirovaćeš mirovaću mirovaše mirujmo mirujući
grožđe	grojze grozje grožđima
torpedo	torpedu
nevažan	najnevažnija najnevažnije najnevažnijeg najnevažnijega najnevažnijem najnevažnijemu najnevažniji najnevažnijih najnevažnijim najnevažnijima najnevažnijoj najnevažnijom najnevažniju nevažnija nevažnije nevažnijeg nevažnijega nevažnijem nevažnijemu nevažniji nevažnijih nevažnijim nevažnijima nevažnijoj nevažnijom nevažniju nevažnima nevažnog nevažnoga nevažnoj nevažnome nevažnomu nevažnu
dječji	dječjega dječjemu dječjima
svest	svestima
prikupljati	prikupljah prikupljahu prikupljaj prikupljajmo prikupljajte prikupljasmo prikupljaste prikupljaće prikupljaćemo prikupljaćete prikupljaćeš prikupljaću prikupljaše
sena	senama
legalan	legalnima legalnoga legalnoj legalnome legalnomu
stepenište	stepeništima
svjež	najsvježija najsvježije najsvježijeg najsvježijega najsvježijem najsvježijemu najsvježiji najsvježijih najsvježijim najsvježijima najsvježijoj najsvježijom najsvježiju sviež svježega svježemu svježija svježije svježijeg svježijega svježijem svježijemu svježiji svježijih svježijim svježijima svježijoj svježijom svježiju svježima svježoj
ambiciozan	ambicioznija ambicioznije ambicioznijeg ambicioznijega ambicioznijem ambicioznijemu ambicioznijih ambicioznijim ambicioznijima ambicioznijoj ambicioznijom ambiciozniju ambicioznima ambicioznoga ambicioznoj ambicioznom ambicioznome ambicioznomu najambicioznija najambicioznije najambicioznijeg najambicioznijega najambicioznijem najambicioznijemu najambicioznijih najambicioznijim najambicioznijima najambicioznijoj najambicioznijom najambiciozniju
utopiti	utopih utopismo utopiste utopivši utopiće utopićemo utopićete utopićeš utopiću utopiše
učionica	učionico učionicom
apoteka	apoteko apotekom
ujna	ujnama
melodija	melodijama melodijo
odredište	odredištem odredištima
nepodnošljiv	nepodnošljivih nepodnošljivima nepodnošljivog nepodnošljivoga nepodnošljivoj nepodnošljivome nepodnošljivomu
izmaknuti	izmakavši izmaknem izmaknemo izmaknete izmakneš izmaknimo izmaknite izmaknuh izmaknula izmaknule izmaknuli izmaknulo izmaknusmo izmaknuste izmaknuvši izmaknuće izmaknućemo izmaknućete izmaknućeš izmaknuću izmaknuše izmakoh izmakosmo izmakoste izmakoše izmače
ljuljati	ljuljah ljuljahu ljuljajmo ljuljajte ljuljasmo ljuljaste ljuljaće ljuljaćemo ljuljaćete ljuljaćeš ljuljaću ljuljaše
uporan	najupornija najupornije najupornijeg najupornijega najupornijem najupornijemu najuporniji najupornijih najupornijim najupornijima najupornijoj najupornijom najuporniju upornih upornija upornije upornijeg upornijega upornijem upornijemu upornijih upornijim upornijima upornijoj upornijom uporniju upornim upornima upornoga upornoj upornom upornome upornomu upornu
stanarina	stanarinama stanarini stanarino
potpora	potporo
prenoćiti	prenoćih prenoćismo prenoćiste prenoćivati prenoćivši prenoćiće prenoćićete prenoćićeš prenoćiše
terasa	terasama teraso
prasak	prasaka prascima praske prašče
strastven	najstrastvenija najstrastvenije najstrastvenijeg najstrastvenijega najstrastvenijem najstrastvenijemu najstrastveniji najstrastvenijih najstrastvenijim najstrastvenijima najstrastvenijoj najstrastvenijom najstrastveniju strastvenija strastvenije strastvenijeg strastvenijega strastvenijem strastvenijemu strastveniji strastvenijih strastvenijim strastvenijima strastvenijoj strastvenijom strastveniju strastvenima strastvenoga strastvenoj strastvenom strastvenome strastvenomu
karati	karah karahu karajmo karajte karajući karale karalo karani karano karasmo karaste karaće karaćemo karaćete karaćeš karaću karaše
ušetati	ušetah ušetaj ušetajmo ušetajte ušetasmo ušetaste ušetavši ušetaće ušetaćemo ušetaćete ušetaćeš ušetaću ušetaše
odbijanje	odbijanjima
predgrađe	predgrađem
impresivan	impresivnija impresivnijeg impresivnijega impresivnijem impresivnijemu impresivnijih impresivnijim impresivnijima impresivnijoj impresivnijom impresivniju impresivnima impresivnog impresivnoga impresivnoj impresivnome impresivnomu najimpresivnija najimpresivnije najimpresivnijeg najimpresivnijega najimpresivnijem najimpresivnijemu najimpresivnijim najimpresivnijima najimpresivnijoj najimpresivnijom najimpresivniju
odbraniti	odbranih odbranismo odbraniste odbranivši odbraniće odbranićemo odbranićete odbranićeš odbraniću odbraniše
otpuštati	otpuštah otpuštahu otpuštaj otpuštajmo otpuštajte otpuštajući otpuštasmo otpuštaste otpuštaće otpuštaćemo otpuštaćete otpuštaćeš otpuštaću otpuštaše
točan	najtočnija najtočnije najtočnijeg najtočnijega najtočnijem najtočnijemu najtočniji najtočnijih najtočnijim najtočnijima najtočnijoj najtočnijom najtočniju točnih točnija točnijeg točnijega točnijem točnijemu točnijih točnijim točnijima točnijoj točnijom točniju točnima točnoga točnoj točnome točnomu
administracija	administracijama administracijo
njujorški	njujorškima njujorškoga njujorškome njujorškomu
odnositi	odnosiće odnosićemo odnosićete odnosićeš odnosiću odnošah odnošahu odnošasmo odnošaste odnošaše
uvjeren	najuvjerenija najuvjerenije najuvjerenijeg najuvjerenijega najuvjerenijem najuvjerenijemu najuvjereniji najuvjerenijih najuvjerenijim najuvjerenijima najuvjerenijoj najuvjerenijom najuvjereniju uvjerene uvjerenih uvjerenija uvjerenije uvjerenijeg uvjerenijega uvjerenijem uvjerenijemu uvjereniji uvjerenijih uvjerenijim uvjerenijima uvjerenijoj uvjerenijom uvjereniju uvjerenim uvjerenima uvjereno uvjerenog uvjerenoga uvjerenoj uvjerenom uvjerenome uvjerenomu uvjerenu
magnetni	magnetnima magnetnoga magnetnome magnetnomu
zalogaj	zalogajima
lonac	lončina
knez	knezova knezove knezovi knezovima kneževa kneževe kneževima
maksimalan	maksimalnima maksimalnoga maksimalnome maksimalnomu
očuvati	očuvah očuvaj očuvajmo očuvajte očuvasmo očuvaste očuvavši očuvaće očuvaćemo očuvaćete očuvaćeš očuvaću očuvaše
trup	trupova trupove trupovi trupovima
grudnjak	grudnjače
izražavati	izražavah izražavahu izražavaj izražavajmo izražavajte izražavasmo izražavaste izražavaće izražavaćemo izražavaćete izražavaćeš izražavaću izražavaše
ozljeda	ozljedo
dosegnuti	dosegavši dosegnimo dosegnite dosegnuh dosegnule dosegnuli dosegnulo dosegnusmo dosegnuste dosegnuvši dosegnuće dosegnućemo dosegnućete dosegnućeš dosegnuću dosegnuše dosegoh dosegosmo dosegoste dosegoše
ud	udom
znanost	znanostima
arapski	arapskima arapskoga arapskome arapskomu
buđenje	buđenjima
znatiželjan	najznatiželjnija najznatiželjnije najznatiželjnijeg najznatiželjnijega najznatiželjnijem najznatiželjnijemu najznatiželjniji najznatiželjnijih najznatiželjnijim najznatiželjnijima najznatiželjnijoj najznatiželjnijom najznatiželjniju znatiželjnija znatiželjnije znatiželjnijeg znatiželjnijega znatiželjnijem znatiželjnijemu znatiželjniji znatiželjnijih znatiželjnijim znatiželjnijima znatiželjnijoj znatiželjnijom znatiželjniju znatiželjnim znatiželjnima znatiželjnog znatiželjnoga znatiželjnoj znatiželjnom znatiželjnome znatiželjnomu znatiželjnu
vidljiv	najvidljivija najvidljivije najvidljivijeg najvidljivijega najvidljivijem najvidljivijemu najvidljiviji najvidljivijih najvidljivijim najvidljivijima najvidljivijoj najvidljivijom najvidljiviju vidljivija vidljivije vidljivijeg vidljivijega vidljivijem vidljivijemu vidljiviji vidljivijih vidljivijim vidljivijima vidljivijoj vidljivijom vidljiviju vidljivima vidljivoga vidljivoj vidljivome vidljivomu
slučajan	slučajnima slučajnoga slučajnoj slučajnome slučajnomu
neprilika	nepriliko neprilikom
spojen	spojenima spojenoga spojenoj spojenom spojenome spojenomu spojenu
sjever	sjevere sjeverom
klopka	klopkama klopko klopkom
promašaj	promašajem promašajima promašaju
znanstvenik	znanstvenikom znanstveniče
sonda	sondo
njuška	njušaka
losos	lososima
proraditi	proradih proradim proradismo proradiste proradite proradivši proradićemo proradićete proradićeš proradiću proradiš proradiše
hemikalija	hemikaliji hemikalijo hemikalijom
plastika	plastiko
hladnjak	hladnjacima
trezor	trezore trezorom
drkati	drkah drkahu drkajmo drkajte drkajući drkasmo drkaste drkaće drkaćemo drkaćete drkaćeš drkaću drkaše
ponovan	ponovnima ponovnoga ponovnome ponovnomu
štakor	štakorom
bijelac	bijelcu
gozba	gostba gozbama gozbo
prekosutra	prekjutre
trećina	trećinama trećino
otkazivati	otkazivah otkazivahu otkazivasmo otkazivaste otkazivaće otkazivaćemo otkazivaćete otkazivaćeš otkazivaću otkazivaše otkazujmo otkazujte otkazujući
naglasiti	naglasih naglasismo naglasiste naglasivši naglasiće naglasićemo naglasićete naglasićeš naglasiću naglasiše
unositi	unosiće unosićemo unosićete unosićeš unosiću unošah unošahu unošasmo unošaste unošaše
predvoditi	predvodeći predvodimo predvodiće predvodićemo predvodićete predvodićeš predvodiću predvođah predvođahu predvođasmo predvođaste predvođaše predvođenje
pega	pegom
zaboleti	zaboleh zabolesmo zaboleste zabolevši zabolećemo zabolećete zabolećeš zaboleću zaboleše zabolim zabolimo zabolite zaboliš
izmena	izmeno
baklja	bakalja bakljo
pijanica	pijanici
širenje	širenjima
prebroditi	prebrodih prebrodismo prebrodiste prebrodivši prebrodiće prebrodićete prebrodiću prebrodiše
jazbina	jazbino jazbinom
izvršni	izvršnima izvršnoga izvršnoj izvršnome izvršnomu
suh	najsuša najsuše najsušeg najsušega najsušem najsušemu najsuši najsuših najsušim najsušima najsušoj najsušom najsušu suhima suhoga suhoj suhome suhomu sušeg sušega sušem sušemu suših sušima sušoj
fotka	fotaka fotko fotkom
šav	šave šavom
kamin	kaminima
industrijski	industrijskima industrijskoga industrijskome industrijskomu
snežan	snežnima snežnoga snežnome snežnomu
siriti	sirahu sirasmo siraste siraše sireći sirili sirilo sirim sirimo sirio sirite siriće sirićemo sirićete sirićeš siriću siriš
pljuvati	pljujmo pljujte pljujući pljuvah pljuvahu pljuvasmo pljuvaste pljuvaće pljuvaćemo pljuvaćete pljuvaćeš pljuvaću pljuvaše
nezavisnost	nezavisnostima
barun	baruni barunima barunom barunu
katolički	katoličkima katoličkoga katoličkome katoličkomu
svinjski	svinjskima svinjskoga svinjskome svinjskomu
rasprodaja	rasprodajo rasprodajom
poštar	poštarima
odjenuti	odjenemo odjenete odjenimo odjenu odjenuh odjenusmo odjenuste odjenuta odjenute odjenuto odjenuvši odjenuće odjenućemo odjenućete odjenućeš odjenuću odjenuše
sluh	sluše
jebač	jebačem
pretrpeti	pretrpeh pretrpesmo pretrpeste pretrpevši pretrpeće pretrpećemo pretrpećete pretrpećeš pretrpeću pretrpeše pretrpim pretrpimo pretrpite pretrpiš
kruh	kruch kruhova kruhove kruhovi kruhovima kruše
žudeti	žudeće žudećemo žudećete žudećeš žudeću žuđah žuđahu žuđasmo žuđaste žuđaše žuđenje
šoljica	šoljico
otkup	otkupima
suziti	suzenje suzeći suzih suzijah suzijahu suzijasmo suzijaste suzijaše suzismo suziste suzivši suziće suzićemo suzićete suzićeš suziću suziše
zauzimati	zauzimah zauzimahu zauzimaj zauzimajmo zauzimajte zauzimasmo zauzimaste zauzimaće zauzimaćemo zauzimaćete zauzimaćeš zauzimaću zauzimaše zauzimljući
rov	rove rovom
obrađivati	obrađivah obrađivahu obrađivasmo obrađivaste obrađivaće obrađivaćemo obrađivaćete obrađivaćeš obrađivaću obrađivaše obrađujmo obrađujte obrađujući
debil	debilima
nevesta	nevestama
praktičan	najpraktičnija najpraktičnije najpraktičnijeg najpraktičnijega najpraktičnijem najpraktičnijemu najpraktičniji najpraktičnijih najpraktičnijim najpraktičnijima najpraktičnijoj najpraktičnijom najpraktičniju praktičnija praktičnijeg praktičnijega praktičnijem praktičnijemu praktičnijih praktičnijim praktičnijima praktičnijoj praktičnijom praktičniju praktičnima praktičnoga praktičnome praktičnomu
litar	litare litari litarima litarom litaru litrima
apsolutan	apsolutnih apsolutnima apsolutnoga apsolutnome apsolutnomu
zvijer	zvijerju
lakat	lakte lakti laktima
domar	domarima
opsesija	opsesijo
ćaskati	ćaskah ćaskahu ćaskajmo ćaskajte ćaskajući ćaskasmo ćaskaste ćaskaće ćaskaćemo ćaskaćete ćaskaćeš ćaskaću ćaskaše
rasplakati	rasplaka rasplakah rasplakasmo rasplakaste rasplakavši rasplakaće rasplakaćemo rasplakaćete rasplakaše rasplačemo rasplačete rasplači rasplačimo rasplačite
upravitelj	upravitelje upraviteljima
susedni	susednima susednoga susednome susednomu
obiti	obih obijete obijmo obijte obile obismo obiste obivši obiće obićemo obićete obićeš obiću obiše
berza	berzo
promet	promete prometi prometima
stijena	stijeno stijenom
sedlo	sedlima
pohlepa	pohlepo
tugovati	tugovah tugovahu tugovasmo tugovaste tugovaće tugovaćemo tugovaćete tugovaćeš tugovaću tugovaše tugujmo
osjetljiv	najosjetljivija najosjetljivije najosjetljivijeg najosjetljivijega najosjetljivijem najosjetljivijemu najosjetljiviji najosjetljivijih najosjetljivijim najosjetljivijima najosjetljivijoj najosjetljivijom najosjetljiviju osjetljivija osjetljivije osjetljivijeg osjetljivijega osjetljivijem osjetljivijemu osjetljivijih osjetljivijim osjetljivijima osjetljivijoj osjetljivijom osjetljiviju osjetljivima osjetljivog osjetljivoga osjetljivoj osjetljivome osjetljivomu
halucinacija	halucinaciji halucinacijo halucinacijom
izvestiti	izvestih izvestismo izvestiste izvestivši izvestiće izvestićemo izvestićete izvestićeš izvestiše izvešćivati
samoća	samoćama samoćo
đavolji	đavoljega đavoljemu đavoljima đavoljom
počastiti	počaste počastih počastismo počastiste počastivši počastiće počastićemo počastićete počastićeš počastiću počastiše
iskrvariti	iskrvarih iskrvarimo iskrvarismo iskrvariste iskrvarite iskrvarivši iskrvarićemo iskrvarićete iskrvariše
komplet	kompleti kompletima
očaj	očaje očaji očajima
zahod	zahodom
sanja	sanjama sanje sanji sanjo sanjom
prikladan	najprikladnija najprikladnijeg najprikladnijega najprikladnijem najprikladnijemu najprikladnijih najprikladnijim najprikladnijima najprikladnijoj najprikladnijom najprikladniju prikladnijeg prikladnijega prikladnijem prikladnijemu prikladnijih prikladnijim prikladnijima prikladnijoj prikladnijom prikladniju prikladnima prikladnoga prikladnoj prikladnome prikladnomu
gaditi	gadeći gadimo gadiće gadićemo gadićete gadićeš gadiću gađah gađahu gađasmo gađaste gađaše
gledište	gledištem gledištima
tak	taci takova takove takovi takovima tače
pornografija	pornografijo
viza	vizo
debata	debato
raspust	raspustima raspustom
ulov	ulovima
got	gote gotima gotom gotu
ribar	ribarom
telohranitelj	telohranitele telohranitelem
neprihvatljiv	neprihvatljivih neprihvatljivima neprihvatljivog neprihvatljivoga neprihvatljivoj neprihvatljivom neprihvatljivome neprihvatljivomu neprihvatljivu
lažljivac	lažljivcu
užitak	užitci užitcima užitče užiče
odraz	odrazima
orgazam	orgazmima orgazmički
ubacivati	ubacivah ubacivahu ubacivasmo ubacivaste ubacivaće ubacivaćemo ubacivaćete ubacivaćeš ubacivaću ubacivaše ubacujmo
ugledan	uglednima uglednoga uglednome uglednomu
deseti	desetih desetim desetima desetoga desetomu
šaputati	šaputah šaputahu šaputanje šaputasmo šaputaste šaputaće šaputaćemo šaputaćete šaputaćeš šaputaću šaputaše šapućimo šapućite
arena	arenama areno arenom
fon	fona fone foni fonima fonom fonova fonove fonovi fonovima fonu
železnički	železničkima železničko železničkoga železničkome železničkomu
sramiti	srameći sramimo sramiće sramićemo sramićete sramićeš sramiću sramljah sramljahu sramljasmo sramljaste sramljaše sramljenje
vladavina	vladavinama vladavino
rehabilitacija	rehabilitacijama rehabilitacijo
dlakav	dlakavija dlakavije dlakavijeg dlakavijega dlakavijem dlakavijemu dlakaviji dlakavijih dlakavijim dlakavijima dlakavijoj dlakavijom dlakaviju dlakavima dlakavoga dlakavoj dlakavome dlakavomu najdlakavija najdlakavije najdlakavijeg najdlakavijega najdlakavijem najdlakavijemu najdlakaviji najdlakavijih najdlakavijim najdlakavijima najdlakavijoj najdlakavijom najdlakaviju
četvrtina	četvrtinama četvrtino
poroditi	porodih porodismo porodiste porodivši porodićemo porodićete porodićeš porodiše
odbrambeni	odbrambenima odbrambenoga odbrambenome odbrambenomu
hladiti	hladeći hladimo hladite hladiće hladićemo hladićete hladićeš hladiću hladiš hlađah hlađahu hlađasmo hlađaste hlađaše
šapa	šapo
vakcina	vakcino
presresti	presrete presretneš presretnimo presretoh presretosmo presretoste presretoše presrevši presrešće presrešćete presrešćeš presrešću
silan	najsilnija najsilnije najsilnijeg najsilnijega najsilnijem najsilnijemu najsilniji najsilnijih najsilnijim najsilnijima najsilnijoj najsilnijom najsilniju silnija silnije silnijeg silnijega silnijem silnijemu silniji silnijih silnijim silnijima silnijoj silnijom silniju silnima silnoga silnome silnomu
lutrija	lutrijama lutrijo
bijes	bies bijese bjesova bjesove bjesovi bjesovima
nemilosrdan	najnemilosrdnija najnemilosrdnije najnemilosrdnijeg najnemilosrdnijega najnemilosrdnijem najnemilosrdnijemu najnemilosrdniji najnemilosrdnijih najnemilosrdnijim najnemilosrdnijima najnemilosrdnijoj najnemilosrdnijom najnemilosrdniju nemilosrdnija nemilosrdnije nemilosrdnijeg nemilosrdnijega nemilosrdnijem nemilosrdnijemu nemilosrdniji nemilosrdnijih nemilosrdnijim nemilosrdnijima nemilosrdnijoj nemilosrdnijom nemilosrdniju nemilosrdnima nemilosrdnoga nemilosrdnoj nemilosrdnome nemilosrdnomu
rutinski	rutinskima rutinskoga rutinskome rutinskomu
miti	mijah mijahu mijasmo mijaste mijaše mijem mijemo mijenje mijete miješ mijmo mijte mijući miven mivena mivene miveni mivenje miveno miće mićemo mićete mićeš miću
telesni	telesnima telesnoga telesnome telesnomu
kolona	kolono
grč	grčem
kapela	kapelama kapelom
zaposlenik	zaposlenikom zaposleniče
štedeti	štedeće štedećemo štedećete štedećeš štedeću šteđah šteđahu šteđasmo šteđaste šteđaše šteđenje
predviđati	predviđah predviđahu predviđaj predviđajmo predviđajte predviđasmo predviđaste predviđaće predviđaćemo predviđaćete predviđaćeš predviđaću predviđaše
inspekcija	inspekcijama inspekcijo
golem	golemima golemoga golemome golemomu
ćurka	ćuraka ćurci
striptiz	striptize striptizi striptizima
kult	kulte
lažirati	lažirah lažirahu lažiraj lažirajmo lažirajte lažirajući lažirasmo lažiraste lažirate lažiravši lažiraće lažiraćemo lažiraćete lažiraćeš lažiraću lažiraše
ispisati	ispisa ispisah ispisasmo ispisaste ispisavši ispisaće ispisaćemo ispisaćete ispisaćeš ispisaše ispišete ispišimo ispišite izpisati
crvotočina	crvotočino
zračenje	zračenjima
spis	spisom
gusar	gusarom
ugrožavati	ugrožavah ugrožavahu ugrožavaj ugrožavajmo ugrožavajte ugrožavasmo ugrožavaste ugrožavaće ugrožavaćemo ugrožavaćete ugrožavaćeš ugrožavaću ugrožavaše
okret	okreti okretima
šiti	šij šijah šijahu šijasmo šijaste šijaše šijmo šijte šijući šiven šiveno šiće šićemo šićete šićeš šiću
zbivati	zbivah zbivahu zbivaj zbivajmo zbivajte zbivaju zbivajući zbivam zbivamo zbivanje zbivasmo zbivaste zbivate zbivaće zbivaćemo zbivaćete zbivaćeš zbivaću zbivaš zbivaše
suši	sušiju
tamnica	tamnicom
minđuša	minđuši minđušo
iznositi	iznosiće iznosićemo iznosićete iznosićeš iznosiću iznošah iznošahu iznošasmo iznošaste iznošaše
svačiji	svačijega svačijemu svačijima svačijom
slabić	slabićima
porotnik	porotnikom porotniku
plesačica	plesačici
sledbenik	sledbenikom sledbeniku sledbeniče
pridobiti	pridobi pridobih pridobij pridobijmo pridobijte pridobismo pridobiste pridobiven pridobivena pridobivene pridobiveni pridobiveno pridobivši pridobiće pridobićemo pridobićete pridobićeš pridobiću pridobiše
gutljaj	gutljaje gutljaji gutljajima
operativan	najoperativnija najoperativnije najoperativnijeg najoperativnijega najoperativnijem najoperativnijemu najoperativniji najoperativnijih najoperativnijim najoperativnijima najoperativnijoj najoperativnijom najoperativniju operativnija operativnije operativnijeg operativnijega operativnijem operativnijemu operativniji operativnijih operativnijim operativnijima operativnijoj operativnijom operativniju operativnima operativnoga operativnome operativnomu
bazirati	bazirah bazirahu baziraj bazirajmo bazirajte baziram baziramo baziranje bazirasmo baziraste bazirate baziravši baziraće baziraćemo baziraćete baziraćeš baziraću baziraše
dvoboj	dvobojem
opstati	opstade opstadoh opstadosmo opstadoste opstadoše opstanete opstani opstanimo opstanite opstavši opstaće opstaćemo opstaćete opstaćeš opstaću
opravdati	opravdah opravdajmo opravdajte opravdasmo opravdaste opravdavši opravdaće opravdaćemo opravdaćete opravdaćeš opravdaću opravdaše
kompas	kompasima
svjetlost	svjetlostima
biologija	biologijama biologijo
vrana	vranom
ugalj	ugalja uglje uglji ugljima
zameriti	zamere zamerih zamerimo zamerismo zameriste zamerivši zameriće zamerićemo zamerićete zamerićeš zameriću zameriše
tuce	tucetima tucetom tucetu
maestro	maestara maestre maestri maestrima
zabluda	zabludo
mrva	mrvama mrvo mrvom
zamjenik	zamjenicima zamjenike
opasti	opade opadnem opadnemo opadnete opadneš opadni opadnimo opadnite opadnu opadoh opadosmo opadoste opadoše opane opanem opanemo opanete opaneš opani opanimo opanite opanu opavši opašće opašćemo opašćete opašćeš opašću
korupcija	korupcijama korupcijo
veo	velove velovi velovima
grašak	grašaka grašci grašcima graške grašče
poluga	poluzi
obrva	obrvo
samac	samcem samcu samče
nekolicina	nekolicino
limunada	limunadama limunado
probušiti	probuših probušismo probušiste probušivši probušiće probušićemo probušićete probušićeš probušiše
avionski	avionskima avionskoga avionskome avionskomu
umjetnik	umjetniče
soda	sodama
nužno	nuždno
ozlijeđen	ozlijeđenim ozlijeđenima ozlijeđenoga ozlijeđenoj ozlijeđenom ozlijeđenome ozlijeđenomu ozlijeđenu
ponižavati	ponižavah ponižavahu ponižavajmo ponižavajte ponižavasmo ponižavaste ponižavaće ponižavaćemo ponižavaćete ponižavaćeš ponižavaću ponižavaše
topiti	topeći topile topilo topimo topite topiće topićemo topićete topićeš topiću topljah topljahu topljasmo topljaste topljaše
bijesan	bijesnima bijesnoga bijesnoj bijesnom bijesnome bijesnomu bijesnu bješnja bješnje bješnjeg bješnjega bješnjem bješnjemu bješnji bješnjih bješnjim bješnjima bješnjoj bješnjom bješnju najbješnja najbješnje najbješnjeg najbješnjega najbješnjem najbješnjemu najbješnji najbješnjih najbješnjim najbješnjima najbješnjoj najbješnjom najbješnju
sultan	sultanima
veslati	veslah veslahu veslajmo veslajući veslanje veslasmo veslaste veslaće veslaćemo veslaćete veslaćeš veslaću veslaše
paša	pašama pašo pašom
tornado	tornadima
sastojati	sastoj sastojah sastojahu sastojanje sastojasmo sastojaste sastojaće sastojaćemo sastojaćete sastojaćeš sastojaću sastojaše sastojeći sastojim sastojimo sastojite sastojiš sastojmo sastojte
psihijatrijski	psihijatrijskima psihijatrijskoga psihijatrijskome psihijatrijskomu
istupiti	istupih istupimo istupismo istupiste istupivši istupiće istupićemo istupićete istupićeš istupiću istupiše
buniti	buneći buniće bunićemo bunićete bunićeš buniću bunjah bunjahu bunjasmo bunjaste bunjaše bunjenje
sprijateljiti	sprijateljih sprijateljismo sprijateljiste sprijateljivši sprijateljiće sprijateljićemo sprijateljićete sprijateljićeš sprijateljiću sprijateljiše
mesar	mesarima
šalica	šalicama šalico
maslac	maslače maslačni
stado	stadima
seansa	seanso seansom
trljati	trljah trljahu trljajmo trljamo trljasmo trljaste trljaće trljaćemo trljaćete trljaćeš trljaću trljaše
komplicirati	komplicirah komplicirahu kompliciraj komplicirajmo komplicirajte kompliciraju komplicirajući kompliciram kompliciramo kompliciranje komplicirasmo kompliciraste komplicirate kompliciravši kompliciraće kompliciraćemo kompliciraćete kompliciraćeš kompliciraću kompliciraše
koncentracija	koncentracijama koncentracijo
bizaran	bizarnija bizarnije bizarnijeg bizarnijega bizarnijem bizarnijemu bizarniji bizarnijih bizarnijim bizarnijima bizarnijoj bizarnijom bizarniju bizarnima bizarnoga bizarnome bizarnomu najbizarnija najbizarnije najbizarnijeg najbizarnijega najbizarnijem najbizarnijemu najbizarniji najbizarnijih najbizarnijim najbizarnijima najbizarnijoj najbizarnijom najbizarniju
početnik	početnikom
primeniti	primenih primenismo primeniste primenivši primeniće primenićemo primenićete primenićeš primeniću primeniše
stegnuti	stegnete stegnimo stegnuh stegnula stegnule stegnuli stegnulo stegnusmo stegnuste stegnuvši stegnuće stegnućemo stegnućete stegnućeš stegnuću stegnuše
materin	materini materinih materinim materinima materino materinoj materinom
ukleti	ukle ukleh uklesmo ukleste uklevši ukleće uklećemo uklećete uklećeš ukleću ukleše ukune ukunem ukunemo ukunete ukuneš ukuni ukunimo ukunite ukunu
otporan	najotpornija najotpornije najotpornijeg najotpornijega najotpornijem najotpornijemu najotporniji najotpornijih najotpornijim najotpornijima najotpornijoj najotpornijom najotporniju otpornije otpornijeg otpornijega otpornijem otpornijemu otpornijih otpornijim otpornijima otpornijoj otpornijom otporniju otpornima otpornoga otpornoj otpornome otpornomu
raskomotiti	raskomote raskomotih raskomotihu raskomotismo raskomotiste raskomotivši raskomotiće raskomotićemo raskomotićete raskomotićeš raskomotiću raskomotiše
plaćenik	plaćenikom plaćeniku
podao	najpodlija najpodlije najpodlijeg najpodlijega najpodlijem najpodlijemu najpodlijih najpodlijim najpodlijima najpodlijoj najpodlijom najpodliju podlija podlije podlijeg podlijega podlijem podlijemu podliji podlijih podlijim podlijima podlijoj podlijom podliju podlima podloj podlome podlomu
poklanjati	poklanjah poklanjahu poklanjaj poklanjajmo poklanjajte poklanjajući poklanjasmo poklanjaste poklanjaće poklanjaćemo poklanjaćete poklanjaćeš poklanjaću poklanjaše
norveški	norveškima norveškoga norveškome norveškomu
stoljeće	stoljećem
deonica	deonico deonicom
ukrcavati	ukrcavah ukrcavahu ukrcavajmo ukrcavajući ukrcavasmo ukrcavaste ukrcavaće ukrcavaćemo ukrcavaćete ukrcavaćeš ukrcavaću ukrcavaš ukrcavaše
iskazati	iskazah iskazasmo iskazaste iskazavši iskazaće iskazaćemo iskazaćete iskazaćeš iskazaću iskazaše iskažimo
prevoziti	prevozeći prevozih prevozismo prevoziste prevozivši prevoziće prevozićemo prevozićete prevozićeš prevoziću prevoziše prevožah prevožahu prevožasmo prevožaste prevožaše
gvozden	gvozdenima gvozdenoga gvozdenome gvozdenomu
udisati	udisah udisahu udisasmo udisaste udisaće udisaćemo udisaćete udisaćeš udisaću udisaše udišimo
uvod	uvodima
škamp	škampom škampu
zvučan	najzvučnija najzvučnije najzvučnijeg najzvučnijega najzvučnijem najzvučnijemu najzvučniji najzvučnijih najzvučnijim najzvučnijima najzvučnijoj najzvučnijom najzvučniju zvučnija zvučnije zvučnijeg zvučnijega zvučnijem zvučnijemu zvučniji zvučnijih zvučnijim zvučnijima zvučnijoj zvučnijom zvučniju zvučnima zvučno zvučnoga zvučnoj zvučnome zvučnomu
dirljiv	dirljivih dirljivija dirljivije dirljivijeg dirljivijega dirljivijem dirljivijemu dirljiviji dirljivijih dirljivijim dirljivijima dirljivijoj dirljivijom dirljiviju dirljivim dirljivima dirljivog dirljivoga dirljivoj dirljivom dirljivome dirljivomu najdirljivija najdirljivije najdirljivijeg najdirljivijega najdirljivijem najdirljivijemu najdirljiviji najdirljivijih najdirljivijim najdirljivijima najdirljivijoj najdirljivijom najdirljiviju
mutan	mutnija mutnije mutnijeg mutnijega mutnijem mutnijemu mutniji mutnijih mutnijim mutnijima mutnijoj mutnijom mutniju mutnima mutnoga mutnome mutnomu najmutnija najmutnije najmutnijeg najmutnijega najmutnijem najmutnijemu najmutniji najmutnijih najmutnijim najmutnijima najmutnijoj najmutnijom najmutniju
rješavati	rješavah rješavahu rješavaj rješavajmo rješavajte rješavajući rješavasmo rješavaste rješavaće rješavaćemo rješavaćete rješavaćeš rješavaću rješavaše
smrzavati	smrzavah smrzavahu smrzavaj smrzavajmo smrzavajte smrzavasmo smrzavaste smrzavaće smrzavaćemo smrzavaćete smrzavaćeš smrzavaću smrzavaše
odugovlačiti	odugovlačah odugovlačahu odugovlačasmo odugovlačaste odugovlačaše odugovlačeći odugovlačiće odugovlačićemo odugovlačićete odugovlačićeš odugovlačiću
obdukcija	obdukcijama obdukcijo
susjeda	susjedama susjedo
pasta	pastama pasto
specijalitet	specijalitetu
komarac	komarcem komarče
obarač	obarače obaračem obarači obaračica obaračima
metafora	metaforo
olupina	olupino
unutarnji	unutarnjega unutarnjemu unutarnjima
srodan	najsrodnija najsrodnije najsrodnijeg najsrodnijega najsrodnijem najsrodnijemu najsrodniji najsrodnijih najsrodnijim najsrodnijima najsrodnijoj najsrodnijom najsrodniju srodnija srodnije srodnijeg srodnijega srodnijem srodnijemu srodniji srodnijih srodnijim srodnijima srodnijoj srodnijom srodniju srodnima srodno srodnog srodnoga srodnoj srodnome srodnomu
federacija	federacijama federacijo
pečurka	pečurci pečurko pečurkom
raskidati	raskidah raskidahu raskidaj raskidajmo raskidajte raskidajući raskidasmo raskidaste raskidaće raskidaćemo raskidaćete raskidaćeš raskidaću raskidaše
uzor	uzorima uzorom
kupola	kupolo
bojnik	bojnicima bojnike
svući	svlačiti svucimo svukavši svukoh svukosmo svukoste svukoše svučete
maštati	maštah maštahu maštajmo maštajte maštasmo maštaste maštaće maštaćemo maštaćete maštaćeš maštaću maštaše
komplikacija	komplikaciji komplikacijo komplikacijom
mirovni	mirovnima mirovno mirovnoga mirovnome mirovnomu
mađioničar	mađioničarima mađioničarom
neočekivan	najneočekivanija najneočekivanije najneočekivanijeg najneočekivanijega najneočekivanijem najneočekivanijemu najneočekivaniji najneočekivanijih najneočekivanijim najneočekivanijima najneočekivanijoj najneočekivanijom najneočekivaniju neočekivanija neočekivanije neočekivanijeg neočekivanijega neočekivanijem neočekivanijemu neočekivaniji neočekivanijih neočekivanijim neočekivanijima neočekivanijoj neočekivanijom neočekivaniju neočekivanima neočekivanoga neočekivanome neočekivanomu
zaklinjati	zaklinjah zaklinjahu zaklinjanje zaklinjasmo zaklinjaste zaklinjaće zaklinjaćemo zaklinjaćete zaklinjaćeš zaklinjaću zaklinjaše zaklinji zaklinjimo zaklinjite zaklinjući
rečnik	rečnici rečnicima rečnike rečniče
sprava	spravo
potpredsednik	potpredsednicima potpredsednike
retardiran	najretardiranija najretardiranije najretardiranijeg najretardiranijega najretardiranijem najretardiranijemu najretardiraniji najretardiranijih najretardiranijim najretardiranijima najretardiranijoj najretardiranijom najretardiraniju retardiranija retardiranije retardiranijeg retardiranijega retardiranijem retardiranijemu retardiraniji retardiranijih retardiranijim retardiranijima retardiranijoj retardiranijom retardiraniju retardiranima retardiranoga retardiranoj retardiranome retardiranomu
odora	odoro odorom
kaj	čem česa
vijeće	vijećima
prihvat	prihvatom prihvatu
okup	okupima okupom
anomalija	anomalijo
kontati	kontah kontahu kontaj kontajmo kontajte kontaju kontajući kontamo kontanje kontasmo kontaste kontavši kontaće kontaćemo kontaćete kontaćeš kontaću kontaše
nezaposlen	najnezaposlenija najnezaposlenije najnezaposlenijeg najnezaposlenijega najnezaposlenijem najnezaposlenijemu najnezaposleniji najnezaposlenijih najnezaposlenijim najnezaposlenijima najnezaposlenijoj najnezaposlenijom najnezaposleniju nezaposlenija nezaposlenije nezaposlenijeg nezaposlenijega nezaposlenijem nezaposlenijemu nezaposleniji nezaposlenijih nezaposlenijim nezaposlenijima nezaposlenijoj nezaposlenijom nezaposleniju nezaposleno nezaposlenoga nezaposlenoj nezaposlenom nezaposlenome nezaposlenomu nezaposlenu
sentimentalan	najsentimentalnija najsentimentalnije najsentimentalnijeg najsentimentalnijega najsentimentalnijem najsentimentalnijemu najsentimentalniji najsentimentalnijih najsentimentalnijim najsentimentalnijima najsentimentalnijoj najsentimentalnijom najsentimentalniju sentimentalnija sentimentalnije sentimentalnijeg sentimentalnijega sentimentalnijem sentimentalnijemu sentimentalniji sentimentalnijih sentimentalnijim sentimentalnijima sentimentalnijoj sentimentalnijom sentimentalniju sentimentalnima sentimentalnoga sentimentalnoj sentimentalnom sentimentalnome sentimentalnomu
odoleti	odoleh odolesmo odoleste odolevši odoleće odolećemo odolećete odolećeš odoleću odoleše
inicijativa	inicijativama inicijativo
raf	rafova rafove rafovi rafovima
mnoštvo	mnoštava mnoštvima
svila	svilama svilo
nastupiti	nastupih nastupismo nastupiste nastupivši nastupićemo nastupićete nastupićeš nastupiću nastupiše
imperator	imperatorima
nadmašiti	nadmaših nadmašismo nadmašiste nadmašivši nadmašiće nadmašićemo nadmašićete nadmašićeš nadmašiću nadmašiše
cenjen	cenjenija cenjenije cenjenijeg cenjenijega cenjenijem cenjenijemu cenjeniji cenjenijih cenjenijim cenjenijima cenjenijoj cenjenijom cenjeniju cenjenima cenjenoga cenjenome cenjenomu najcenjenija najcenjenije najcenjenijeg najcenjenijega najcenjenijem najcenjenijemu najcenjenijim najcenjenijima najcenjenijoj najcenjenijom najcenjeniju
sabotirati	sabotirah sabotirahu sabotiraj sabotirajmo sabotirajte sabotirajući sabotirasmo sabotiraste sabotiravši sabotiraće sabotiraćemo sabotiraćete sabotiraćeš sabotiraću sabotiraše
dramatičan	dramatičnija dramatičnijeg dramatičnijega dramatičnijem dramatičnijemu dramatičnijih dramatičnijim dramatičnijima dramatičnijoj dramatičnijom dramatičniju dramatičnima dramatičnoga dramatičnoj dramatičnome dramatičnomu najdramatičnija najdramatičnijeg najdramatičnijega najdramatičnijem najdramatičnijemu najdramatičnijih najdramatičnijim najdramatičnijima najdramatičnijoj najdramatičnijom najdramatičniju
zoološki	zoološka zooloških zoološkima zoološko zoološkoga zoološkoj zoološkome zoološkomu zoološku
diskretan	diskretnih diskretnija diskretnijeg diskretnijega diskretnijem diskretnijemu diskretnijih diskretnijim diskretnijima diskretnijoj diskretnijom diskretniju diskretnim diskretnima diskretnog diskretnoga diskretnoj diskretnom diskretnome diskretnomu najdiskretnija najdiskretnije najdiskretnijeg najdiskretnijega najdiskretnijem najdiskretnijemu najdiskretniji najdiskretnijih najdiskretnijim najdiskretnijima najdiskretnijoj najdiskretnijom najdiskretniju
ustav	ustavima
prepuštati	prepuštah prepuštahu prepuštajmo prepuštajte prepuštasmo prepuštaste prepuštaće prepuštaćemo prepuštaćete prepuštaćeš prepuštaću prepuštaše
svoditi	svodeći svodim svodimo svodite svodiće svodićemo svodićete svodićeš svodiću svodiš svođah svođahu svođasmo svođaste svođaše
publicitet	publicitete
link	linkovima
kaša	kašama kašo
sklapati	sklapah sklapahu sklapaj sklapajmo sklapajte sklapasmo sklapaste sklapaće sklapaćemo sklapaćete sklapaćeš sklapaću sklapaše
kročiti	kročah kročahu kročasmo kročaste kročaše kročih kročismo kročiste kročivši kročiće kročićemo kročićete kročićeš kročiću kročiše
polovica	polovicama polovico
nadležnost	nadležnostima
postelja	posteljama posteljo posteljom
konvencija	konvencijo
izmeriti	izmerih izmerismo izmeriste izmerivši izmeriće izmerićemo izmerićete izmerićeš izmeriše
stanovništvo	stanovništava stanovništvima
poniženje	poniženjima
rabin	rabinima
tužitelj	tužiteljima
proterati	proterah proterajmo proterajte proterasmo proteraste proterate proteravši proteraćemo proteraćete proteraćeš proteraću proteraše
snijeg	snieg sniježe snjegova snjegove snjegovi snjegovima
naknada	naknado naknadom
kutak	kucima kutaka kutke kutkom
primedba	primedbo primedbom primetaba
smrtnik	smrtniku
primaran	primarnima primarnoga primarnoj primarnome primarnomu
poteškoća	poteškoći poteškoćo poteškoćom
masakr	masakara masakre masakrima
veridba	veridaba veridbama veridbo
lažljiv	lažljivih lažljivija lažljivije lažljivijeg lažljivijega lažljivijem lažljivijemu lažljiviji lažljivijih lažljivijim lažljivijima lažljivijoj lažljivijom lažljiviju lažljivima lažljivoga lažljivoj lažljivome lažljivomu najlažljivija najlažljivije najlažljivijeg najlažljivijega najlažljivijem najlažljivijemu najlažljiviji najlažljivijih najlažljivijim najlažljivijima najlažljivijoj najlažljivijom najlažljiviju
psiha	psihama psisi
osip	osipi osipima osipu
štos	štosom štosova štosovi štosovima štosu
lepotan	lepotanima
olimpijski	olimpijskima olimpijskoga olimpijskome olimpijskomu
prehlada	prehladama prehlado
osuda	osudo
kupaći	kupaća kupaćega kupaćemu kupaćima kupaćoj kupaćom
muza	muzama
blog	blogom
rulja	ruljama
plemić	plemićem
doživljavati	doživljavah doživljavahu doživljavaj doživljavajmo doživljavajte doživljavajući doživljavanje doživljavasmo doživljavaste doživljavaće doživljavaćemo doživljavaćete doživljavaćeš doživljavaću doživljavaše
poznanik	poznaniče
provalnik	provalnikom provalniče
neustrašiv	najneustrašivija najneustrašivije najneustrašivijeg najneustrašivijega najneustrašivijem najneustrašivijemu najneustrašiviji najneustrašivijih najneustrašivijim najneustrašivijima najneustrašivijoj najneustrašivijom najneustrašiviju neustrašivija neustrašivije neustrašivijeg neustrašivijega neustrašivijem neustrašivijemu neustrašiviji neustrašivijih neustrašivijim neustrašivijima neustrašivijoj neustrašivijom neustrašiviju neustrašivima neustrašivoga neustrašivoj neustrašivome neustrašivomu
seminar	seminarom
jogurt	jogurti jogurtima
poslodavac	poslodavče
obilaziti	obilaziće obilazićemo obilazićete obilazićeš obilaziću obilažah obilažahu obilažasmo obilažaste obilažaše
diplomatski	diplomatskima diplomatskoga diplomatskome diplomatskomu
poredak	porecima poredaka poredci poredcima poredče poretke poreče
izvršavati	izvršavah izvršavahu izvršavajmo izvršavajte izvršavasmo izvršavaste izvršavaće izvršavaćemo izvršavaćete izvršavaćeš izvršavaću izvršavaše
zalediti	zaledih zaledimo zaledismo zalediste zaledite zaledivši zalediće zaledićemo zaledićete zaledićeš zalediću zalediše
negativac	negativcem negativcu negativče
kvalitetan	kvalitetnija kvalitetnijeg kvalitetnijega kvalitetnijem kvalitetnijemu kvalitetniji kvalitetnijih kvalitetnijim kvalitetnijima kvalitetnijoj kvalitetnijom kvalitetniju kvalitetnima kvalitetnoga kvalitetnoj kvalitetnom kvalitetnome kvalitetnomu najkvalitetnija najkvalitetnijeg najkvalitetnijega najkvalitetnijem najkvalitetnijemu najkvalitetnijih najkvalitetnijim najkvalitetnijima najkvalitetnijoj najkvalitetnijom najkvalitetniju
atentat	atentatima
izrasti	izrastavši izrastem izrastemo izrastete izrasteš izrastimo izrastite izrastoh izrastosmo izrastoste izrastoše izrašćemo izrašćete izrašćeš izrašću
uvid	uvidima
odavati	odajimo odajite odavah odavahu odavajući odavasmo odavaste odavaće odavaćemo odavaćete odavaćeš odavaću odavaše
naplata	naplatama naplato
pristanak	pristanaka pristanci pristancima pristanke pristanče
partnerstvo	partnerstava partnerstvima
proizvoditi	proizvodiće proizvodićemo proizvodićete proizvodićeš proizvodiću proizvođah proizvođahu proizvođasmo proizvođaste proizvođaše proizvođenje
građevina	građevino
nerešen	nerešenima nerešenoga nerešenoj nerešenom nerešenome nerešenomu nerešenu
legija	legijo
šunjati	šunjah šunjahu šunjajmo šunjajte šunjasmo šunjaste šunjaće šunjaćemo šunjaćete šunjaćeš šunjaću šunjaše
karavan	karavanima
prosinac	prosinaca prosinački prosince prosincem prosinci prosincima prosinče
računovođa	računovođama računovođo
biografija	biografijama biografijo
obustaviti	obustavih obustavismo obustaviste obustavivši obustaviće obustavićemo obustavićete obustavićeš obustaviću obustaviše
kanadski	kanadskima kanadskoga kanadskome kanadskomu
izreka	izrekama izreko izrekom
alergija	alergiji alergijo
korisnik	korisnica korisnikom korisniče
karate	karatee karatei karateima
kočiti	kočah kočahu kočasmo kočaste kočaše kočen kočena kočeni kočeno kočeći kočili kočimo kočiće kočićemo kočićete kočićeš kočiću
prelom	prelomu
dvojka	dvojaka dvojkama
recepcija	recepcijama recepcijo recepcijom
siromaštvo	siromaštava siromaštvima
ruda	rudama rudom
ratovati	ratovah ratovahu ratovanje ratovasmo ratovaste ratovavši ratovaće ratovaćemo ratovaćete ratovaćeš ratovaću ratovaše ratuj ratujmo ratujte ratujući
gripa	gripama gripo
prometan	najprometnija najprometnije najprometnijeg najprometnijega najprometnijem najprometnijemu najprometniji najprometnijim najprometnijima najprometnijoj najprometnijom najprometniju prometnija prometnije prometnijeg prometnijega prometnijem prometnijemu prometniji prometnijih prometnijim prometnijima prometnijoj prometnijom prometniju prometnima prometnoga prometnome prometnomu
sobarica	sobarico
ubrzavati	ubrzavah ubrzavahu ubrzavajmo ubrzavajte ubrzavasmo ubrzavaste ubrzavate ubrzavaće ubrzavaćemo ubrzavaćete ubrzavaćeš ubrzavaću ubrzavaše
loza	lozama lozo
horizont	horizonata horizontima
nezahvalan	najnezahvalnija najnezahvalnije najnezahvalnijeg najnezahvalnijega najnezahvalnijem najnezahvalnijemu najnezahvalniji najnezahvalnijih najnezahvalnijim najnezahvalnijima najnezahvalnijoj najnezahvalnijom najnezahvalniju nezahvalnih nezahvalnija nezahvalnije nezahvalnijeg nezahvalnijega nezahvalnijem nezahvalnijemu nezahvalniji nezahvalnijih nezahvalnijim nezahvalnijima nezahvalnijoj nezahvalnijom nezahvalniju nezahvalnima nezahvalnoga nezahvalnoj nezahvalnome nezahvalnomu
iznevjeriti	iznevjere iznevjerih iznevjerimo iznevjerismo iznevjeriste iznevjerite iznevjerivši iznevjeriće iznevjerićemo iznevjerićete iznevjerićeš iznevjeriću iznevjeriše
pohod	pohodom
nelegalan	nelegalnima nelegalnoga nelegalnoj nelegalnome nelegalnomu
magnet	magnetu
tkanina	tkanino
egzotičan	egzotičnija egzotičnijeg egzotičnijega egzotičnijem egzotičnijemu egzotičniji egzotičnijih egzotičnijim egzotičnijima egzotičnijoj egzotičnijom egzotičniju egzotičnima egzotičnoga egzotičnoj egzotičnome egzotičnomu najegzotičnija najegzotičnije najegzotičnijeg najegzotičnijega najegzotičnijem najegzotičnijemu najegzotičniji najegzotičnijih najegzotičnijim najegzotičnijima najegzotičnijoj najegzotičnijom najegzotičniju
antibiotik	antibiotikom antibiotiku antibiotiče
keva	kevama
šašav	najšašavija najšašavije najšašavijeg najšašavijega najšašavijem najšašavijemu najšašaviji najšašavijih najšašavijim najšašavijima najšašavijoj najšašavijom najšašaviju šašavii šašavija šašavije šašavijeg šašavijega šašavijem šašavijemu šašaviji šašavijih šašavijim šašavijima šašavijoj šašavijom šašaviju šašavima šašavoga šašavoj šašavome šašavomu
liječiti	liječah liječahu liječasmo liječaste liječaše liječeći liječiće liječićemo liječićete liječićeš liječiću
tegla	teglo
ajme	ajmeh
ventil	ventilom
vrebati	vrebah vrebahu vrebaj vrebajmo vrebajte vrebajući vrebamo vrebasmo vrebaste vrebate vrebaće vrebaćemo vrebaćete vrebaćeš vrebaću vrebaše
kišobran	kišobranu
opozvati	opozovimo opozva opozvah opozvasmo opozvaste opozvavši opozvaće opozvaćemo opozvaćete opozvaćeš opozvaše
konjak	konjaci konjacima konjake konjače
nedavan	nedavnima nedavnoga nedavnome nedavnomu
prizemlje	prizemljem prizemljima
kulturan	kulturnija kulturnije kulturnijeg kulturnijega kulturnijem kulturnijemu kulturniji kulturnijih kulturnijim kulturnijima kulturnijoj kulturnijom kulturniju kulturnima kulturno kulturnoga kulturnome kulturnomu najkulturnija najkulturnije najkulturnijeg najkulturnijega najkulturnijem najkulturnijemu najkulturniji najkulturnijih najkulturnijim najkulturnijima najkulturnijoj najkulturnijom najkulturniju
predator	predatorom
tango	tangima
nagnuti	nageti nagnemo nagnete nagnimo nagnu nagnuh nagnusmo nagnuste nagnuvši nagnuće nagnućemo nagnućete nagnućeš nagnuću nagnuše
ohrabrivati	ohrabrivah ohrabrivahu ohrabrivasmo ohrabrivaste ohrabrivaće ohrabrivaćemo ohrabrivaćete ohrabrivaćeš ohrabrivaću ohrabrivaše ohrabrujmo ohrabrujte
vodoinstalater	vodoinstalaterima
urin	urine
svlačionica	svlačionico svlačionicom
izdvojiti	izdvojih izdvojismo izdvojiste izdvojivši izdvojiće izdvojićemo izdvojićete izdvojićeš izdvojiću izdvojiše
trepnuti	trepnemo trepnimo trepnuh trepnusmo trepnuste trepnuće trepnućemo trepnućete trepnućeš trepnuću trepnuše
rendgen	rendgene rendgeni rendgenima
supstanca	supstanco
izmet	izmete izmeti izmetima
stišati	stišah stišajmo stišamo stišasmo stišaste stišavši stišaće stišaćemo stišaćete stišaćeš stišaću stišaše
sakrivati	sakrivah sakrivahu sakrivajmo sakrivajte sakrivasmo sakrivaste sakrivaće sakrivaćemo sakrivaćete sakrivaćeš sakrivaću sakrivaše
žeti	žanjah žanjahu žanjasmo žanjaste žanjaše žanjem žanjete žanji žanjimo žanjite žanjući žela žeće žećemo žećete žećeš žeću žnjah žnjahu žnjasmo žnjaste žnjaše žnje žnjeli žnjem žnjemo žnjeo žnjete žnjeven žnjevena žnjevene žnjeveni žnjeveno žnješ žnji žnjimo žnjite žnju
tempo	tempima
posrednik	posrednicima posredniče
narandžast	narandžastima narandžastoga narandžastome narandžastomu
neutralan	najneutralnija najneutralnije najneutralnijeg najneutralnijega najneutralnijem najneutralnijemu najneutralniji najneutralnijih najneutralnijim najneutralnijima najneutralnijoj najneutralnijom najneutralniju neutralnija neutralnije neutralnijeg neutralnijega neutralnijem neutralnijemu neutralniji neutralnijih neutralnijim neutralnijima neutralnijoj neutralnijom neutralniju neutralnima neutralnoga neutralnome neutralnomu
izolacija	izolacijama izolacijo
objava	objavama objavo
neprikladan	neprikladnima neprikladnoga neprikladnoj neprikladnome neprikladnomu
sirup	sirupe sirupi sirupima
očuh	očuhe očusi očusima očuše
nasleđe	nasleđima
savjetovati	savjetova savjetovah savjetovahu savjetovasmo savjetovaste savjetovavši savjetovaće savjetovaćemo savjetovaćete savjetovaćeš savjetovaću savjetovaše savjetuj savjetujmo savjetujte savjetujući
svirka	sviraka svirkama svirko
gledalac	gledaocem gledaocu gledaoče
raspitati	raspitah raspitajmo raspitasmo raspitaste raspitavši raspitaće raspitaćemo raspitaćete raspitaćeš raspitaše
spopasti	spopade spopadnem spopadnemo spopadnete spopadneš spopadni spopadnimo spopadnite spopadnu spopadoh spopadosmo spopadoste spopadoše spopale spopavši spopašće spopašćemo spopašćete spopašćeš spopašću
gaj	gajem gajeva gajeve gajevi gajevima
datoteka	datoteko datotekom
beda	bedama
štampati	štampah štampahu štampajmo štampajte štampajući štampasmo štampaste štampavši štampaće štampaćemo štampaćete štampaćeš štampaću štampaše
duvan	duvane
vernik	vernikom verniku verniče
izreći	izrecimo izrecite izrekavši izreknemo izreknete izrekneš izrekni izreknimo izreknite izreknu izrekoh izrekosmo izrekoste izrekoše izreče izrečem izrečemo izrečete izrečeš
pehar	peharima
radoznalost	radoznalostima
definicija	definicijama definicijo definicijom
lojalan	lojalnija lojalnije lojalnijeg lojalnijega lojalnijem lojalnijemu lojalniji lojalnijih lojalnijim lojalnijima lojalnijoj lojalnijom lojalniju lojalnima lojalnoga lojalnoj lojalnom lojalnome lojalnomu najlojalnija najlojalnije najlojalnijeg najlojalnijega najlojalnijem najlojalnijemu najlojalniji najlojalnijih najlojalnijim najlojalnijima najlojalnijoj najlojalnijom najlojalniju
novčani	novčanima novčanoga novčanome novčanomu
dužnik	dužnikom dužniku dužniče
režim	režime režimi režimima
aplikacija	aplikacijo
upućivati	upućivah upućivahu upućivasmo upućivaste upućivaće upućivaćemo upućivaćete upućivaćeš upućivaću upućivaše upućuj upućujete upućujmo upućujte upućujući
nastajati	nastaj nastajah nastajahu nastajasmo nastajaste nastajaće nastajaćemo nastajaćete nastajaćeš nastajaću nastajaše nastajem nastajemo nastajete nastaješ nastajući
sprovod	sprovodima sprovodom
sprovoditi	sprovodeći sprovodiće sprovodićemo sprovodićete sprovodićeš sprovodiću sprovođah sprovođahu sprovođasmo sprovođaste sprovođaše
produkcija	produkcijama produkcijo
egipatski	egipatskima egipatskoga egipatskome egipatskomu
obuti	obuh obujemo obujmo obuju obusmo obuste obuvši obućemo obućete obuše
statistika	statistiko
tlak	tlakova tlakove tlakovi tlakovima tlaku
vulkanski	vulkanskima vulkanskoga vulkanskome vulkanskomu
luksuzan	luksuznija luksuznije luksuznijeg luksuznijega luksuznijem luksuznijemu luksuzniji luksuznijih luksuznijim luksuznijima luksuznijoj luksuznijom luksuzniju luksuznima luksuzno luksuznoga luksuznome luksuznomu najluksuznija najluksuznije najluksuznijeg najluksuznijega najluksuznijem najluksuznijemu najluksuzniji najluksuznijih najluksuznijim najluksuznijima najluksuznijoj najluksuznijom najluksuzniju
trkač	trkačem
nacistički	nacističkima nacističkoga nacističkome nacističkomu
rasuti	raspem raspemo raspete raspeš raspi raspimo raspite raspu rasuh rasusmo rasuste rasuvši rasuće rasućemo rasućete rasućeš rasuću rasuše
utjecaj	utjecaje utjecaji utjecajima
velim	veleći velimo velivši veljah veljahu veljasmo veljaste veljaše velju
stid	stidu
živahan	najživahnija najživahnije najživahnijeg najživahnijega najživahnijem najživahnijemu najživahniji najživahnijih najživahnijim najživahnijima najživahnijoj najživahnijom najživahniju živahnih živahnija živahnijeg živahnijega živahnijem živahnijemu živahnijih živahnijim živahnijima živahnijoj živahnijom živahniju živahnima živahnoga živahnoj živahnom živahnome živahnomu
posmatrač	posmatračem
ovdašnji	ovdašnjega ovdašnjemu ovdašnjima ovdašnjom
kaniti	kaneći kanile kanilo kaniće kanićemo kanićete kanićeš kaniću kanjah kanjahu kanjasmo kanjaste kanjaše kanjenje
intervencija	intervencijama intervencijo
legendaran	legendarnima legendarno legendarnoga legendarnoj legendarnome legendarnomu
kriket	krikete kriketom
lešinar	lešinarom
diskusija	diskusijo
šargarepa	šargarepi
knjižara	knjižaro knjižarom
roditeljski	roditeljskima roditeljskoga roditeljskome roditeljskomu
financijski	financijskima financijskoga financijskome financijskomu
antena	anteno
šupčina	šupčinama šupčini šupčinom šupčinu
abortus	abortusima
družina	družinama
snabdevati	snabdevah snabdevahu snabdevaj snabdevajmo snabdevajte snabdevajući snabdevasmo snabdevaste snabdevate snabdevaće snabdevaćemo snabdevaćete snabdevaćeš snabdevaću snabdevaše
susjedstvo	susjedstava susjedstvima susjedstvom
označavati	označavah označavahu označavaj označavajmo označavajte označavamo označavasmo označavaste označavate označavaće označavaćemo označavaćete označavaćeš označavaću označavaš označavaše
osvetnik	osvetnikom
instruktor	instruktorima
civilizovan	civilizovanija civilizovanijeg civilizovanijega civilizovanijem civilizovanijemu civilizovanijih civilizovanijim civilizovanijima civilizovanijoj civilizovanijom civilizovaniju civilizovanima civilizovanoga civilizovanoj civilizovanome civilizovanomu civilizovanu najcivilizovanija najcivilizovanije najcivilizovanijeg najcivilizovanijega najcivilizovanijem najcivilizovanijemu najcivilizovaniji najcivilizovanijih najcivilizovanijim najcivilizovanijima najcivilizovanijoj najcivilizovanijom najcivilizovaniju
daljnji	daljnjem daljnjemu daljnjima daljnjoj daljnjom
smilovati	smilova smilovah smilovanje smilovasmo smilovaste smilovavši smilovaće smilovaćemo smilovaćete smilovaćeš smilovaću smilovaše smilujem smilujemo smilujete smiluješ smilujmo smiluju
bušiti	bušah bušahu bušasmo bušaste bušaše bušen bušeći bušiće bušićemo bušićete bušićeš bušiću
beznačajan	beznačajnija beznačajnije beznačajnijeg beznačajnijega beznačajnijem beznačajnijemu beznačajniji beznačajnijih beznačajnijim beznačajnijima beznačajnijoj beznačajnijom beznačajniju beznačajnima beznačajnoga beznačajnoj beznačajnome beznačajnomu najbeznačajnija najbeznačajnije najbeznačajnijeg najbeznačajnijega najbeznačajnijem najbeznačajnijemu najbeznačajniji najbeznačajnijih najbeznačajnijim najbeznačajnijima najbeznačajnijoj najbeznačajnijom najbeznačajniju
zapošljavati	zapošljavah zapošljavahu zapošljavaj zapošljavajmo zapošljavajte zapošljavajući zapošljavasmo zapošljavaste zapošljavaće zapošljavaćemo zapošljavaćete zapošljavaćeš zapošljavaću zapošljavaše
blistav	blistavija blistavije blistavijeg blistavijega blistavijem blistavijemu blistaviji blistavijih blistavijim blistavijima blistavijoj blistavijom blistaviju blistavima blistavoga blistavoj blistavome blistavomu najblistavija najblistavije najblistavijeg najblistavijega najblistavijem najblistavijemu najblistaviji najblistavijih najblistavijim najblistavijima najblistavijoj najblistavijom najblistaviju
konvoj	konvojima
upecati	upecah upecajmo upecajte upecasmo upecaste upecate upecavši upecaće upecaćemo upecaćete upecaćeš upecaću upecaše
pronalazak	pronalascima
euro	eure euri eurom euru
posteljina	posteljinama posteljino
pobjeđivati	pobjeđivah pobjeđivahu pobjeđivasmo pobjeđivaste pobjeđivaće pobjeđivaćemo pobjeđivaćete pobjeđivaćeš pobjeđivaću pobjeđivaše pobjeđuj pobjeđujmo pobjeđujte pobjeđujući
založiti	založe založih založismo založiste založivši založiće založićemo založićete založićeš založiše
žetva	žetava žetvama žetvo
sazvati	sazovete sazovimo sazovu sazva sazvah sazvasmo sazvaste sazvavši sazvaće sazvaćemo sazvaćete sazvaćeš sazvaše
leglo	legala leglima leglom
dika	dikama dike
krstariti	krstarah krstarahu krstarasmo krstaraste krstaraše krstarite krstariće krstarićemo krstarićete krstarićeš krstariću krstariš
pokoriti	pokorih pokorismo pokoriste pokorivši pokoriće pokorićemo pokorićete pokorićeš pokoriću pokoriše
lepak	lepaka lepci lepcima lepke
uskratiti	uskratih uskratismo uskratiste uskrativši uskratiće uskratićemo uskratićete uskratićeš uskratiću uskratiše
taksista	taksistama
štedjeti	štedjeće štedjećemo štedjećete štedjećeš štedjeću šteđah šteđahu šteđasmo šteđaste šteđaše šteđenje
povećanje	povećanjima
gazdarica	gazdaricama
sjena	sjeno sjenom
slama	slamo
izrada	izradama izrado
imun	imunih imunima imunoga imunoj imunom imunome imunomu imunu
epidemija	epidemijama epidemijo
primitivan	najprimitivnija najprimitivnije najprimitivnijeg najprimitivnijega najprimitivnijem najprimitivnijemu najprimitivniji najprimitivnijih najprimitivnijim najprimitivnijima najprimitivnijoj najprimitivnijom najprimitivniju primitivnija primitivnije primitivnijeg primitivnijega primitivnijem primitivnijemu primitivniji primitivnijih primitivnijim primitivnijima primitivnijoj primitivnijom primitivniju primitivnima primitivno primitivnoga primitivnome primitivnomu
sjedalo	sjedalom
gnev	gneve gnevi gnevima gnevova gnevove gnevovi gnevovima
nepotreban	najnepotrebnija najnepotrebnije najnepotrebnijeg najnepotrebnijega najnepotrebnijem najnepotrebnijemu najnepotrebniji najnepotrebnijih najnepotrebnijim najnepotrebnijima najnepotrebnijoj najnepotrebnijom najnepotrebniju nepotrebnija nepotrebnije nepotrebnijeg nepotrebnijega nepotrebnijem nepotrebnijemu nepotrebniji nepotrebnijih nepotrebnijim nepotrebnijima nepotrebnijoj nepotrebnijom nepotrebniju nepotrebnima nepotrebnoga nepotrebnoj nepotrebnome nepotrebnomu
puž	pužić
kliziti	klizenje kliziće klizićemo klizićete klizićeš kliziću kližah kližahu kližasmo kližaste kližaše
katalog	katalože
koska	kosaka koskama kosko
sličiti	sličah sličahu sličasmo sličaste sličaše sličenje sličeći sličiće sličićemo sličićete sličićeš sličiću
foka	foki foko fokom
kolac	kolci kolcima kolče kolčevi
podmititi	podmitih podmitismo podmitiste podmitivši podmitiće podmitićemo podmitićete podmitićeš podmitiću podmitiše
savremen	najsavremenija najsavremenijeg najsavremenijega najsavremenijem najsavremenijemu najsavremenijih najsavremenijim najsavremenijima najsavremenijoj najsavremenijom savremenija savremenije savremenijeg savremenijega savremenijem savremenijemu savremeniji savremenijih savremenijim savremenijima savremenijoj savremenijom savremeniju savremenima savremenoga savremenome savremenomu
registracija	registracijama registracijo
burma	burmama burmo
skijati	skija skijah skijahu skijaj skijajmo skijajte skijajući skijasmo skijaste skijaće skijaćemo skijaćete skijaćeš skijaću skijaš skijaše
žvakati	žvakah žvakahu žvakasmo žvakaste žvakaćemo žvakaćete žvakaćeš žvakaše žvačemo žvačete žvačimo žvačite žvačući
začin	začinu
sumnjičav	najsumnjičavija najsumnjičavije najsumnjičavijeg najsumnjičavijega najsumnjičavijem najsumnjičavijemu najsumnjičaviji najsumnjičavijih najsumnjičavijim najsumnjičavijima najsumnjičavijoj najsumnjičavijom najsumnjičaviju sumnjičavih sumnjičavija sumnjičavije sumnjičavijeg sumnjičavijega sumnjičavijem sumnjičavijemu sumnjičaviji sumnjičavijih sumnjičavijim sumnjičavijima sumnjičavijoj sumnjičavijom sumnjičaviju sumnjičavima sumnjičavog sumnjičavoga sumnjičavoj sumnjičavom sumnjičavome sumnjičavomu sumnjičavu
pastir	pastirem pastirima
pojasniti	pojasne pojasnih pojasnismo pojasniste pojasnivši pojasniće pojasnićemo pojasnićete pojasnićeš pojasniše
smaknuti	smakavši smaknimo smaknuh smaknula smaknule smaknulo smaknusmo smaknuste smaknuvši smaknuše smakoh smakosmo smakoste smakoše smaći smače
jaguar	jaguarima
viljuška	viljušci viljuško
lovački	lovačkima lovačkoga lovačkome lovačkomu
povučen	najpovučenija najpovučenije najpovučenijeg najpovučenijega najpovučenijem najpovučenijemu najpovučeniji najpovučenijih najpovučenijim najpovučenijima najpovučenijoj najpovučenijom najpovučeniju povučenih povučenija povučenije povučenijeg povučenijega povučenijem povučenijemu povučeniji povučenijih povučenijim povučenijima povučenijoj povučenijom povučeniju povučenim povučenima povučenog povučenoga povučenoj povučenom povučenome povučenomu povučenu
krastavac	krastavcom krastavcu krastavica krastavče
božanstven	božanstvenih božanstvenima božanstvenoga božanstvenoj božanstvenom božanstvenome božanstvenomu
testera	testero
markiz	markizova markizove markizovi markizovima
kritičar	kritičarom kritičaru
ubrizgati	ubrizgah ubrizgajmo ubrizgasmo ubrizgaste ubrizgavši ubrizgaće ubrizgaćemo ubrizgaćete ubrizgaćeš ubrizgaše
šupa	šupama šupo šupom
les	lesova lesove lesovi lesovima
porok	porokom poroče
ublažiti	ublažavati ublažih ublažismo ublažiste ublaživati ublaživši ublažićemo ublažićete ublažićeš ublažiću ublažiše
usredotočiti	usredotoče usredotočenje usredotočih usredotočismo usredotočiste usredotočivati usredotočivši usredotočiće usredotočićemo usredotočićete usredotočićeš usredotočiću usredotočiše
zastoj	zastojima
mešavina	mešavinama mešavino
puziti	puzila puziće puzićemo puzićete puzićeš puziću pužah pužahu pužasmo pužaste pužaše puženje
mehur	mehure mehurima mehurom
sićušan	najsićušnija najsićušnije najsićušnijeg najsićušnijega najsićušnijem najsićušnijemu najsićušniji najsićušnijih najsićušnijim najsićušnijima najsićušnijoj najsićušnijom najsićušniju sićušnija sićušnije sićušnijeg sićušnijega sićušnijem sićušnijemu sićušniji sićušnijih sićušnijim sićušnijima sićušnijoj sićušnijom sićušniju sićušnima sićušnoga sićušnome sićušnomu
plutati	plutah plutahu plutaj plutajmo plutajte plutasmo plutaste plutaće plutaćemo plutaćete plutaćeš plutaću plutaše
predvorje	predvorjem predvorjima
nemir	nemirom
specijalnost	specijalnošću
poželjan	najpoželjnije najpoželjnijeg najpoželjnijega najpoželjnijem najpoželjnijemu najpoželjnijim najpoželjnijima najpoželjnijoj najpoželjnijom najpoželjniju poželjnija poželjnijeg poželjnijega poželjnijem poželjnijemu poželjnijih poželjnijim poželjnijima poželjnijoj poželjnijom poželjniju poželjnima poželjnog poželjnoga poželjnoj poželjnome poželjnomu poželjnu
panda	pandama
republikanac	republikancem republikancu republikanče
udvostručiti	udvostručenje udvostručih udvostručismo udvostručiste udvostručivši udvostručiće udvostručićete udvostručićeš udvostručiše
uvideti	uvideh uvidesmo uvideste uvidevši uvideće uvidećemo uvideću uvideše
polaskati	polaskah polaskaj polaskajmo polaskajte polaskaju polaskam polaskamo polaskasmo polaskaste polaskate polaskavši polaskaće polaskaćemo polaskaćete polaskaćeš polaskaću polaskaš polaskaše
sprej	sprejeva sprejevima
poza	pozom
žito	žitima
odvratiti	odvratih odvratismo odvratiste odvrativši odvratiće odvratićemo odvratićete odvratićeš odvratiću odvratiše
pokidati	pokidah pokidajmo pokidajte pokidasmo pokidaste pokidate pokidavši pokidaće pokidaćemo pokidaćete pokidaćeš pokidaše
beton	betone betoni betonima
obrazovan	obrazovanim obrazovanima obrazovano obrazovanoga obrazovanoj obrazovanom obrazovanome obrazovanomu
pijanac	pijanem pijanče
budalast	budalastija budalastije budalastijeg budalastijega budalastijem budalastijemu budalastiji budalastijih budalastijim budalastijima budalastijoj budalastijom budalastiju budalastima budalastoga budalastoj budalastom budalastome budalastomu najbudalastija najbudalastije najbudalastijeg najbudalastijega najbudalastijem najbudalastijemu najbudalastiji najbudalastijih najbudalastijim najbudalastijima najbudalastijoj najbudalastijom najbudalastiju
alternativan	alternativnima alternativnoga alternativnome alternativnomu
okruživati	okruživah okruživahu okruživanje okruživasmo okruživaste okruživaće okruživaćemo okruživaćete okruživaćeš okruživaću okruživaše okružuj okružujem okružujemo okružujete okružuješ okružujmo okružujte okružujući
mlatiti	mlatiće mlatićemo mlatićete mlatićeš mlatiću mlaćah mlaćahu mlaćasmo mlaćaste mlaćaše mlaćen
žila	žilo žilom
šlag	šlagova šlagove šlagovi šlagovima šlagu šlaže
opsjesti	opsjede opsjedne opsjednem opsjednemo opsjednete opsjedneš opsjedni opsjednimo opsjednite opsjednu opsjedoh opsjedosmo opsjedoste opsjedoše opsjevši opsješće opsješćemo opsješćete opsješćeš opsješću
nadaren	nadarenija nadarenije nadarenijeg nadarenijega nadarenijem nadarenijemu nadareniji nadarenijih nadarenijim nadarenijima nadarenijoj nadarenijom nadareniju nadarenim nadarenima nadarenoga nadarenoj nadarenom nadarenome nadarenomu najnadarenija najnadarenije najnadarenijeg najnadarenijega najnadarenijem najnadarenijemu najnadareniji najnadarenijih najnadarenijim najnadarenijima najnadarenijoj najnadarenijom najnadareniju
istopiti	istopih istopismo istopiste istopite istopivši istopićemo istopićete istopićeš istopiću istopiše
integritet	integritete integriteti integritetima
šnicl	šniclima
zapisivati	zapisivah zapisivahu zapisivasmo zapisivaste zapisivaće zapisivaćemo zapisivaćete zapisivaćeš zapisivaću zapisivaše zapisujmo zapisujući
prisiljavati	prisiljavah prisiljavahu prisiljavajmo prisiljavasmo prisiljavaste prisiljavaće prisiljavaćemo prisiljavaćete prisiljavaćeš prisiljavaću prisiljavaše
poslanik	poslanicima
formacija	formacijo formacijom
kreirati	kreirah kreirahu kreiraj kreirajmo kreirajte kreirasmo kreiraste kreiravši kreiraće kreiraćemo kreiraćete kreiraćeš kreiraću kreiraše
kidati	kidah kidahu kidajte kidala kidalo kidan kidana kidasmo kidaste kidate kidaće kidaćemo kidaćete kidaćeš kidaću kidaše
krstiti	krsteći krstih krstismo krstiste krstivši krstiće krstićemo krstićete krstićeš krstiću krstiše kršćah kršćahu kršćasmo kršćaste kršćaše
razumevati	razumeva razumevah razumevahu razumevaj razumevajmo razumevajte razumevaju razumevajući razumevam razumevamo razumevasmo razumevaste razumevate razumevaće razumevaćemo razumevaćete razumevaćeš razumevaću razumevaš razumevaše
zaljubljivati	zaljubljivah zaljubljivahu zaljubljivasmo zaljubljivaste zaljubljivaće zaljubljivaćemo zaljubljivaćete zaljubljivaćeš zaljubljivaću zaljubljivaše zaljubljujete zaljubljujmo zaljubljujte zaljubljujući
sažaljevati	sažaljevah sažaljevahu sažaljevajmo sažaljevajte sažaljevajući sažaljevasmo sažaljevaste sažaljevaće sažaljevaćemo sažaljevaćete sažaljevaćeš sažaljevaću sažaljevaše
pešačiti	pešačah pešačahu pešačasmo pešačaste pešačaše pešačeći pešačiće pešačićete pešačićeš
pretjerivati	pretjerivah pretjerivahu pretjerivasmo pretjerivaste pretjerivaće pretjerivaćemo pretjerivaćete pretjerivaćeš pretjerivaću pretjerivaše pretjerujemo pretjerujmo pretjerujući
rijedak	najrjeđa najrjeđe najrjeđeg najrjeđega najrjeđem najrjeđemu najrjeđi najrjeđih najrjeđim najrjeđima najrjeđoj najrjeđom najrjeđu rijetkima rijetkoga rijetkoj rijetkom rijetkome rijetkomu rjeđa rjeđeg rjeđega rjeđem rjeđemu rjeđi rjeđih rjeđim rjeđima rjeđoj rjeđom rjeđu
pokrasti	pokrademo pokradete pokradi pokradimo pokradite pokradoh pokradosmo pokradoste pokradoše pokravši pokrašće pokrašćemo pokrašćete pokrašćeš pokrašću
razveseliti	razveselih razveselismo razveseliste razveselivši razveseliće razveselićemo razveselićete razveselićeš razveseliću razveseliše
maznuti	maznete maznimo maznite maznuh maznusmo maznuste maznuvši maznuće maznućemo maznućete maznućeš maznuću maznuše
grešnik	grešnikom
rerna	rernama rerno rernom
odrezati	odreza odrezah odrezasmo odrezaste odrezavši odrezaće odrezaćemo odrezaćete odrezaćeš odrezaše odrežete odrežimo
pogreb	pogrebima pogrebom
ginuti	ginete ginimo ginite ginjah ginjahu ginjasmo ginjaste ginjaše ginuće ginućemo ginućete ginućeš ginući ginuću
plesač	plesačem
mjera	mjero
region	regionom
zalutati	zalutah zalutaj zalutajmo zalutajte zalutam zalutamo zalutasmo zalutaste zalutate zalutavši zalutaće zalutaćemo zalutaćete zalutaćeš zalutaću zalutaše
svemoguć	svemoguće svemogućemu svemogućih svemogućima svemogućoj svemogućom svemoguću
neugodan	najneugodnija najneugodnije najneugodnijeg najneugodnijega najneugodnijem najneugodnijemu najneugodniji najneugodnijih najneugodnijim najneugodnijima najneugodnijoj najneugodnijom najneugodniju neugodnija neugodnijeg neugodnijega neugodnijem neugodnijemu neugodniji neugodnijih neugodnijim neugodnijima neugodnijoj neugodnijom neugodniju neugodnima neugodnoga neugodnome neugodnomu
uvećati	uvećah uvećajmo uvećajte uvećasmo uvećaste uvećavati uvećavši uvećaće uvećaćemo uvećaćete uvećaćeš uvećaću uvećaše
krhak	krhkija krhkije krhkijeg krhkijega krhkijem krhkijemu krhkiji krhkijih krhkijim krhkijima krhkijoj krhkijom krhkiju krhkima krhko krhkoga krhkoj krhkome krhkomu najkrhkija najkrhkije najkrhkijeg najkrhkijega najkrhkijem najkrhkijemu najkrhkiji najkrhkijih najkrhkijim najkrhkijima najkrhkijoj najkrhkijom najkrhkiju
demonski	demonskima demonskoga demonskome demonskomu
poslastica	poslastici poslastico poslasticom
serum	serume serumi serumima
kupus	kupuse
jasmin	jasmini jasminima jasminom
zvjezdan	zvjezdanima zvjezdano zvjezdanoga zvjezdanome zvjezdanomu
predvidjeti	predvidje predvidjeh predvidjesmo predvidjeste predvidjevši predvidjeće predvidjećemo predvidjećete predvidjećeš predvidjeću predvidješe
stidjeti	stideći stidjeće stidjećemo stidjećete stidjećeš stidjeću stiđah stiđahu stiđasmo stiđaste stiđaše
jučerašnji	jučerašnjega jučerašnjemu jučerašnjima jučerašnjom
izići	iziđimo iziđoh iziđosmo iziđoste iziđoše izišavši
proteza	protezo
sijalica	sijalici sijalico
ljepotica	ljepoticama
pričuvati	pričuvah pričuvajmo pričuvaju pričuvasmo pričuvaste pričuvavši pričuvaće pričuvaćemo pričuvaćete pričuvaćeš pričuvaše
uspravan	najuspravnija najuspravnije najuspravnijeg najuspravnijega najuspravnijem najuspravnijemu najuspravniji najuspravnijih najuspravnijim najuspravnijima najuspravnijoj najuspravnijom najuspravniju uspravnih uspravnija uspravnije uspravnijeg uspravnijega uspravnijem uspravnijemu uspravniji uspravnijih uspravnijim uspravnijima uspravnijoj uspravnijom uspravniju uspravnim uspravnima uspravnoga uspravnoj uspravnome uspravnomu uspravnu
bizon	bizonom
dopreti	dopreh dopresmo dopreste doprevši dopreće doprećemo doprećete doprećeš dopreću dopreše dopri doprimo doprite doprvši
nemiran	najnemirnija najnemirnije najnemirnijeg najnemirnijega najnemirnijem najnemirnijemu najnemirniji najnemirnijih najnemirnijim najnemirnijima najnemirnijoj najnemirnijom najnemirniju nemirnija nemirnije nemirnijeg nemirnijega nemirnijem nemirnijemu nemirniji nemirnijih nemirnijim nemirnijima nemirnijoj nemirnijom nemirniju nemirnima nemirnoga nemirnoj nemirnome nemirnomu
fokus	fokuse fokusi fokusima
igranka	igrankama igranko igrankom
narudžba	narudžaba narudžbo
londonski	londonskima londonskoga londonskome londonskomu
gubica	gubicama gubico gubicom
letak	letkom
pohvaliti	pohvalih pohvalimo pohvalismo pohvaliste pohvalivši pohvaliće pohvalićemo pohvalićete pohvalićeš pohvaliću pohvališe
bat	batova batove batovi batovima
mak	makove makovima
mirovina	mirovinama mirovino mirovinom
skulptura	skulpturo
jarac	jaraca jarcima jarčeva jarčeve jarčevi jarčevima
posekotina	posekotini posekotino
ohrabriti	ohrabrenje ohrabrih ohrabrismo ohrabriste ohrabrivši ohrabriće ohrabrićemo ohrabrićete ohrabrićeš ohrabriću ohrabriše
obračun	obračunima obračunom
nezadovoljan	nezadovoljnima nezadovoljnoga nezadovoljnoj nezadovoljnom nezadovoljnome nezadovoljnomu nezadovoljnu
slupati	slupah slupaj slupajmo slupajte slupaju slupasmo slupaste slupate slupavši slupaće slupaćete slupaćeš slupaću slupaše
jarak	jaraci jaracima jaraka jarake jarcima
revolucionaran	najrevolucionarnija najrevolucionarnije najrevolucionarnijeg najrevolucionarnijega najrevolucionarnijem najrevolucionarnijemu najrevolucionarniji najrevolucionarnijih najrevolucionarnijim najrevolucionarnijima najrevolucionarnijoj najrevolucionarnijom najrevolucionarniju revolucionarnija revolucionarnije revolucionarnijeg revolucionarnijega revolucionarnijem revolucionarnijemu revolucionarniji revolucionarnijih revolucionarnijim revolucionarnijima revolucionarnijoj revolucionarnijom revolucionarniju revolucionarnima revolucionarnoga revolucionarnome revolucionarnomu
akt	aktova aktovima
dežuran	dežurnih dežurnima dežurno dežurnoga dežurnoj dežurnome dežurnomu
olovo	olovima olovu
ošišati	ošišah ošišahu ošišajmo ošišajte ošišaju ošišasmo ošišaste ošišavši ošišaće ošišaćemo ošišaćete ošišaćeš ošišaću ošišaše
teškoća	teškoći teškoćo teškoćom
svinjetina	svinjetinama svinjetino
fondacija	fondacijama fondacijo
pohvala	pohvalo
testis	testisom
pseto	psetima psetu
formalnost	formalnošću
nadležan	nadležno nadležnoga nadležnoj nadležnome nadležnomu nadležnu
zastati	zastade zastadoh zastadosmo zastadoste zastadoše zastavši zastaće zastaćemo zastaćete zastaćeš zastaću
ušteđevina	ušteđevinama ušteđevini ušteđevino
jagnje	jagnjadi jagnjađu jagnjetu
razljutiti	razljutih razljutismo razljutiste razljutite razljutivši razljutiće razljutićemo razljutićete razljutićeš razljutiću razljutiše
papagaj	papagajima
masivan	masivnijeg masivnijega masivnijem masivnijemu masivniji masivnijih masivnijim masivnijima masivnijoj masivnijom masivniju masivnima masivno masivnoga masivnoj masivnome masivnomu najmasivnija najmasivnije najmasivnijeg najmasivnijega najmasivnijem najmasivnijemu najmasivniji najmasivnijih najmasivnijim najmasivnijima najmasivnijoj najmasivnijom najmasivniju
gajba	gajbama gajbo gajbom
pustinjski	pustinjskima pustinjskoga pustinjskome pustinjskomu
demokratski	demokratskija demokratskije demokratskijeg demokratskijega demokratskijem demokratskijemu demokratskiji demokratskijih demokratskijim demokratskijima demokratskijoj demokratskijom demokratskiju demokratskima demokratskoga demokratskome demokratskomu najdemokratskija najdemokratskije najdemokratskijeg najdemokratskijega najdemokratskijem najdemokratskijemu najdemokratskiji najdemokratskijih najdemokratskijim najdemokratskijima najdemokratskijoj najdemokratskijom najdemokratskiju
investirati	investirah investirahu investiraj investirajmo investirajte investirajući investirasmo investiraste investiravši investiraće investiraćemo investiraćete investiraćeš investiraću investiraše
rešetka	rešetci rešetko rešetkom reštaka
simulacija	simulacijo
šipka	šipaka šipko
kisik	kisici kisicima kisike kisiku kisiče
imenik	imenici imenicima imeniče
crvenokos	crvenokosim crvenokosima crvenokoso crvenokosoga crvenokosome crvenokosomu
osvežiti	osvežih osvežismo osvežiste osveživši osvežiće osvežićemo osvežićete osvežićeš osvežiše
opadati	opadah opadahu opadaj opadajmo opadajte opadajući opadam opadamo opadasmo opadaste opadate opadaće opadaćemo opadaćete opadaćeš opadaću opadaš opadaše
nužda	nuždama nuždo nuždom
burka	burkama burko
izjasniti	izjasnih izjasnimo izjasnismo izjasniste izjasnivši izjasniće izjasnićemo izjasnićete izjasnićeš izjasniću izjasniše izjašnjavati
breskva	breskvo breskvom
spasenje	spasenjima
sekcija	sekcijama sekcijo
dozivati	dozivah dozivahu dozivaj dozivajmo dozivajte dozivasmo dozivaste dozivate dozivaće dozivaćemo dozivaćete dozivaćeš dozivaću dozivaše dozivlje dozivljem dozivljemo dozivljete dozivlješ dozivlji dozivljimo dozivljite dozivlju dozivljući
salveta	salveto
strelica	strelici
uginuti	uginem uginemo uginete ugineš ugini uginimo uginite uginuh uginusmo uginuste uginuvši uginućemo uginućete uginućeš uginuću uginuše
izjednačiti	izjednačih izjednačismo izjednačiste izjednačite izjednačivši izjednačiće izjednačićemo izjednačićete izjednačićeš izjednačiću izjednačiše
pokolj	pokolji pokoljima
izbeglica	izbeglici izbeglico izbeglicom
ambar	ambare ambarem ambareva ambareve ambarevi ambarevima ambari ambarima anbar hambar
zalaziti	zalazeći zalaziće zalazićemo zalazićete zalazićeš zalaziću zalažah zalažahu zalažasmo zalažaste zalažaše zalaženje
učinak	učincima
zabuna	zabunama zabuno
teoretski	teoretskih teoretskim teoretskima teoretskog teoretskoga teoretskoj teoretskom teoretskome teoretskomu teoretsku
avet	aveću
klizati	klizah klizahu klizasmo klizaste klizaće klizaćemo klizaćete klizaćeš klizaću klizaše kližemo kližete kližimo kližite kližući
svitak	svitcima svitče sviče
ogorčen	najogorčenija najogorčenije najogorčenijeg najogorčenijega najogorčenijem najogorčenijemu najogorčeniji najogorčenijih najogorčenijim najogorčenijima najogorčenijoj najogorčenijom najogorčeniju ogorčenija ogorčenije ogorčenijeg ogorčenijega ogorčenijem ogorčenijemu ogorčeniji ogorčenijih ogorčenijim ogorčenijima ogorčenijoj ogorčenijom ogorčeniju ogorčenima ogorčenoga ogorčenoj ogorčenom ogorčenome ogorčenomu ogorčenu
hava	havama havo havom havu
štikla	štikala štiklo
procjena	procjeno
fizičar	fizičarem fizičaru
djetinjstvo	djetinjstava djetinjstvima djetinjstvom
prismotra	prismotro
umišljati	umišljah umišljahu umišljajmo umišljajte umišljajući umišljamo umišljanje umišljasmo umišljaste umišljaće umišljaćemo umišljaćete umišljaćeš umišljaću umišljaše
prerušiti	preruše preruših prerušismo prerušiste prerušite prerušivati prerušivši prerušiće prerušićemo prerušićete prerušićeš prerušiću prerušiše
vedar	najvedrija najvedrije najvedrijeg najvedrijega najvedrijem najvedrijemu najvedriji najvedrijih najvedrijim najvedrijima najvedrijoj najvedrijom najvedriju vedrih vedrijeg vedrijega vedrijem vedrijemu vedriji vedrijih vedrijim vedrijima vedrijoj vedrijom vedrima vedroga vedroj vedrome vedromu
opeći	opeci opecimo opecite opekavši opekoh opekosmo opekoste opekoše opečemo
izliječiti	izliječih izliječismo izliječiste izliječivši izliječiće izliječićemo izliječićete izliječićeš izliječiću izliječiše
nagao	naglija naglije naglijeg naglijega naglijem naglijemu nagliji naglijih naglijim naglijima naglijoj naglijom nagliju naglima nagloga nagloj naglome naglomu najnaglija najnaglije najnaglijeg najnaglijega najnaglijem najnaglijemu najnagliji najnaglijih najnaglijim najnaglijima najnaglijoj najnaglijom najnagliju
odgoditi	odgodih odgodismo odgodiste odgodivši odgodiće odgodićemo odgodićete odgodićeš odgodiću odgodiše
mjuzikl	mjuziklom
odvoditi	odvodeći odvodiće odvodićemo odvodićete odvodićeš odvodiću odvođah odvođahu odvođasmo odvođaste odvođaše
spasilački	spasilačkima spasilačko spasilačkoga spasilačkome spasilačkomu
osećajan	najosećajnija najosećajnije najosećajnijeg najosećajnijega najosećajnijem najosećajnijemu najosećajniji najosećajnijih najosećajnijim najosećajnijima najosećajnijoj najosećajnijom najosećajniju osećajnih osećajnija osećajnije osećajnijeg osećajnijega osećajnijem osećajnijemu osećajnijih osećajnijim osećajnijima osećajnijoj osećajnijom osećajniju osećajnim osećajnima osećajnoga osećajnoj osećajnom osećajnome osećajnomu
sagledati	sagledah sagledajte sagledasmo sagledaste sagledavati sagledavši sagledaće sagledaćemo sagledaćete sagledaćeš sagledaću sagledaše
poštedjeti	poštedje poštedjeh poštedjesmo poštedjeste poštedjevši poštedjeće poštedjećemo poštedjećete poštedjećeš poštedjeću poštedješe
racionalan	najracionalnija najracionalnije najracionalnijeg najracionalnijega najracionalnijem najracionalnijemu najracionalniji najracionalnijih najracionalnijim najracionalnijima najracionalnijoj najracionalnijom najracionalniju racionalnih racionalnija racionalnije racionalnijeg racionalnijega racionalnijem racionalnijemu racionalniji racionalnijih racionalnijim racionalnijima racionalnijoj racionalnijom racionalniju racionalnima racionalnoga racionalnoj racionalnome racionalnomu
pipa	pipama pipom
haker	hakerom
impuls	impulsu
selidba	selidaba selidbama selidbo
dospjeti	dospij dospijem dospijemo dospijete dospiješ dospijmo dospijte dospje dospjeh dospjesmo dospjeste dospjevši dospjeće dospjećemo dospjećete dospjećeš dospjeću dospješe
istaknuti	istaknimo istaknuh istaknusmo istaknuste istaknuvši istaknuće istaknućemo istaknućete istaknućeš istaknuću istaknuše istakoh istakosmo istakoste istakoše istače
prestupnik	prestupniku prestupniče
parkiralište	parkiralištem parkiralištima
komunistički	komunističkima komunističkoga komunističkome komunističkomu
kristalni	kristalnima kristalnoga kristalnome kristalnomu
petao	petle
svijeća	svijeći svijećo
vrtoglavica	vrtoglavicama vrtoglavici vrtoglavico
srijeda	srieda srijedama srijedo
nejasan	najnejasnija najnejasnije najnejasnijeg najnejasnijega najnejasnijem najnejasnijemu najnejasniji najnejasnijih najnejasnijim najnejasnijima najnejasnijoj najnejasnijom najnejasniju nejasnija nejasnije nejasnijeg nejasnijega nejasnijem nejasnijemu nejasniji nejasnijih nejasnijim nejasnijima nejasnijoj nejasnijom nejasniju nejasnima nejasnoga nejasnoj nejasnom nejasnome nejasnomu
sramotiti	sramoteći sramotiće sramotićemo sramotićete sramotićeš sramotiću sramoćah sramoćahu sramoćasmo sramoćaste sramoćaše
pamuk	pamuče
transakcija	transakcijo transakcijom
maksimum	maksimume maksimumi maksimumima maksimumom
zahvatiti	zahvatih zahvatim zahvatimo zahvatismo zahvatiste zahvatite zahvativši zahvatiće zahvatićemo zahvatićete zahvatićeš zahvatiću zahvatiš zahvatiše
školarina	školarinama školarino
kvadrat	kvadratima kvadratom
odeljak	odeljkom odeljče
ženin	ženinima
iti	gremo pemo
teror	terore terori terorima
voćni	voćnima voćnoga voćnoj voćnome voćnomu
dionica	dionico dionicom
inicijal	inicijalom inicijalu
lijen	lijenih lijenim lijenima lijenoga lijenoj lijenom lijenome lijenomu ljenja ljenje ljenjeg ljenjega ljenjem ljenjemu ljenji ljenjih ljenjim ljenjima ljenjoj ljenjom ljenju najljenja najljenje najljenjeg najljenjega najljenjem najljenjemu najljenji najljenjih najljenjim najljenjima najljenjoj najljenjom najljenju
ideal	idealom
kvadratni	kvadratnima kvadratno kvadratnoga kvadratnoj kvadratnome kvadratnomu
ravnica	ravnico
lepljiv	lepljivima lepljivoga lepljivoj lepljivome lepljivomu
pozirati	pozirah pozirahu pozirajmo pozirajte pozirajući pozirasmo poziraste poziravši poziraće poziraćemo poziraćete poziraćeš poziraću poziraše
uzdah	uzdahom uzdahu uzdasima uzdaše
taktički	taktičkima taktičkoga taktičkoj taktičkome taktičkomu
elita	elitama elito
bratac	bracem bracima brataca bratca bratce bratcem bratci bratcima bratcu bratče
skrasiti	skrasih skrasismo skrasiste skrasivši skrasiće skrasićemo skrasićete skrasićeš skrasiću skrasiše
prosjak	prosjakom
vrtić	vrtiće vrtići vrtićima vrtićom
naručivati	naručivah naručivahu naručivasmo naručivaste naručivaće naručivaćemo naručivaćete naručivaćeš naručivaću naručivaše naručujmo naručujte naručujući
struka	strukama struko
nastavnica	nastavnicama
kormilo	kormilima
feniks	fenikse feniksi feniksima feniksom
okusiti	okusih okusismo okusiste okusivši okusiće okusićemo okusićete okusićeš okusiću okusiše
skupština	skupštinama skupštino
kojot	kojotom
odlutati	odlutah odlutaj odlutajmo odlutajte odlutamo odlutasmo odlutaste odlutate odlutavši odlutaće odlutaćemo odlutaćete odlutaćeš odlutaću odlutaše
obučavati	obučavah obučavahu obučavaj obučavajmo obučavajte obučavajući obučavasmo obučavaste obučavaće obučavaćemo obučavaćete obučavaćeš obučavaću obučavaše
nogomet	nogomete
povod	povode povodi povodima
agonija	agonijama agonijo agonijom
renovirati	renovirah renovirahu renoviraj renovirajmo renovirajte renovirajući renovirasmo renoviraste renoviravši renoviraće renoviraćemo renoviraćete renoviraćeš renoviraću renoviraše
loža	ložo ložom
kenjati	kenjah kenjahu kenjajmo kenjajte kenjajući kenjamo kenjasmo kenjaste kenjaće kenjaćemo kenjaćete kenjaćeš kenjaću kenjaše
školovanje	školovanjima
kirurg	kirurzima kirurže
udes	udesima udesom
radostan	najradosnija najradosnije najradosnijeg najradosnijega najradosnijem najradosnijemu najradosniji najradosnijih najradosnijim najradosnijima najradosnijoj najradosnijom najradosniju radosnija radosnije radosnijeg radosnijega radosnijem radosnijemu radosniji radosnijih radosnijim radosnijima radosnijoj radosnijom radosniju radosnima radosnoga radosnoj radosnom radosnome radosnomu
ventilacija	ventilacijama ventilacijo
suseda	susedama susedo
depozit	depozitima
crnčuga	crnčugi
provjera	provjerama provjero
gama	gamama gamo gamom
iskrcati	iskrcah iskrcajmo iskrcasmo iskrcaste iskrcavši iskrcaće iskrcaćemo iskrcaćete iskrcaćeš iskrcaću iskrcaše
bordel	bordelom
suprotnost	suprotnostima suprotnošću
kupon	kuponu
turistički	turističkima turističkoga turističkome turističkomu
skica	skico skicom
raskrsnica	raskrsnico raskrsnicom
petorica	petorico
udaljavati	udaljavah udaljavahu udaljavajmo udaljavajući udaljavasmo udaljavaste udaljavaće udaljavaćemo udaljavaćete udaljavaćeš udaljavaću udaljavaše
požuda	požudo
smjeti	smijah smijahu smijasmo smijaste smijaše smijmo smjeće smjećemo smjećete smjećeš smjeću
narednica	narednicama narednico
temeljni	temeljnima temeljnoga temeljnoj temeljnom temeljnome temeljnomu
flora	florama
savršenstvo	savršenstava savršenstvima
carina	carinama carino
lutkica	lutkici lutkico
četvorka	četvoraka četvorkama četvorko
transplantacija	transplantacijama transplantacijo
kuhar	kuharima
trunuti	trunimo trunite trunjah trunjahu trunjasmo trunjaste trunjaše trunjenje trunuće trunućemo trunućete trunući trunuću
šišmiš	šišmišom
aljaski	aljaskih aljaskim aljaskima aljasko aljaskog aljaskoga aljaskoj aljaskom aljaskome aljaskomu
nervoza	nervozama nervozo
starački	staračkima staračko staračkoga staračkoj staračkome staračkomu staračku
preskakati	preskakah preskakahu preskakasmo preskakaste preskakaće preskakaćemo preskakaćete preskakaćeš preskakaću preskakaše preskačimo preskačite
izlog	izlogom
bikini	bikinijem
kvaka	kvakama kvako
jednačina	jednačino
južni	južniji
ophoditi	ophodeći ophodiće ophodićemo ophodićete ophodićeš ophodiću ophođah ophođahu ophođasmo ophođaste ophođaše
dostavljati	dostavljah dostavljahu dostavljaj dostavljajmo dostavljajte dostavljajući dostavljasmo dostavljaste dostavljaće dostavljaćemo dostavljaćete dostavljaćeš dostavljaću dostavljaše
vosak	voskova voskove voskovi voskovima vošče
govornik	govornicima govornikom govorniku
nasilnik	nasilniku
pevačica	pevačicama pevačici
nasmijati	nasmija nasmijah nasmijasmo nasmijaste nasmijavši nasmijaće nasmijaćemo nasmijaćete nasmijaćeš nasmijaću nasmijaše nasmijemo nasmijete nasmijmo nasmiju
specifičan	najspecifičnija najspecifičnije najspecifičnijeg najspecifičnijega najspecifičnijem najspecifičnijemu najspecifičniji najspecifičnijih najspecifičnijim najspecifičnijima najspecifičnijoj najspecifičnijom najspecifičniju specifičnija specifičnije specifičnijeg specifičnijega specifičnijem specifičnijemu specifičniji specifičnijih specifičnijim specifičnijima specifičnijoj specifičnijom specifičniju specifičnima specifičnoga specifičnome specifičnomu
kapital	kapitale kapitali kapitalima
ugrizati	ugrizah ugrizahu ugrizaj ugrizajmo ugrizajte ugrizaju ugrizajući ugrizam ugrizamo ugrizanje ugrizasmo ugrizaste ugrizate ugrizaće ugrizaćemo ugrizaćete ugrizaćeš ugrizaću ugrizaš ugrizaše
kofein	kofeine kofeinu
odstraniti	odstranih odstranismo odstraniste odstranivši odstraniće odstranićemo odstranićete odstranićeš odstraniću odstraniše
klanjati	klanjah klanjahu klanjajmo klanjajući klanjasmo klanjaste klanjaće klanjaćemo klanjaćete klanjaćeš klanjaću klanjaše
ladica	ladico ladicom
uredan	najurednija najurednije najurednijeg najurednijega najurednijem najurednijemu najuredniji najurednijih najurednijim najurednijima najurednijoj najurednijom najuredniju urednih urednija urednijeg urednijega urednijem urednijemu urednijih urednijim urednijima urednijoj urednijom uredniju urednima urednog urednoga urednoj urednome urednomu
oceniti	ocenih ocenismo oceniste ocenivši oceniće ocenićemo ocenićete ocenićeš oceniću oceniše
dinar	dinare dinari dinarima dinarom dinaru
grkljan	grkljani grkljanima grkljanom grkljanu
manevar	manevru
fleka	fleci fleki fleko
plac	placeve placevi placevima plačeva plačeve plačevi plačevima
obveznica	obveznico obveznicom
poternica	poternico poternicom
debeljko	debeljaka debeljci debeljcima debeljke
did	dide didima didom didova didove didovi didovima didu
udeo	udele udelima udelom
golicati	golicah golicahu golicajmo golicajte golicajući golicamo golicasmo golicaste golicaće golicaćemo golicaćete golicaćeš golicaću golicaše
imidž	imidže imidži imidžima
bombarder	bombarderom
prizivati	prizivah prizivahu prizivajmo prizivajte prizivajući prizivasmo prizivaste prizivaće prizivaćemo prizivaćete prizivaćeš prizivaću prizivaše prizivlje prizivljem prizivljemo prizivljete prizivlješ prizivlji prizivljimo prizivljite prizivlju prizivljući
svilen	svilenima svilenoga svilenome svilenomu
marketing	marketinge marketinzi marketinzima marketinže
esej	esejom
infuzija	infuzijama infuzijo
prostitucija	prostitucijama prostitucijo
negovati	negovah negovahu negovasmo negovaste negovaće negovaćemo negovaćete negovaćeš negovaću negovaše negujmo negujte
bojiti	bojah bojahu bojasmo bojaste bojaše bojiće bojićemo bojićete bojićeš bojiću
bolovati	bolovah bolovahu bolovasmo bolovaste bolovaće bolovaćemo bolovaćete bolovaćeš bolovaću bolovaše boluj bolujemo bolujmo bolujte bolujući
omlet	omleti omletima omletom
kviz	kvize kvizom kvizovima
zamerati	zamerah zamerahu zameraj zamerajmo zamerajte zamerajući zameramo zameranje zamerasmo zameraste zameraće zameraćemo zameraćete zameraćeš zameraću zameraše
carica	caricama
mehanički	mehaničkima mehaničkoga mehaničkoj mehaničkome mehaničkomu
zadirkivati	zadirkivah zadirkivahu zadirkivasmo zadirkivaste zadirkivaće zadirkivaćemo zadirkivaćete zadirkivaćeš zadirkivaću zadirkivaše zadirkujmo zadirkujte zadirkujući
odletjeti	odletje odletjeh odletjesmo odletjeste odletjevši odletjeće odletjećemo odletjećete odletjećeš odletjeću odletješe
uhoda	uhodama uhodom
pridržavati	pridržavah pridržavahu pridržavajmo pridržavajući pridržavasmo pridržavaste pridržavaće pridržavaćemo pridržavaćete pridržavaćeš pridržavaću pridržavaše
jelovnik	jelovnicima jelovnikom jelovniče
bajat	bajatih bajatim bajatima bajatog bajatoga bajatoj bajatom bajatome bajatomu bajatu
kemijski	kemijskima kemijskoga kemijskome kemijskomu
transfer	transferima
mol	molova molove molovi molovima
popuštati	popuštah popuštahu popuštajmo popuštajući popuštasmo popuštaste popuštate popuštaće popuštaćemo popuštaćete popuštaćeš popuštaću popuštaše
ekskluzivan	ekskluzivnija ekskluzivnije ekskluzivnijeg ekskluzivnijega ekskluzivnijem ekskluzivnijemu ekskluzivniji ekskluzivnijih ekskluzivnijim ekskluzivnijima ekskluzivnijoj ekskluzivnijom ekskluzivniju ekskluzivnima ekskluzivnoga ekskluzivnome ekskluzivnomu najekskluzivnija najekskluzivnije najekskluzivnijeg najekskluzivnijega najekskluzivnijem najekskluzivnijemu najekskluzivnijih najekskluzivnijim najekskluzivnijima najekskluzivnijoj najekskluzivnijom najekskluzivniju
štene	štenetu
entuzijazam	entuzijazama entuzijazme entuzijazmi entuzijazmima
kovač	kovače kovačem kovačima
zvezdica	zvezdici
idiotski	idiotskima idiotskoga idiotskoj idiotskome idiotskomu
lišiti	lišavati lišenje liših lišimo lišismo lišiste lišite lišivši lišiće lišićemo lišićete lišićeš lišiću lišiše
radikalan	najradikalnija najradikalnije najradikalnijeg najradikalnijega najradikalnijem najradikalnijemu najradikalniji najradikalnijih najradikalnijim najradikalnijima najradikalnijoj najradikalnijom najradikalniju radikalnija radikalnijeg radikalnijega radikalnijem radikalnijemu radikalnijih radikalnijim radikalnijima radikalnijoj radikalnijom radikalniju radikalnima radikalnoga radikalnoj radikalnome radikalnomu
hibrid	hibridom
zvučnik	zvučnikom zvučniče
prerasti	prerastavši prerastem prerastemo prerastete prerastimo prerastite prerastoh prerastosmo prerastoste prerastoše prerašće prerašćemo prerašćete prerašćeš prerašću
darežljiv	darežljivih darežljivija darežljivije darežljivijeg darežljivijega darežljivijem darežljivijemu darežljivijih darežljivijim darežljivijima darežljivijoj darežljivijom darežljiviju darežljivim darežljivima darežljivoga darežljivoj darežljivom darežljivome darežljivomu najdarežljivija najdarežljivije najdarežljivijeg najdarežljivijega najdarežljivijem najdarežljivijemu najdarežljiviji najdarežljivijih najdarežljivijim najdarežljivijima najdarežljivijoj najdarežljivijom najdarežljiviju
krater	kraterom
priručnik	priručnicima priručnikom priručniče
iskrasti	iskradati iskradete iskradimo iskradite iskradoh iskradosmo iskradoste iskradoše iskradu iskravši iskrašće iskrašćemo iskrašćete iskrašćeš iskrašću
hrkati	hrkah hrkahu hrkasmo hrkaste hrkaće hrkaćemo hrkaćete hrkaćeš hrkaću hrkaše hrčemo hrči hrčimo hrčite hrčući
etiketa	etiketo
maloletnik	maloletniče
anketa	anketo anketom
zvaničnik	zvaničnikom zvaničniku zvaničniče
krvoproliće	krvoprolićima
sekirati	sekirah sekirahu sekirajmo sekiraju sekirajući sekiramo sekiranje sekirasmo sekiraste sekiravši sekiraće sekiraćemo sekiraćete sekiraćeš sekiraću sekiraše
tupan	tupanu
obmana	obmano
arheolog	arheologinja arheologom arheologu arheolože
crijevo	crijevama
ošamariti	ošamare ošamarih ošamarimo ošamarismo ošamariste ošamarite ošamarivši ošamariće ošamarićemo ošamarićete ošamarićeš ošamariše
dušek	dušeče
katedrala	katedralama katedralo katedralom
sveska	svesko
trajekt	trajekata trajektima
dojam	dojme dojmova dojmovima
spasitelj	spasitelje spasiteljem spasiteljima
vojvotkinja	vojvotkinjama
nametati	nametah nametahu nametasmo nametaste nametaće nametaćemo nametaćete nametaćeš nametaću nametaše nameći namećimo namećite namećući
zadovoljavati	zadovoljavah zadovoljavahu zadovoljavaj zadovoljavajmo zadovoljavajte zadovoljavasmo zadovoljavaste zadovoljavaće zadovoljavaćemo zadovoljavaćete zadovoljavaćeš zadovoljavaću zadovoljavaše
baraka	barako barakom
lom	lomom lomovima
herojski	herojskima herojskoga herojskome herojskomu
ocjena	ocjeno
procenjivati	procenjivah procenjivahu procenjivasmo procenjivaste procenjivaće procenjivaćemo procenjivaćete procenjivaćeš procenjivaću procenjivaše procenjuj procenjujmo procenjujte procenjujući
trta	trtama trte trti trto trtom trtu
dimnjak	dimnjakom dimnjače
galama	galamama galamo
etika	etiko
trpezarija	trpezarijama trpezarijo trpezarijom
krčma	krčama krčmo krčmom
izlagati	izlaga izlagah izlagasmo izlagaste izlagavši izlagaće izlagaćemo izlagaćete izlagaćeš izlagaću izlagaše izlažimo izlažite
vlasnica	vlasnicama
nemoćan	najnemoćnija najnemoćnije najnemoćnijeg najnemoćnijega najnemoćnijem najnemoćnijemu najnemoćniji najnemoćnijih najnemoćnijim najnemoćnijima najnemoćnijoj najnemoćnijom najnemoćniju nemoćnija nemoćnije nemoćnijeg nemoćnijega nemoćnijem nemoćnijemu nemoćniji nemoćnijih nemoćnijim nemoćnijima nemoćnijoj nemoćnijom nemoćniju nemoćnima nemoćnoga nemoćnoj nemoćnome nemoćnomu nemoćnu
čeznuti	čezni čeznimo čeznite čeznuće čeznućemo čeznućete čeznućeš čeznući čeznuću čežnjah čežnjahu čežnjasmo čežnjaste čežnjaše
nabavljati	nabavljah nabavljahu nabavljaj nabavljajmo nabavljajte nabavljajući nabavljasmo nabavljaste nabavljaće nabavljaćemo nabavljaćete nabavljaćeš nabavljaću nabavljaše
barijera	barijerama barijero barijerom
klaun	klaunima klaunovima
delikatan	delikatnih delikatnija delikatnije delikatnijeg delikatnijega delikatnijem delikatnijemu delikatniji delikatnijih delikatnijim delikatnijima delikatnijoj delikatnijom delikatniju delikatnima delikatnoga delikatnome delikatnomu najdelikatnija najdelikatnije najdelikatnijeg najdelikatnijega najdelikatnijem najdelikatnijemu najdelikatniji najdelikatnijih najdelikatnijim najdelikatnijima najdelikatnijoj najdelikatnijom najdelikatniju
zakonit	zakonitih zakonitima zakonitoga zakonitoj zakonitome zakonitomu
bos	bosim bosima boso bosog bosoga bosoj bosome bosomu
tekući	tekućega tekućemu tekućima
izborni	izbornima izbornoga izbornome izbornomu
hauba	haubama haubo
minimalan	minimalnih minimalnima minimalnog minimalnoga minimalnoj minimalnome minimalnomu
radnički	radničkima radničkoga radničkome radničkomu
amandman	amandmani amandmanima
vašar	vašare vašari vašarom
smirivati	smirivah smirivahu smirivasmo smirivaste smirivaće smirivaćemo smirivaćete smirivaćeš smirivaću smirivaše smirujemo smirujete smirujmo smirujte
prosek	proseci prosecima proseke proseče
krivični	krivičnima krivičnoga krivičnoj krivičnome krivičnomu
strpjeti	strpe strpivši strpje strpjeh strpjesmo strpjeste strpjeće strpjećemo strpjećete strpjećeš strpjeću strpješe
geto	getima getom
prelazak	prelasci prelascima prelaske prelazaka
vampirski	vampirskima vampirskoga vampirskome vampirskomu
prositi	prosivši prosiće prosićemo prosićete prosićeš prosiću prošah prošahu prošasmo prošaste prošaše prošenje
satnik	satnicima satnike
luna	lunama luno
minimum	minimume minimumi minimumima
pijesak	pijesaka pijesci pijescima pijeske piješče
tanjur	tanjurom
šljiva	šljivo
uzvišen	najuzvišenija najuzvišenije najuzvišenijeg najuzvišenijega najuzvišenijem najuzvišenijemu najuzvišenijih najuzvišenijim najuzvišenijima najuzvišenijoj najuzvišenijom najuzvišeniju uzvišenija uzvišenijeg uzvišenijega uzvišenijem uzvišenijemu uzvišeniji uzvišenijih uzvišenijim uzvišenijima uzvišenijoj uzvišenijom uzvišeniju uzvišenima uzvišeno uzvišenoga uzvišenome uzvišenomu
veseliti	veseleći veselivši veseliće veselićemo veselićete veselićeš veseliću veseljah veseljahu veseljasmo veseljaste veseljaše veseljenje
svanuti	svanem svanemo svanete svaneš svani svanimo svanite svanu svanuh svanusmo svanuste svanuvši svanućemo svanućete svanućeš svanuću svanuše
džak	džakče džače
urlati	urlah urlahu urlajmo urlajte urlamo urlasmo urlaste urlate urlaće urlaćemo urlaćete urlaćeš urlaću urlaše
patriot	patriotima
nježan	najnježnija najnježnije najnježnijeg najnježnijega najnježnijem najnježnijemu najnježniji najnježnijih najnježnijim najnježnijima najnježnijoj najnježnijom najnježniju nježnih nježnija nježnijeg nježnijega nježnijem nježnijemu nježnijih nježnijim nježnijima nježnijoj nježnijom nježniju nježnima nježnoga nježnoj nježnome nježnomu
vojnički	vojničkima vojničkoga vojničkome vojničkomu
grešan	grešnija grešnije grešnijeg grešnijega grešnijem grešnijemu grešniji grešnijih grešnijim grešnijima grešnijoj grešnijom grešniju grešnima grešnoga grešnome grešnomu grješan najgrešnija najgrešnije najgrešnijeg najgrešnijega najgrešnijem najgrešnijemu najgrešniji najgrešnijih najgrešnijim najgrešnijima najgrešnijoj najgrešnijom najgrešniju
kazneni	kaznenima kazneno kaznenoga kaznenome kaznenomu
dokumentacija	dokumentacijo
mumija	mumijo
kreker	krekerom
samica	samicom
harmonija	harmonijama harmonijo harmonijom
kečap	kečape kečapu
manira	manirama maniro manirom
pretjerati	pretjera pretjerah pretjeraj pretjerajmo pretjerajte pretjeraju pretjeramo pretjerasmo pretjeraste pretjerate pretjeravši pretjeraće pretjeraćemo pretjeraćete pretjeraćeš pretjeraću pretjeraše
materica	matericama materico matericom
vedro	vedara vedrima
svečan	najsvečanija najsvečanije najsvečanijeg najsvečanijega najsvečanijem najsvečanijemu najsvečaniji najsvečanijih najsvečanijim najsvečanijima najsvečanijoj najsvečanijom najsvečaniju svečanija svečanije svečanijeg svečanijega svečanijem svečanijemu svečaniji svečanijih svečanijim svečanijima svečanijoj svečanijom svečaniju svečanima svečanoga svečanome svečanomu
erupcija	erupcijo
tratiti	trate trateći tratiće tratićemo tratićete tratićeš tratiću traćah traćahu traćasmo traćaste traćaše traćen
spoljašnji	spoljašnjega spoljašnjemu spoljašnjima spoljašnjoj spoljašnjom
buket	buketima
takmičar	takmičarom
prevodilac	prevodilaca prevodiocima prevodiocu prevodioče
očarati	očarah očaraj očarajmo očarajte očaraju očaram očaramo očarasmo očaraste očarate očaravati očaravši očaraće očaraćemo očaraćete očaraćeš očaraću očaraš očaraše
isploviti	isplovih isplovismo isploviste isplovivši isploviće isplovićete isplovićeš isploviću isploviše
papuča	papučo papučom
nerazuman	najnerazumnija najnerazumnije najnerazumnijeg najnerazumnijega najnerazumnijem najnerazumnijemu najnerazumniji najnerazumnijih najnerazumnijim najnerazumnijima najnerazumnijoj najnerazumnijom najnerazumniju nerazumnija nerazumnije nerazumnijeg nerazumnijega nerazumnijem nerazumnijemu nerazumniji nerazumnijih nerazumnijim nerazumnijima nerazumnijoj nerazumnijom nerazumniju nerazumnima nerazumnog nerazumnoga nerazumnoj nerazumnom nerazumnome nerazumnomu nerazumnu
probosti	probodemo probodete probodimo probodite probodoh probodosmo probodoste probodoše probovši probošće probošćemo probošćete probošćeš
građevinski	građevinskima građevinskoga građevinskome građevinskomu
prizvati	prizovimo prizovite prizva prizvah prizvasmo prizvaste prizvavši prizvaće prizvaćemo prizvaćete prizvaćeš prizvaću prizvaše
uzaludan	uzaludnima uzaludnoga uzaludnoj uzaludnome uzaludnomu
dilema	dilemama dilemo
upotrebljavati	upotrebljavah upotrebljavahu upotrebljavajmo upotrebljavajte upotrebljavanje upotrebljavasmo upotrebljavaste upotrebljavaće upotrebljavaćemo upotrebljavaćete upotrebljavaćeš upotrebljavaću upotrebljavaše
labud	labudi labudica labudima labudić labudom
savjest	savjestima
histeričan	histeričnija histeričnije histeričnijeg histeričnijega histeričnijem histeričnijemu histeričniji histeričnijih histeričnijim histeričnijima histeričnijoj histeričnijom histeričniju histeričnim histeričnima histeričnog histeričnoga histeričnoj histeričnome histeričnomu najhisteričnija najhisteričnije najhisteričnijeg najhisteričnijega najhisteričnijem najhisteričnijemu najhisteričniji najhisteričnijih najhisteričnijim najhisteričnijima najhisteričnijoj najhisteričnijom najhisteričniju
mladunče	mladunčađu
bankrotirati	bankrotirah bankrotirahu bankrotiraj bankrotirajmo bankrotirajte bankrotirajući bankrotiramo bankrotiranje bankrotirasmo bankrotiraste bankrotirate bankrotiravši bankrotiraće bankrotiraćete bankrotiraćeš bankrotiraše
svijest	svijestima sviješću
ludovati	ludovah ludovahu ludovasmo ludovaste ludovaće ludovaćemo ludovaćete ludovaćeš ludovaću ludovaše ludujte ludujući
staratelj	staratelju
fantom	fantomima
harati	harah harahu haraj harajmo harajte harajući harala haralo haramo haranje harasmo haraste harate haraće haraćemo haraćete haraćeš haraću haraš haraše
manekenka	manekenaka manekenko
darovati	darovah darovasmo darovaste darovavši darovaće darovaćemo darovaćete darovaćeš darovaću darovaše darujete darujmo darujte
urezati	urezah urezasmo urezaste urezavši urezaće urezaćemo urezaćete urezaćeš urezaću urezaše urežemo urežete urežeš ureži urežimo urežite
suradnik	suradniče
aktovka	aktovkama aktovko
rvati	rva rvah rvahu rvasmo rvaste rvavši rvaće rvaćemo rvaćete rvaćeš rvaću rvaše rvi rvimo rvite rvući
preduzeće	preduzećem
dres	dresom
maraton	maratoni maratonima maratonom
krumpir	krumpiru
navodni	navodnima navodnoga navodnome navodnomu
racija	racijama racijo racijom
vir	virom virova virove virovi virovima
uvažen	uvaženima uvaženoga uvaženoj uvaženome uvaženomu uvaženu
sestrinstvo	sestrinstava sestrinstvima
mađarski	mađarskima mađarskoga mađarskome mađarskomu
sočan	najsočnija najsočnije najsočnijeg najsočnijega najsočnijem najsočnijemu najsočniji najsočnijih najsočnijim najsočnijima najsočnijoj najsočnijom najsočniju sočnija sočnijeg sočnijega sočnijem sočnijemu sočniji sočnijih sočnijim sočnijima sočnijoj sočnijom sočniju sočnima sočnoga sočnoj sočnome sočnomu
pritužba	pritužaba pritužbo pritužbom
intuicija	intuicijo
branilac	braniocima
ostava	ostavama
eksplozivan	eksplozivnija eksplozivnije eksplozivnijeg eksplozivnijega eksplozivnijem eksplozivnijemu eksplozivniji eksplozivnijih eksplozivnijim eksplozivnijima eksplozivnijoj eksplozivnijom eksplozivniju eksplozivnima eksplozivno eksplozivnoga eksplozivnoj eksplozivnome eksplozivnomu najeksplozivnija najeksplozivnije najeksplozivnijeg najeksplozivnijega najeksplozivnijem najeksplozivnijemu najeksplozivniji najeksplozivnijih najeksplozivnijim najeksplozivnijima najeksplozivnijoj najeksplozivnijom najeksplozivniju
gljiva	gljivi gljivo gljivom
zaći	zađete zađi zađimo zađite zađoh zađosmo zađoste zađoše zašavši zašle
preokret	preokreti preokretima
progon	progonima progonom
vrijeđati	vrijeđah vrijeđahu vrijeđajmo vrijeđajte vrijeđajući vrijeđamo vrijeđasmo vrijeđaste vrijeđaće vrijeđaćemo vrijeđaćete vrijeđaćeš vrijeđaću vrijeđaše
šlem	šleme
elektrana	elektranama elektrano elektranom
milicija	milicijama milicijo
sidro	sidara sidrima sidru
demokrat	demokratima demokratom
artiljerija	artiljerijama artiljerijo
prisutnost	prisutnostima
senf	senfe senfu
zbiti	zbi zbih zbij zbije zbijem zbijemo zbijete zbiješ zbijmo zbiju zbismo zbiste zbivši zbiće zbićemo zbićete zbićeš zbiću zbiše zbude zbudem zbudemo zbudete zbudeš zbudi zbudimo zbudite zbudu
dinastija	dinastijama dinastijo dinastijom
đak	đakom đaku đače
žitarica	žitarici žitaricom žitaricu
uštedjeti	uštedje uštedjeh uštedjesmo uštedjeste uštedjevši uštedjeće uštedjećemo uštedjećete uštedjećeš uštedjeću uštedješe
proučavanje	proučavanjima
uvrijediti	uvrijedih uvrijedimo uvrijedismo uvrijediste uvrijedite uvrijedivši uvrijediće uvrijedićemo uvrijedićete uvrijedićeš uvrijediću uvrijediše
gimnazija	gimnazijama gimnazijo gimnazijom
površan	najpovršnija najpovršnije najpovršnijeg najpovršnijega najpovršnijem najpovršnijemu najpovršniji najpovršnijih najpovršnijim najpovršnijima najpovršnijoj najpovršnijom najpovršniju površnija površnije površnijeg površnijega površnijem površnijemu površniji površnijih površnijim površnijima površnijoj površnijom površniju površnima površnog površnoga površnoj površnom površnome površnomu
sustignuti	sustigavši sustignete sustigneš sustigni sustignimo sustignite sustignuh sustignuli sustignuo sustignusmo sustignuste sustignuvši sustignuće sustignućemo sustignućete sustignućeš sustignuću sustignuše sustigoh sustigosmo sustigoste sustigoše sustizati susutignu
atraktivan	atraktivnija atraktivnije atraktivnijeg atraktivnijega atraktivnijem atraktivnijemu atraktivnijih atraktivnijim atraktivnijima atraktivnijoj atraktivnijom atraktivniju atraktivnima atraktivnoga atraktivnoj atraktivnome atraktivnomu najatraktivnija najatraktivnije najatraktivnijeg najatraktivnijega najatraktivnijem najatraktivnijemu najatraktivniji najatraktivnijih najatraktivnijim najatraktivnijima najatraktivnijoj najatraktivnijom najatraktivniju
rudar	rudarom rudaru
griz	grizova grizove grizovi grizovima
osjetilo	osjetilima osjetilom osjetilu
sjedište	sjedištima
prepirati	prepirah prepirahu prepirasmo prepiraste prepiraće prepiraćemo prepiraćete prepiraćeš prepiraću prepiraše prepirimo prepirite prepirući
odbrojavanje	odbrojavanjima odbrojavanju
leopard	leopardima
arija	arijama arijo
filozof	filozofom filozofu
odoljeti	odolje odoljeh odoljesmo odoljeste odoljevši odoljeće odoljećemo odoljećete odoljećeš odoljeću odolješe
iva	ivama ivom
farba	farbama farbo
znanstven	znanstvenima znanstveno znanstvenoga znanstvenome znanstvenomu
curiti	curah curahu curasmo curaste curaše cureći curimo curite curiće curićemo curićete curićeš curiću
celina	celinama celino celinom
karneval	karnevale karnevali karnevalima karnevalom
podanik	podanikom podaniku podaniče
rubin	rubinu
patak	pacima
inč	inče inčem inčeva inčeve inčevi inčevima inčima
razdoblje	razdobljem
prkositi	prkosiće prkosićemo prkosićete prkosićeš prkosiću prkošah prkošahu prkošasmo prkošaste prkošaše
fatalan	fatalniji fatalnima fatalnoga fatalnoj fatalnome fatalnomu
bučan	bučnija bučnijeg bučnijega bučnijem bučnijemu bučnijih bučnijim bučnijima bučnijoj bučnijom bučniju bučnima bučnoga bučnoj bučnome bučnomu najbučnija najbučnije najbučnijeg najbučnijega najbučnijem najbučnijemu najbučniji najbučnijih najbučnijim najbučnijima najbučnijoj najbučnijom najbučniju
skalpel	skalpeli skalpelima skalpelu
smotati	smotah smotajmo smotajte smotaju smotamo smotasmo smotaste smotate smotavši smotaće smotaćemo smotaćete smotaćeš smotaću smotaše
ljigav	ljigavija ljigavije ljigavijeg ljigavijega ljigavijem ljigavijemu ljigaviji ljigavijih ljigavijim ljigavijima ljigavijoj ljigavijom ljigaviju ljigavima ljigavo ljigavoga ljigavoj ljigavome ljigavomu najljigavija najljigavije najljigavijeg najljigavijega najljigavijem najljigavijemu najljigaviji najljigavijih najljigavijim najljigavijima najljigavijoj najljigavijom najljigaviju
suzdržati	suzdrža suzdržah suzdržasmo suzdržaste suzdržavši suzdržaće suzdržaćemo suzdržaćete suzdržaćeš suzdržaću suzdržaše
preferirati	preferirah preferirahu preferiraj preferirajmo preferirajte preferirajući preferiranje preferirasmo preferiraste preferiravši preferiraće preferiraćemo preferiraćete preferiraćeš preferiraću preferiraše
osmijeh	osmijehu osmijesi osmijesima osmiješe
mesečina	mesečinama mesečino
rasan	rasnima rasnoga rasnome rasnomu
rastanak	rastanaka rastancima rastankom rastanče
ruž	ruževa ruževe ruževi ruževima
urban	urbanima urbanoga urbanome urbanomu
sestrica	sestricama
promisliti	promisle promislih promislismo promisliste promislivši promisliće promislićemo promislićete promislićeš promisliću promisliše
zataškati	zataškah zataškaj zataškajmo zataškajte zataškasmo zataškaste zataškavši zataškaće zataškaćemo zataškaćete zataškaćeš zataškaću zataškaše
potrčati	potrča potrčah potrčasmo potrčaste potrčavši potrčaće potrčaćemo potrčaćete potrčaćeš potrčaću potrčaše potrče
fosil	fosilom
plitak	najplića najpliće najplićeg najplićega najplićem najplićemu najplići najplićih najplićim najplićima najplićoj najplićom najpliću plitkima plitko plitkoga plitkome plitkomu plića pliće plićeg plićega plićem plićemu plići plićih plićim plićima plićoj plićom pliću
cediti	cedeći cedila cedile cedili cedilo cedimo cedite cediće cedićemo cedićete cedićeš cediću ceđah ceđahu ceđasmo ceđaste ceđaše ceđen ceđena ceđene ceđeni ceđeno
nenormalan	nenormalnih nenormalnima nenormalnog nenormalnoga nenormalnoj nenormalnome nenormalnomu
književnost	književnostima književnošću
fascinirati	fascinirah fascinirahu fasciniraj fascinirajmo fascinirajte fascinirajući fasciniram fasciniramo fasciniranje fascinirasmo fasciniraste fascinirate fasciniravši fasciniraće fasciniraćemo fasciniraćete fasciniraćeš fasciniraću fasciniraše
ring	ringovi
četka	četaka četkama četko
nemaran	najnemarnija najnemarnije najnemarnijeg najnemarnijega najnemarnijem najnemarnijemu najnemarniji najnemarnijih najnemarnijim najnemarnijima najnemarnijoj najnemarnijom najnemarniju nemarnih nemarnija nemarnije nemarnijeg nemarnijega nemarnijem nemarnijemu nemarniji nemarnijih nemarnijim nemarnijima nemarnijoj nemarnijom nemarniju nemarnim nemarnima nemarnoga nemarnoj nemarnom nemarnome nemarnomu nemarnu
popravni	popravna popravnih popravnim popravnima popravno popravnoga popravnome popravnomu
rakija	rakiji rakijo
karakteristika	karakteristici karakteristiko karakteristikom
ugrejati	ugreja ugrejah ugrejasmo ugrejaste ugrejavši ugrejaćemo ugrejaćete ugrejaćeš ugrejaše ugrejmo
manjak	manjaka manjci manjcima manjke
potiljak	potiljaka potiljci potiljcima potiljke potiljkom potiljče
špijunski	špijunskima špijunskoga špijunskome špijunskomu
tajiti	tajah tajahu tajasmo tajaste tajaše tajenje tajeći tajiće tajićemo tajićete tajićeš tajiću
poletjeti	poletje poletjeh poletjesmo poletjeste poletjevši poletjeće poletjećemo poletjećete poletjećeš poletjeću poletješe
islam	islame
ribolov	ribolove ribolovi ribolovima
žeđ	žeđa
samouveren	najsamouverenija najsamouverenije najsamouverenijeg najsamouverenijega najsamouverenijem najsamouverenijemu najsamouvereniji najsamouverenijih najsamouverenijim najsamouverenijima najsamouverenijoj najsamouverenijom najsamouvereniju samouverenih samouverenija samouverenije samouverenijeg samouverenijega samouverenijem samouverenijemu samouvereniji samouverenijih samouverenijim samouverenijima samouverenijoj samouverenijom samouvereniju samouverenim samouverenima samouverenog samouverenoga samouverenoj samouverenom samouverenome samouverenomu samouverenu
papirni	papirnima papirno papirnoga papirnome papirnomu
venčanica	venčanicama venčanico venčanicom
fašist	fašistom
iskra	iskara iskrama iskro iskrom
tajnica	tajnicama tajnico
talijanski	talijanskima talijanskoga talijanskome talijanskomu
internacionalan	internacionalnima internacionalnoga internacionalnome internacionalnomu
džukela	džukelama džukeli džukelom
opsada	opsadama opsado
rud	rudih rudim rudima rudog rudoga rudoj rudom rudome rudomu
smoking	smokingom smokinzi smokinže
splav	splave splavovi splavovima
mitraljez	mitraljezu
unija	unijama unijo
fetus	fetusima
tešiti	tešah tešahu tešasmo tešaste tešaše tešen tešenje tešeći tešiće tešićemo tešićete tešićeš tešiću
umor	umorima
samrt	samrću
rajski	rajskima rajskoga rajskome rajskomu
posjed	posjedi posjedima posjedom
osnovan	osnovanih osnovanim osnovanima osnovanog osnovanoga osnovanoj osnovanom osnovanome osnovanomu
prolazan	prolaznima prolaznoga prolaznoj prolaznome prolaznomu
neograničen	neograničenih neograničenima neograničenoga neograničenoj neograničenome neograničenomu
oživljavati	oživljavah oživljavahu oživljavaj oživljavajmo oživljavajte oživljavajući oživljavasmo oživljavaste oživljavate oživljavaće oživljavaćemo oživljavaćete oživljavaćeš oživljavaću oživljavaš oživljavaše
srodstvo	srodstava srodstvima srodstvom
olakšavati	olakšavah olakšavahu olakšavaj olakšavajmo olakšavajte olakšavajući olakšavamo olakšavasmo olakšavaste olakšavaće olakšavaćemo olakšavaćete olakšavaćeš olakšavaću olakšavaše
putovnica	putovnico
baraba	barabi
arhitektura	arhitekturama arhitekturo
amajlija	amajlijama amajliji amajlijo
regrut	regrutom regrutu
strateški	strateškima strateškoga strateškome strateškomu
štand	štande štandom
ventilator	ventilatorima
razmeniti	razmenih razmenismo razmeniste razmenivši razmeniće razmenićete razmenićeš razmeniću razmeniše
građa	građama građo
začiniti	začinih začinismo začiniste začinivši začiniće začinićemo začinićete začinićeš začiniću začiniše
zaviriti	zavirih zavirismo zaviriste zavirivši zaviriće zavirićemo zavirićete zavirićeš zaviriću zaviriše
nezakonit	nezakonitima nezakonitoga nezakonitoj nezakonitome nezakonitomu
besmrtnost	bezsmrtnost
paranoja	paranojo
lubanja	lubanjama lubanjo lubanjom
saplesti	sapletati sapletemo sapletete sapletimo sapletite sapletoh sapletosmo sapletoste sapletoše sapletu saplevši saplešće saplešćemo saplešćete saplešćeš saplešću saplitati
neizbežan	neizbežnih neizbežnima neizbežnoga neizbežnoj neizbežnome neizbežnomu
pastuv	pastusi pastusima
spektakularan	najspektakularnija najspektakularnijeg najspektakularnijega najspektakularnijem najspektakularnijemu najspektakularnijim najspektakularnijima najspektakularnijoj najspektakularnijom najspektakularniju spektakularnija spektakularnije spektakularnijeg spektakularnijega spektakularnijem spektakularnijemu spektakularniji spektakularnijih spektakularnijim spektakularnijima spektakularnijoj spektakularnijom spektakularniju spektakularnima spektakularnoga spektakularnome spektakularnomu
zaliti	zalih zalijete zalijevati zalijmo zalijte zaliju zalismo zaliste zalivši zaliće zalićemo zalićete zalićeš zaliću zališe
vijek	viek vijekom viječe vjekove vjekovi
komičar	komičarima komičarom
radioaktivan	najradioaktivnija najradioaktivnije najradioaktivnijeg najradioaktivnijega najradioaktivnijem najradioaktivnijemu najradioaktivniji najradioaktivnijih najradioaktivnijim najradioaktivnijima najradioaktivnijoj najradioaktivnijom najradioaktivniju radioaktivnija radioaktivnije radioaktivnijeg radioaktivnijega radioaktivnijem radioaktivnijemu radioaktivniji radioaktivnijih radioaktivnijim radioaktivnijima radioaktivnijoj radioaktivnijom radioaktivniju radioaktivnima radioaktivno radioaktivnoga radioaktivnoj radioaktivnome radioaktivnomu
beskonačan	beskonačnima beskonačnoga beskonačnome beskonačnomu
anestezija	anestezijama anestezijo
tečaj	tečajem tečajevi tečajevima
veselje	veseljima
neprocenjiv	neprocenjivih neprocenjivima neprocenjivoga neprocenjivoj neprocenjivom neprocenjivome neprocenjivomu
košarkaški	košarkaškima košarkaškoga košarkaškome košarkaškomu
uvenuo	uvenuli uvenulih uvenulim uvenulima uvenulog uvenuloga uvenuloj uvenulom uvenulome uvenulomu uvenulu
klinka	klinkama
tečan	najtečnija najtečnije najtečnijeg najtečnijega najtečnijem najtečnijemu najtečniji najtečnijih najtečnijim najtečnijima najtečnijoj najtečnijom najtečniju tečnih tečnija tečnije tečnijeg tečnijega tečnijem tečnijemu tečniji tečnijih tečnijim tečnijima tečnijoj tečnijom tečniju tečnima tečnoga tečnome tečnomu
zaslužan	najzaslužnija najzaslužnije najzaslužnijeg najzaslužnijega najzaslužnijem najzaslužnijemu najzaslužnijih najzaslužnijim najzaslužnijima najzaslužnijoj najzaslužnijom najzaslužniju zaslužnih zaslužnija zaslužnije zaslužnijeg zaslužnijega zaslužnijem zaslužnijemu zaslužniji zaslužnijih zaslužnijim zaslužnijima zaslužnijoj zaslužnijom zaslužniju zaslužnim zaslužnima zaslužnog zaslužnoga zaslužnoj zaslužnom zaslužnome zaslužnomu zaslužnu
brižan	brižnih brižnija brižnije brižnijeg brižnijega brižnijem brižnijemu brižniji brižnijih brižnijim brižnijima brižnijoj brižnijom brižniju brižnim brižnima brižnoga brižnoj brižnom brižnome brižnomu najbrižnija najbrižnije najbrižnijeg najbrižnijega najbrižnijem najbrižnijemu najbrižniji najbrižnijih najbrižnijim najbrižnijima najbrižnijoj najbrižnijom najbrižniju
povisiti	povise povisih povisismo povisiste povisivši povisiće povisićemo povisićete povisićeš povisiću povisiše
ručnik	ručniče
stručan	najstručnija najstručnije najstručnijeg najstručnijega najstručnijem najstručnijemu najstručniji najstručnijih najstručnijim najstručnijima najstručnijoj najstručnijom najstručniju stručnija stručnije stručnijeg stručnijega stručnijem stručnijemu stručniji stručnijih stručnijim stručnijima stručnijoj stručnijom stručniju stručnima stručnoga stručnoj stručnome stručnomu
iskakati	iskakah iskakahu iskakasmo iskakaste iskakaće iskakaćemo iskakaćete iskakaćeš iskakaću iskakaše iskačete iskačimo iskačući
vratar	vratare vratarima
erekcija	erekcijama erekcijo
novak	novakom novaku
seljanin	seljanina seljanine seljaninom seljaninu
umjetnički	umjetničkima umjetničkoga umjetničkome umjetničkomu
tekućina	tekućino
kontekst	kontekste konteksti kontekstima kontekstom
podsetnik	podsetnicima podsetnikom podsetniku podsetniče
jadac	jacem
povjerljiv	najpovjerljivija najpovjerljivije najpovjerljivijeg najpovjerljivijega najpovjerljivijem najpovjerljivijemu najpovjerljiviji najpovjerljivijih najpovjerljivijim najpovjerljivijima najpovjerljivijoj najpovjerljivijom najpovjerljiviju povjerljivija povjerljivije povjerljivijeg povjerljivijega povjerljivijem povjerljivijemu povjerljiviji povjerljivijih povjerljivijim povjerljivijima povjerljivijoj povjerljivijom povjerljiviju povjerljivima povjerljivoga povjerljivoj povjerljivom povjerljivome povjerljivomu povjerljivu
osuđenik	osuđeniče
polaran	najpolarnija najpolarnije najpolarnijeg najpolarnijega najpolarnijem najpolarnijemu najpolarniji najpolarnijih najpolarnijim najpolarnijima najpolarnijoj najpolarnijom najpolarniju polarnija polarnije polarnijeg polarnijega polarnijem polarnijemu polarniji polarnijih polarnijim polarnijima polarnijoj polarnijom polarniju polarnima polarno polarnoga polarnome polarnomu
poslepodne	poslepodnevima poslepodnevom poslepodnevu
amnezija	amnezijama amneziji amnezijo
livada	livado
doprineti	doprine doprineh doprinesi doprinesimo doprinesite doprinesmo doprinesoh doprinesosmo doprinesoste doprinesoše doprineste doprinevši doprineće doprinećemo doprinećete doprinećeš doprineću doprineše
neženja	neženjo neženjom
krštenje	krštenjima
konkretan	konkretnija konkretnijeg konkretnijega konkretnijem konkretnijemu konkretnijih konkretnijim konkretnijima konkretnijoj konkretnijom konkretniju konkretnima konkretnoga konkretnoj konkretnome konkretnomu najkonkretnija najkonkretnije najkonkretnijeg najkonkretnijega najkonkretnijem najkonkretnijemu najkonkretniji najkonkretnijih najkonkretnijim najkonkretnijima najkonkretnijoj najkonkretnijom najkonkretniju
kušati	kušah kušahu kušajmo kušajući kušamo kušasmo kušaste kušate kušavši kušaće kušaćemo kušaćete kušaćeš kušaću kušaše
glina	glinama glino
dominirati	dominirah dominirahu dominiraj dominirajmo dominirajte dominirajući dominiranje dominirasmo dominiraste dominirate dominiravši dominiraće dominiraćemo dominiraćete dominiraćeš dominiraću dominiraše
sveučilište	sveučilištem sveučilištima
vikendica	vikendicama vikendico vikendicom
tenzija	tenzijama tenziji tenzijo
prskati	prskah prskahu prskajmo prskajte prskajući prskasmo prskaste prskate prskaće prskaćemo prskaćete prskaćeš prskaću prskaše
dud	dudom dudova dudove dudovi dudovima
sunčati	sunčah sunčahu sunčaj sunčajmo sunčajte sunčajući sunčasmo sunčaste sunčate sunčaće sunčaćemo sunčaćete sunčaćeš sunčaću sunčaše
pejzaž	pejzažom
kadet	kadetom
rabiti	rabeći rabile rabilo rabiće rabićemo rabićete rabićeš rabiću rabljah rabljahu rabljasmo rabljaste rabljaše rabljenje
maćeha	maćehama
palača	palačama palačo palačom
vernost	vernostima vernošću
djevica	djevicama djevicom
kucnuti	kucnete kucneš kucnimo kucnuh kucnusmo kucnuste kucnuvši kucnuće kucnućemo kucnućete kucnućeš kucnuću kucnuše
učešće	učešćima
ščepati	ščepah ščepajmo ščepasmo ščepaste ščepate ščepavši ščepaće ščepaćemo ščepaćete ščepaćeš ščepaću ščepaše
rasporediti	rasporedih rasporedim rasporedismo rasporediste rasporedivši rasporediće rasporedićemo rasporedićete rasporedićeš rasporediću rasporediše
osmica	osmicama
kubanski	kubanskima kubanskoga kubanskome kubanskomu
ganjati	ganjah ganjahu ganjaj ganjajmo ganjajte ganjanje ganjasmo ganjaste ganjaće ganjaćemo ganjaćete ganjaćeš ganjaću ganjaše
budalaština	budalaštini budalaštino budalaštinom
suradnja	suradnjama suradnjo suradnjom
razapeti	razape razapeh razapesmo razapeste razapevši razapećemo razapećete razapećeš razapeše razapinjati razapnemo razapnete razapneš razapnimo
neodgovoran	najneodgovornija najneodgovornije najneodgovornijeg najneodgovornijega najneodgovornijem najneodgovornijemu najneodgovorniji najneodgovornijih najneodgovornijim najneodgovornijima najneodgovornijoj najneodgovornijom najneodgovorniju neodgovornija neodgovornije neodgovornijeg neodgovornijega neodgovornijem neodgovornijemu neodgovorniji neodgovornijih neodgovornijim neodgovornijima neodgovornijoj neodgovornijom neodgovorniju neodgovornima neodgovornoga neodgovornoj neodgovornom neodgovornome neodgovornomu neodgovornu
deaktivirati	deaktivirah deaktivirahu deaktivirajmo deaktivirajući deaktivirasmo deaktiviraste deaktivirate deaktiviravši deaktiviraće deaktiviraćemo deaktiviraćete deaktiviraćeš deaktiviraću deaktiviraše
teza	tezama tezo
hrast	hraste hrastovima
prestonica	prestonicama prestonico
mah	mahova mahovi mahovima mahu
krijumčar	krijumčarom krijumčaru
tehnološki	tehnološkima tehnološkoga tehnološkoj tehnološkome tehnološkomu
znan	najznanija najznanije najznanijeg najznanijega najznanijem najznanijemu najznaniji najznanijih najznanijim najznanijima najznanijoj najznanijom najznaniju znanija znanije znanijeg znanijega znanijem znanijemu znaniji znanijih znanijim znanijima znanijoj znanijom znaniju znanima znanoga znanoj znanome znanomu
sastavljati	sastavljah sastavljahu sastavljaj sastavljajmo sastavljajte sastavljasmo sastavljaste sastavljate sastavljaće sastavljaćemo sastavljaćete sastavljaćeš sastavljaću sastavljaše
knjižnica	knjižnicama knjižnico knjižnicom
mesti	mela metah metahu metasmo metaste metaše metem metemo meten metena metene meteni metenje meteno metete meteš metijah metijahu metijasmo metijaste metijaše metimo metite metući mešće mešćemo mešćete mešćeš mešću
vračati	vračah vračahu vračajmo vračajući vračasmo vračaste vračate vračaće vračaćemo vračaćete vračaćeš vračaću vračaše
bilješka	bilješci bilješko bilješkom
mladež	mladežju
vlaga	vlago
ultrazvuk	ultrazvuci ultrazvucima ultrazvuke ultrazvuče
poplaviti	poplavih poplavim poplavimo poplavismo poplaviste poplavite poplavivši poplaviće poplavićemo poplavićete poplavićeš poplaviću poplaviše
razmak	razmake razmače
sisar	sisarem sisarom sisaru
kros	krose krosova krosove krosovi krosovima
elitni	elitnima elitnoga elitnome elitnomu
svečanost	svetčanost svečanošću
mjeriti	mjerah mjerahu mjerasmo mjeraste mjeraše mjereći mjerite mjeriće mjerićemo mjerićete mjerićeš mjeriću
šampon	šamponi šamponima šamponu
promocija	promocijama promocijo promocijom
lebdeti	lebdećemo lebdećete lebdećeš lebdeću lebđah lebđahu lebđasmo lebđaste lebđaše
susedstvo	susedstava susedstvima susedstvom
vuna	vunama vuni vuno
simpatija	simpatiji simpatijo
žudnja	žudnjo
trijumf	trijumfi trijumfima
šofer	šofere šoferima
hladnokrvan	hladnokrvnija hladnokrvnije hladnokrvnijeg hladnokrvnijega hladnokrvnijem hladnokrvnijemu hladnokrvniji hladnokrvnijih hladnokrvnijim hladnokrvnijima hladnokrvnijoj hladnokrvnijom hladnokrvniju hladnokrvnima hladnokrvnoga hladnokrvnoj hladnokrvnom hladnokrvnome hladnokrvnomu hladnokrvnu najhladnokrvnija najhladnokrvnije najhladnokrvnijeg najhladnokrvnijega najhladnokrvnijem najhladnokrvnijemu najhladnokrvniji najhladnokrvnijih najhladnokrvnijim najhladnokrvnijima najhladnokrvnijoj najhladnokrvnijom najhladnokrvniju
solidan	najsolidnija najsolidnije najsolidnijeg najsolidnijega najsolidnijem najsolidnijemu najsolidniji najsolidnijih najsolidnijim najsolidnijima najsolidnijoj najsolidnijom najsolidniju solidnija solidnije solidnijeg solidnijega solidnijem solidnijemu solidniji solidnijih solidnijim solidnijima solidnijoj solidnijom solidniju solidnim solidnima solidnog solidnoga solidnoj solidnom solidnome solidnomu
negirati	negirah negirahu negirajmo negirajte negirajući negirasmo negiraste negiravši negiraće negiraćemo negiraćete negiraćeš negiraću negiraše
zbirka	sbirka zbirkama zbirko
biljni	biljnima biljnoga biljnoj biljnome biljnomu
trunka	trunaka trunci trunkama trunki trunko
diplomat	diplomatima diplomatom
uozbiljiti	uozbilje uozbiljih uozbiljismo uozbiljiste uozbiljivši uozbiljiće uozbiljićemo uozbiljićete uozbiljićeš uozbiljiću uozbiljiše
kancelar	kancelari kancelarima
azijski	azijskima azijskoga azijskome azijskomu
presuditi	presudih presudimo presudismo presudiste presudivši presudiće presudićemo presudićete presudićeš presudiću presudiše presuđivati
prestanak	prestanaka prestanci prestancima prestanke prestanče
nepobediv	nepobedivih nepobedivima nepobedivoga nepobedivoj nepobedivom nepobedivome nepobedivomu nepobedivu
verski	verskima verskoga verskome verskomu
vešati	vešah vešahu vešaj vešajmo vešajte vešajući vešam vešasmo vešaste vešate vešaće vešaćemo vešaćete vešaćeš vešaću vešaš vešaše
razraditi	razrade razradih razradismo razradiste razradivši razradiće razradićemo razradićete razradićeš razradiću razradiš razradiše
venčavati	venčavah venčavahu venčavaj venčavajmo venčavajte venčavajući venčavasmo venčavaste venčavaće venčavaćemo venčavaćete venčavaćeš venčavaću venčavaše
rupija	rupijama rupiji rupijo rupijom rupiju
mlečni	mlečnima mlečnoga mlečnoj mlečnome mlečnomu
podela	podelama podelo
lezbijka	lezbijko lezbijkom
elektronika	elektronikama elektroniko
živčan	najživčanija najživčanije najživčanijeg najživčanijega najživčanijem najživčanijemu najživčaniji najživčanijih najživčanijim najživčanijima najživčanijoj najživčanijom najživčaniju živčanija živčanije živčanijeg živčanijega živčanijem živčanijemu živčaniji živčanijih živčanijim živčanijima živčanijoj živčanijom živčaniju živčanima živčanoga živčanoj živčanom živčanome živčanomu živčanu
otkupnina	otkupninama otkupnino
marama	maramama maramo
izrezati	izreza izrezah izrezasmo izrezaste izrezavši izrezaće izrezaćemo izrezaćete izrezaćeš izrezaše izrežete izrežimo
utešiti	uteših utešimo utešismo utešiste utešivši utešiće utešićemo utešićete utešićeš utešiću utešiše
lupiti	lupih lupimo lupismo lupiste lupivši lupiće lupićemo lupićete lupićeš lupiše
provaljivati	provaljivah provaljivahu provaljivasmo provaljivaste provaljivaće provaljivaćemo provaljivaćete provaljivaćeš provaljivaću provaljivaše provaljuj provaljujmo provaljujte provaljujući
krijumčariti	krijumčarah krijumčarahu krijumčarasmo krijumčaraste krijumčaraše krijumčareći krijumčarim krijumčarimo krijumčariće krijumčarićemo krijumčarićete krijumčarićeš krijumčariću
imigrant	imigrantom imigrantu
samostalan	najsamostalnija najsamostalnije najsamostalnijeg najsamostalnijega najsamostalnijem najsamostalnijemu najsamostalniji najsamostalnijih najsamostalnijim najsamostalnijima najsamostalnijoj najsamostalnijom najsamostalniju samostalnija samostalnije samostalnijeg samostalnijega samostalnijem samostalnijemu samostalniji samostalnijih samostalnijim samostalnijima samostalnijoj samostalnijom samostalniju samostalnima samostalnoga samostalnoj samostalnome samostalnomu
celokupan	celokupnih celokupnima celokupno celokupnoga celokupnome celokupnomu
škorpion	škorpionom
prijevara	prijevaro
pripasti	pripade pripadnem pripadnemo pripadnete pripadneš pripadni pripadnimo pripadnite pripadoh pripadosmo pripadoste pripadoše pripale pripane pripanem pripanemo pripanete pripaneš pripani pripanimo pripanite pripanu pripavši pripašćemo pripašćete pripašćeš pripašću
prihvatljiv	najprihvatljivija najprihvatljivije najprihvatljivijeg najprihvatljivijega najprihvatljivijem najprihvatljivijemu najprihvatljiviji najprihvatljivijih najprihvatljivijim najprihvatljivijima najprihvatljivijoj najprihvatljivijom najprihvatljiviju prihvatljivija prihvatljivijeg prihvatljivijega prihvatljivijem prihvatljivijemu prihvatljivijih prihvatljivijim prihvatljivijima prihvatljivijoj prihvatljivijom prihvatljiviju prihvatljivima prihvatljivoga prihvatljivoj prihvatljivome prihvatljivomu
kaos	kaose kaosom
opština	opštinama opštino opštinom
slamka	slamci slamkama slamki slamko
molekula	molekulo molekulom
trend	trende trendom
žar	žare žarova žarove žarovi žarovima
odabir	odabiri odabirima
kavijar	kavijare kavijari kavijarima
pomorandža	pomoranadža pomorandžo
kec	kecom kecu keče kečevima
povlastica	povlastici povlastico povlasticom
pederski	pederskih pederskima pederskoga pederskoj pederskome pederskomu
svraćati	svraćah svraćahu svraćaj svraćajmo svraćajte svraćajući svraćamo svraćanje svraćasmo svraćaste svraćate svraćaće svraćaćemo svraćaćete svraćaćeš svraćaću svraćaše
nag	nagih nagim nagima nagoga nagoj nagom nagome nagomu
halucinirati	halucinirah halucinirahu haluciniraj halucinirajmo halucinirajte halucinirajući haluciniranje halucinirasmo haluciniraste haluciniravši haluciniraće haluciniraćemo haluciniraćete haluciniraćeš haluciniraću haluciniraše
kodeks	kodekse kodeksi kodeksima
kapacitet	kapacitetima
prozvati	prozovete prozoveš prozovi prozovimo prozovite prozva prozvah prozvasmo prozvaste prozvavši prozvaće prozvaćemo prozvaćete prozvaćeš prozvaću prozvaše
letjelica	letjelico
otopiti	otopih otopimo otopismo otopiste otopite otopivši otopićemo otopićete otopićeš otopiću otopiš otopiše
vaga	vagama vago vagom
teći	tecijah tecijahu tecijasmo tecijaste tecijaše tecimo tecite tekavši tekoh tekosmo tekoste tekoše tečah tečahu tečasmo tečaste tečaše tečem tečemo tečenje tečete tečeš
pluta	plutama pluti plutom plutu
zavod	zavodima zavodom
fanatik	fanatiku fanatiče
umisliti	umisle umislih umislim umislimo umislismo umisliste umislite umislivši umisliće umislićemo umislićete umislićeš umisliću umisliš umisliše
ticati	ticah ticahu ticale ticali tican ticana ticane ticani ticanje ticano ticasmo ticaste ticaće ticaćemo ticaćete ticaćeš ticaću ticaše tičem tičemo tičete tičeš tiči tičimo tičite tičući
gaza	gazama gazo
skuhati	skuhah skuhajmo skuhajte skuhaju skuhamo skuhasmo skuhaste skuhate skuhavši skuhaće skuhaćemo skuhaćete skuhaćeš skuhaću skuhaše
očevidac	očevicem očevicima očevicu očeviče
palma	palmo
fotoaparat	fotoaparatima
refleks	reflekasa refleksom refleksu
mučenik	mučeniku
režija	režijama režijo režijom
milosrđe	milosrđima
drška	drško držaka
pariti	pareći parih parihu parimo parismo pariste pariće parićemo parićete parićeš pariću pariše
pospan	najpospanija najpospanije najpospanijeg najpospanijega najpospanijem najpospanijemu najpospaniji najpospanijih najpospanijim najpospanijima najpospanijoj najpospanijom najpospaniju pospanih pospanija pospanije pospanijeg pospanijega pospanijem pospanijemu pospaniji pospanijih pospanijim pospanijima pospanijoj pospanijom pospaniju pospanima pospanog pospanoga pospanoj pospanom pospanome pospanomu pospanu
obradovati	obradova obradovah obradovasmo obradovaste obradovavši obradovaćemo obradovaćete obradovaćeš obradovaću obradovaše obradujemo obradujete obradujmo obradujte
mokraća	mokraćama mokraćo
nit	niću
teniski	teniskima teniskoga teniskome teniskomu
antički	antičkima antičkoga antičkome antičkomu
arhitekt	arhitektima
izvorni	izvornima izvornoga izvornoj izvornome izvornomu
tonuti	tonimo tonite tonjah tonjahu tonjasmo tonjaste tonjaše tonuh tonulo tonusmo tonuste tonuvši tonuće tonućemo tonućete tonućeš tonući tonuću tonuše
doček	dočeci dočecima dočeke dočekom
razboljeti	razbolijevati razbolje razboljeh razboljesmo razboljeste razboljevši razboljeće razboljećemo razboljećete razboljećeš razboljeću razbolješe
stožer	stožere stožeri stožerima
domaćinstvo	domaćinstvima domaćinstvom
otadžbina	otadžbinama otadžbino otadžbinom
semafor	semaforom
perverzan	najperverznija najperverznije najperverznijeg najperverznijega najperverznijem najperverznijemu najperverzniji najperverznijih najperverznijim najperverznijima najperverznijoj najperverznijom najperverzniju perverznija perverznije perverznijeg perverznijega perverznijem perverznijemu perverzniji perverznijih perverznijim perverznijima perverznijoj perverznijom perverzniju perverznima perverzno perverznoga perverznoj perverznome perverznomu
zapasti	zapade zapadnem zapadnemo zapadnete zapadnimo zapadnite zapadoh zapadosmo zapadoste zapadoše zapane zapanem zapanemo zapanete zapaneš zapani zapanimo zapanite zapanu zapavši zapašće zapašćemo zapašćete zapašćeš zapašću
sinuti	sinem sinemo sinete sineš sini sinimo sinite sinuh sinusmo sinuste sinuvši sinuće sinućemo sinućete sinućeš sinuću sinuše
punč	punčem punčeva punčeve punčevi punčevima
klizav	klizavih klizavija klizavije klizavijeg klizavijega klizavijem klizavijemu klizaviji klizavijih klizavijim klizavijima klizavijoj klizavijom klizaviju klizavima klizavog klizavoga klizavoj klizavome klizavomu klizavu najklizavija najklizavije najklizavijeg najklizavijega najklizavijem najklizavijemu najklizaviji najklizavijih najklizavijim najklizavijima najklizavijoj najklizavijom najklizaviju
nadahnuti	nadahnem nadahnemo nadahnete nadahneš nadahni nadahnimo nadahnite nadahnu nadahnuh nadahnusmo nadahnuste nadahnuvši nadahnućemo nadahnućete nadahnućeš nadahnuću nadahnuše
varka	varci varkama varki varko varkom
ribarski	ribarskima ribarskoga ribarskome ribarskomu
bakšiš	bakšiše bakšišom bakšišu
kapuljača	kapuljačo
komercijalan	komercijalnima komercijalno komercijalnoga komercijalnoj komercijalnome komercijalnomu
sumnjivac	sumnjivcem sumnjivcima sumnjivcu sumnjivče
projekcija	projekcijo projekcijom
sauna	saunama sauno
platac	placima plataca
kokos	kokosima kokosu
medijski	medijskima medijskoga medijskome medijskomu
zamrzivač	zamrzivače zamrzivačem zamrzivači zamrzivačima
pult	pulte pultova pultove pultovi pultovima
ukrstiti	ukrstih ukrstim ukrstismo ukrstiste ukrstivši ukrstiće ukrstićemo ukrstićete ukrstićeš ukrstiću ukrstiše
propaganda	propagandama propagando
podučiti	poduče podučih podučimo podučismo podučiste podučivši podučiće podučićemo podučićete podučićeš podučiću podučiše
mesni	mesnima mesno mesnoga mesnome mesnomu
čistačica	čistačicama čistačico
finalni	finalnih finalnim finalnima finalnoga finalnome finalnomu
prastar	prastarima prastaroga prastaroj prastarome prastaromu
začeti	zače začeh začesmo začeste začevši začećemo začećete začećeš začeše začnem začnete začneš začni začnimo začnite začnu
zanat	zanati zanatima
polizati	poliza polizah polizasmo polizaste polizavši polizaće polizaćemo polizaćete polizaćeš polizaću polizaše poližemo poližimo poližu
dobitnik	dobitnikom dobitniče
kazalište	kazalištem kazalištima
otpisati	otpisa otpisah otpisasmo otpisaste otpisavši otpisaće otpisaćemo otpisaćete otpisaćeš otpisaću otpisaše otpišimo otpišite
začaran	začaranim začaranima začaranoga začaranome začaranomu
korpus	korpuse korpusi korpusima
kotač	kotačem
humanitaran	humanitarnima humanitarnoga humanitarnome humanitarnomu
plantaža	plantažo plantažom
slavina	slavinama slavino slavinom
gušenje	gušenjima
bezosećajan	bezosećajnih bezosećajnija bezosećajnije bezosećajnijeg bezosećajnijega bezosećajnijem bezosećajnijemu bezosećajniji bezosećajnijih bezosećajnijim bezosećajnijima bezosećajnijoj bezosećajnijom bezosećajniju bezosećajnim bezosećajnima bezosećajnog bezosećajnoga bezosećajnoj bezosećajnom bezosećajnome bezosećajnomu bezosećajnu najbezosećajnija najbezosećajnije najbezosećajnijeg najbezosećajnijega najbezosećajnijem najbezosećajnijemu najbezosećajniji najbezosećajnijih najbezosećajnijim najbezosećajnijima najbezosećajnijoj najbezosećajnijom najbezosećajniju
osvajač	osvajačem
umaknuti	umakavši umaknete umakni umaknimo umaknite umaknuh umaknula umaknule umaknuli umaknulo umaknuo umaknusmo umaknuste umaknuvši umaknuće umaknućemo umaknućete umaknućeš umaknuću umaknuše umakoh umakosmo umakoste umakoše
obojiti	obojih obojismo obojiste obojivši obojiće obojićemo obojićete obojićeš obojiću obojiše
zviždati	zviždah zviždahu zviždasmo zviždaste zviždaće zviždaćemo zviždaćete zviždaćeš zviždaću zviždaše zviždeći zviždimo
dijalog	dijalože
sudopera	sudoperama sudopero
džoint	džoinata džointi džointima džointom džointu
bočni	bočnima bočnoga bočnome bočnomu
favorit	favoritima favoritom favoritu
himna	himnama himno
pušač	pušačima
izgorjeti	izgarati izgorje izgorjeh izgorjesmo izgorjeste izgorjevši izgorjeće izgorjećemo izgorjećete izgorjećeš izgorjeću izgorješe
čekaonica	čekaonicama čekaonico čekaonicom
ugljen	ugljenima ugljenu
sekta	sekto
glasač	glasačem glasaču
starinski	starinskima starinskoga starinskoj starinskome starinskomu
ćorsokak	ćorsokacima ćorsokake ćorsokakom
sisati	sisah sisahu sisan sisasmo sisaste sisaće sisaćemo sisaćete sisaćeš sisaću sisaše sišem sišemo sišete sišeš sišimo sišite sišući
spelovati	spelova spelovah spelovahu spelovasmo spelovaste spelovaće spelovaćemo spelovaćete spelovaćeš spelovaću spelovaše spelujemo spelujmo spelujte spelujući
mandat	mandate mandati mandatima mandatom
buva	buvi buvo buvom
razdaljina	razdaljinama razdaljino razdaljinom
zadesiti	zadese zadesih zadesim zadesimo zadesismo zadesiste zadesite zadesivši zadesiće zadesićemo zadesićete zadesićeš zadesiću zadesiš zadesiše
laboratorijski	laboratorijskima laboratorijsko laboratorijskoga laboratorijskoj laboratorijskome laboratorijskomu
zubni	zubnima zubnoga zubnoj zubnome zubnomu
neželjen	najneželjenija najneželjenije najneželjenijeg najneželjenijega najneželjenijem najneželjenijemu najneželjeniji najneželjenijih najneželjenijim najneželjenijima najneželjenijoj najneželjenijom najneželjeniju neželjenija neželjenije neželjenijeg neželjenijega neželjenijem neželjenijemu neželjeniji neželjenijih neželjenijim neželjenijima neželjenijoj neželjenijom neželjeniju neželjenima neželjenoga neželjenoj neželjenom neželjenome neželjenomu
opteretiti	opterete opteretih opteretimo opteretismo opteretiste opteretite opteretivši opteretiće opteretićemo opteretićete opteretićeš opteretiću opteretiš opteretiše
spomen	spomenima spomenom
kvalifikacija	kvalifikaciji kvalifikacijo kvalifikacijom
regionalan	regionalnima regionalnoga regionalnome regionalnomu
pobuniti	pobunih pobunim pobunismo pobuniste pobunivši pobuniće pobunićemo pobunićete pobunićeš pobuniću pobuniš pobuniše
crnački	crnačkima crnačkoga crnačkome crnačkomu
spoznati	spoznah spoznajmo spoznajte spoznasmo spoznaste spoznavši spoznaće spoznaćemo spoznaćete spoznaćeš spoznaću spoznaše
kotrljati	kotrljah kotrljahu kotrljajmo kotrljajte kotrljasmo kotrljaste kotrljate kotrljaće kotrljaćemo kotrljaćete kotrljaćeš kotrljaću kotrljaše
stupa	stupama stupo stupom
danak	danaka dankom danku danče
obrnuti	obrnete obrnimo obrnuh obrnusmo obrnuste obrnuvši obrnuće obrnućemo obrnućete obrnućeš obrnuću obrnuše
zbrinuti	zbrinete zbrineš zbrini zbrinimo zbrinite zbrinu zbrinuh zbrinusmo zbrinuste zbrinuvši zbrinuće zbrinućemo zbrinućete zbrinućeš zbrinuću zbrinuše
mineral	mineralom mineralu
zlatnik	zlatnikom zlatniku zlatniče
savana	savano
dražestan	dražesnih dražesnija dražesnije dražesnijeg dražesnijega dražesnijem dražesnijemu dražesniji dražesnijih dražesnijim dražesnijima dražesnijoj dražesnijom dražesniju dražesnim dražesnima dražesnog dražesnoga dražesnoj dražesnom dražesnome dražesnomu najdražesnija najdražesnije najdražesnijeg najdražesnijega najdražesnijem najdražesnijemu najdražesniji najdražesnijih najdražesnijim najdražesnijima najdražesnijoj najdražesnijom najdražesniju
uručiti	uručih uručismo uručiste uručivši uručiće uručićemo uručićete uručićeš uručiću uručiše
potajan	potajna potajne potajnih potajnim potajnima potajnog potajnoga potajnoj potajnom potajnome potajnomu potajnu
rezidencija	rezidencijama rezidencijo rezidencijom
pšenica	pšenicama pšenico
prisećati	prisećah prisećahu prisećaj prisećajmo prisećajte prisećasmo prisećaste prisećaće prisećaćemo prisećaćete prisećaćeš prisećaću prisećaše
propovedati	propovedah propovedahu propovedajmo propovedajte propovedajući propovedasmo propovedaste propovedaće propovedaćemo propovedaćete propovedaćeš propovedaću propovedaše
zabadati	zabadah zabadahu zabadajmo zabadajte zabadajući zabadamo zabadasmo zabadaste zabadaće zabadaćemo zabadaćete zabadaćeš zabadaću zabadaše
gošća	gošćama gošćo
zavlačiti	zavlačah zavlačahu zavlačasmo zavlačaste zavlačaše zavlačeći zavlačimo zavlačiće zavlačićemo zavlačićete zavlačićeš zavlačiću
paralelan	paralelnima paralelno paralelnoga paralelnome paralelnomu
poštenje	poštenjima
usavršiti	usavrših usavršismo usavršiste usavršite usavršivši usavršiće usavršićemo usavršićete usavršićeš usavršiću usavršiše
povetarac	povetaraca povetarce povetarci povetarcima povetarče
flaster	flasteru
odupreti	odupreh odupresmo odupreste oduprevši odupreće oduprećemo oduprećete oduprećeš odupreću odupreše oduprimo
košnica	košnicama košnico košnicom
obveza	obvezi obvezo obvezom
pekara	pekarama pekaro
opravdan	najopravdanija najopravdanije najopravdanijeg najopravdanijega najopravdanijem najopravdanijemu najopravdaniji najopravdanijih najopravdanijim najopravdanijima najopravdanijoj najopravdanijom najopravdaniju opravdanih opravdanija opravdanije opravdanijeg opravdanijega opravdanijem opravdanijemu opravdaniji opravdanijih opravdanijim opravdanijima opravdanijoj opravdanijom opravdaniju opravdanima opravdanoga opravdanoj opravdanom opravdanome opravdanomu
posaditi	posadih posadismo posadiste posadivši posadiće posadićemo posadićete posadićeš posadiću posadiše
zadah	zadahe zadasi zadasima zadaše
izdahnuti	izdahnemo izdahnete izdahnimo izdahnu izdahnuh izdahnusmo izdahnuste izdahnuvši izdahnuće izdahnućemo izdahnućete izdahnućeš izdahnuću izdahnuše
školovati	školovah školovahu školovasmo školovaste školovaće školovaćemo školovaćete školovaćeš školovaću školovaše školuj školujmo školujte školujući
dohvat	dohvatima dohvatom
kolja	koljama koljo koljom
uprljati	uprljah uprljaj uprljajmo uprljajte uprljamo uprljasmo uprljaste uprljavši uprljaće uprljaćemo uprljaćete uprljaćeš uprljaću uprljaše
rezanac	rezancem rezancu rezanče
jednorog	jednorože
usmjeriti	usmjere usmjerih usmjerim usmjerismo usmjeriste usmjerivši usmjeriće usmjerićemo usmjerićete usmjerićeš usmjeriću usmjeriše
ukrasiti	ukrasih ukrasismo ukrasiste ukrasivši ukrasiće ukrasićemo ukrasićete ukrasićeš ukrasiću ukrasiše
doživljaj	doživljajem
svetionik	svetionicima svetionike svetionikom svetioniče
korov	korove korovi korovima
divovski	divovskima divovskoga divovskome divovskomu
izaslanik	izaslanicima izaslaniku
suparnik	suparniče
resiti	reseći resiće resićemo resićete resićeš resiću resiš rešah rešahu rešasmo rešaste rešaše
šablona	šablonama šablono šablonom
mutacija	mutaciji mutacijo
saga	sagama sago
kliše	klišeima klišeom klišeu
povoljan	najpovoljnija najpovoljnijeg najpovoljnijega najpovoljnijem najpovoljnijemu najpovoljniji najpovoljnijih najpovoljnijim najpovoljnijima najpovoljnijoj najpovoljnijom najpovoljniju povoljnih povoljnija povoljnijeg povoljnijega povoljnijem povoljnijemu povoljnijih povoljnijim povoljnijima povoljnijoj povoljnijom povoljniju povoljnima povoljnog povoljnoga povoljnome povoljnomu
okov	okovom okovu
maslina	maslini maslino maslinom
bačva	bačvo bačvom
blagajna	blagajno
špric	špricevima
literatura	literaturama literaturo
licenca	licencama licenco
bušilica	bušilicama bušilici
izumreti	izumreh izumrem izumremo izumresmo izumreste izumrete izumrevši izumreće izumrećemo izumrećete izumrećeš izumreću izumreš izumreše izumri izumrimo izumrite
riža	rižama riži rižo
zagaditi	zagade zagadih zagadim zagadimo zagadismo zagadiste zagadite zagadivši zagadiće zagadićemo zagadićete zagadićeš zagadiću zagadiš zagadiše zagađivati
zaplašiti	zaplaših zaplašismo zaplašiste zaplašivši zaplašiće zaplašićemo zaplašićete zaplašićeš zaplašiću zaplašiše
smešak	smešaka smešci smešcima smeške smešku
meštanin	meštanina meštanine meštaninom meštaninu
spaljivati	spaljivah spaljivahu spaljivasmo spaljivaste spaljivaće spaljivaćemo spaljivaćete spaljivaćeš spaljivaću spaljivaše spaljuj spaljujmo spaljujte spaljujući
davni	davnima davnoga davnom davnome davnomu
cvijet	cviet cvijete cvijetom cvjetovima
udica	udicama
dogovarati	dogovarah dogovarahu dogovaraj dogovarajmo dogovarajte dogovarajući dogovarasmo dogovaraste dogovaraće dogovaraćemo dogovaraćete dogovaraćeš dogovaraću dogovaraše
vječan	vječnih vječnima vječnoga vječnome vječnomu
maloletan	maloletnima maloletno maloletnoga maloletnoj maloletnome maloletnomu
adaptacija	adaptacijama adaptaciji adaptacijo adaptacijom
biftek	biftecima bifteku bifteče
caka	cakama cako cakom
zemljan	zemljano zemljanoga zemljanoj zemljanome zemljanomu zemljanu
šećerni	šećernim šećernima šećerno šećernoga šećernoj šećernome šećernomu
sitniš	sitnišu
svitanje	svitanjima
uklanjati	uklanjah uklanjahu uklanjaj uklanjajmo uklanjajte uklanjasmo uklanjaste uklanjaće uklanjaćemo uklanjaćete uklanjaćeš uklanjaću uklanjaše
regija	regijo regijom
kobra	kobrama kobro
ronilac	roniocem roniocu ronioče
uobražen	najuobraženija najuobraženije najuobraženijeg najuobraženijega najuobraženijem najuobraženijemu najuobraženiji najuobraženijih najuobraženijim najuobraženijima najuobraženijoj najuobraženijom najuobraženiju uobraženija uobraženije uobraženijeg uobraženijega uobraženijem uobraženijemu uobraženiji uobraženijih uobraženijim uobraženijima uobraženijoj uobraženijom uobraženiju uobraženim uobraženima uobraženog uobraženoga uobraženoj uobraženom uobraženome uobraženomu uobraženu
transformacija	transformacijama transformacijo transformacijom
odjaviti	odjavih odjavismo odjaviste odjavivši odjaviće odjavićemo odjavićete odjavićeš odjaviću odjaviše odjavljivati
obmanuti	obmanemo obmanete obmanimo obmanite obmanuh obmanusmo obmanuste obmanuvši obmanuće obmanućemo obmanućete obmanućeš obmanuću obmanuše
bezvezan	bezveznija bezveznije bezveznijeg bezveznijega bezveznijem bezveznijemu bezvezniji bezveznijih bezveznijim bezveznijima bezveznijoj bezveznijom bezvezniju bezveznima bezveznoga bezveznoj bezveznome bezveznomu najbezveznija najbezveznije najbezveznijeg najbezveznijega najbezveznijem najbezveznijemu najbezvezniji najbezveznijih najbezveznijim najbezveznijima najbezveznijoj najbezveznijom najbezvezniju
nabavka	nabavaka nabavko
korporativan	korporativnima korporativnoga korporativnome korporativnomu
gladijator	gladijatorom
trešnja	trešnji trešnjo
vrtlog	vrtlogom vrtlozima vrtlože
imbecil	imbecilima imbecilom
preljub	preljubima preljubom
glečer	glečerom
trema	tremama tremi tremo
ispravljati	ispravljah ispravljahu ispravljajmo ispravljajte ispravljajući ispravljasmo ispravljaste ispravljate ispravljaće ispravljaćemo ispravljaćete ispravljaćeš ispravljaću ispravljaše
čep	čepe čepovima
iskušati	iskušah iskušajmo iskušaju iskušamo iskušasmo iskušaste iskušate iskušavši iskušaće iskušaćemo iskušaćete iskušaćeš iskušaću iskušaše
priličan	priličnih priličnima priličnog priličnoga priličnome priličnomu
tvar	tvarju
šmokljan	šmokljanima šmokljanu
rekonstrukcija	rekonstrukcijama rekonstrukcijo
poslušan	najposlušnija najposlušnije najposlušnijeg najposlušnijega najposlušnijem najposlušnijemu najposlušniji najposlušnijih najposlušnijim najposlušnijima najposlušnijoj najposlušnijom najposlušniju poslušnih poslušnija poslušnije poslušnijeg poslušnijega poslušnijem poslušnijemu poslušniji poslušnijih poslušnijim poslušnijima poslušnijoj poslušnijom poslušniju poslušnima poslušnoga poslušnoj poslušnom poslušnome poslušnomu poslušnu
interni	internih internima internoga internome internomu
gospodstvo	gospodstava gospodstvima gospodstvom
opijum	opijume opijumu
istući	istucimo istucite istukavši istukoh istukosmo istukoste istukoše istučemo istučete
zadaća	zadaćama zadaći zadaćo
stabilnost	stabilnostima stabilnošću
skakavac	skakavcom skakavcu
milovati	milovah milovahu milovan milovana milovani milovasmo milovaste milovaće milovaćemo milovaćete milovaćeš milovaću milovaše milujete milujmo milujte
bubnjar	bubnjarima
posjetitelj	posjetiteljem posjetitelju
kokoš	kokošiju kokošju
sunđer	sunđerima
zbor	sbor zbore zborom zborova zborove zborovi zborovima
elektricitet	elektricitete
grb	grbova grbove grbovi grbovima
reforma	reformo
pokaz	pokazima pokazom
učesnik	učesnikom učesniku učesniče
hrvatski	hrvatskih hrvatskim hrvatskima hrvatsko hrvatskoga hrvatskome hrvatskomu
plašt	plašteva plašteve plaštevi plaštevima
motivacija	motivacijama motivacijo
nijansa	nijanso nijansom
ispovest	ispovestima ispovešću
isplivati	isplivah isplivaj isplivajmo isplivajte isplivam isplivamo isplivasmo isplivaste isplivate isplivavši isplivaće isplivaćemo isplivaćete isplivaćeš isplivaću isplivaš isplivaše
kuna	kunama kuno kunom
nosorog	nosorozima nosorože
sapunica	sapunico
krafna	krafen krafn krafno krafnom
ukupan	ukupnim ukupnima ukupnoga ukupnoj ukupnome ukupnomu
mističan	mističnija mističnije mističnijeg mističnijega mističnijem mističnijemu mističniji mističnijih mističnijim mističnijima mističnijoj mističnijom mističniju mističnima mistično mističnoga mističnome mističnomu najmističnija najmističnije najmističnijeg najmističnijega najmističnijem najmističnijemu najmističniji najmističnijih najmističnijim najmističnijima najmističnijoj najmističnijom najmističniju
čistoća	čistoćo
čajnik	čajnici čajnicima čajnike čajnikom čajniče
šestica	šesticama
autentičan	autentičnih autentičnim autentičnima autentičnog autentičnoga autentičnoj autentičnom autentičnome autentičnomu
prisetiti	prisete prisetih prisetismo prisetiste prisetivši prisetiće prisetićemo prisetićete prisetićeš prisetiću prisetiše
šamar	šamari šamarima šamaru šamarčina
snob	snobu
sardina	sardini sardino sardinom
mudrac	mudracem
odraziti	odrazih odrazim odrazimo odrazismo odraziste odrazite odrazivši odraziće odrazićemo odrazićete odrazićeš odraziću odraziš odraziše
stenjati	stanješe stenjah stenjahu stenjasmo stenjaste stenjaće stenjaćemo stenjaćete stenjaćeš stenjaću stenjaše stenjemo stenjete stenjimo stenjite
stražnjica	stražnjicama stražnjico
opterećivati	opterećivah opterećivahu opterećivanje opterećivasmo opterećivaste opterećivaće opterećivaćemo opterećivaćete opterećivaćeš opterećivaću opterećivaše opterećujete opterećujmo opterećujte opterećujući
prigovarati	prigovarah prigovarahu prigovarajmo prigovarajte prigovarajući prigovaramo prigovarasmo prigovaraste prigovaraće prigovaraćemo prigovaraćete prigovaraćeš prigovaraću prigovaraše
opaziti	opazih opazim opazimo opazismo opaziste opazite opazivši opaziće opazićemo opazićete opazićeš opaziću opaziš opaziše
upravni	upravnih upravnima upravnoga upravnoj upravnome upravnomu upravnu
pekar	pekarem pekarima
korejski	korejskima korejsko korejskoga korejskome korejskomu
dabar	dabri dabrima dabrom
puhati	puhah puhahu puhali puhasmo puhaste puhaće puhaćemo puhaćete puhaćeš puhaću puhaše pušem pušemo pušete pušući
ugrabiti	ugrabih ugrabismo ugrabiste ugrabivši ugrabiće ugrabićemo ugrabićete ugrabićeš ugrabiću ugrabiše
pljuvačka	pljuvačaka pljuvačkama pljuvačko
pospremiti	pospreme pospremih pospremismo pospremiste pospremivši pospremiće pospremićemo pospremićete pospremićeš pospremiše
dojka	dojaka dojkama dojko dojkom
lasica	lasici lasico lasicom
uzdisati	uzdisah uzdisahu uzdisasmo uzdisaste uzdisaće uzdisaćemo uzdisaćete uzdisaćeš uzdisaću uzdisaše uzdišemo uzdišete uzdiši uzdišimo uzdišite
smrskati	smrskah smrskaj smrskajmo smrskajte smrskaju smrskamo smrskasmo smrskaste smrskate smrskavši smrskaće smrskaćemo smrskaćete smrskaćeš smrskaš smrskaše
zadavati	zadajemo zadajete zadajmo zadajte zadajući zadavah zadavahu zadavanje zadavasmo zadavaste zadavaće zadavaćemo zadavaćete zadavaćeš zadavaću zadavaše
širina	širinama širino
otploviti	otplovih otplovismo otploviste otplovite otplovivši otploviće otplovićemo otplovićete otplovićeš otploviću otploviše
glasovati	glasovah glasovahu glasovasmo glasovaste glasovaće glasovaćemo glasovaćete glasovaćeš glasovaću glasovaše glasujemo glasujete glasuješ glasujući
peć	pećanac pećanin pećanka pećki peću
galeb	galebom galebu
presudan	presudnih presudnima presudnoga presudnoj presudnome presudnomu
krš	krševa krševe krševi krševima
kljun	kljune
astma	astmama astmi astmo
litra	litrama litro
nezaboravan	nezaboravnima nezaboravnog nezaboravnoga nezaboravnoj nezaboravnome nezaboravnomu
pristalica	pristalici pristalico pristalicom pristalicu
stavka	stavaka stavci stavko stavkom
frustriran	frustriranih frustriranija frustriranije frustriranijeg frustriranijega frustriranijem frustriranijemu frustriraniji frustriranijih frustriranijim frustriranijima frustriranijoj frustriranijom frustriraniju frustriranim frustriranima frustriranog frustriranoga frustriranoj frustriranom frustriranome frustriranomu frustriranu najfrustriranija najfrustriranije najfrustriranijeg najfrustriranijega najfrustriranijem najfrustriranijemu najfrustriraniji najfrustriranijih najfrustriranijim najfrustriranijima najfrustriranijoj najfrustriranijom najfrustriraniju
transporter	transporterima
rizičan	najrizičnija najrizičnije najrizičnijeg najrizičnijega najrizičnijem najrizičnijemu najrizičniji najrizičnijih najrizičnijim najrizičnijima najrizičnijoj najrizičnijom najrizičniju rizičnija rizičnijeg rizičnijega rizičnijem rizičnijemu rizičniji rizičnijih rizičnijim rizičnijima rizičnijoj rizičnijom rizičniju rizičnima rizičnoga rizičnoj rizičnome rizičnomu
najava	najavama najavo
napadan	napadnih napadnim napadnima napadnog napadnoga napadnoj napadnom napadnome napadnomu
pub	pube pubom
ranjenik	ranjenikom ranjeniku ranjeniče
primjerak	primjercima primjerkom primjerku primjerče
klin	klinu
tramvaj	tramvajima
svezati	svezah svezasmo svezaste svezavši svezaće svezaćemo svezaćete svezaćeš svezaću svezaše svezivati svežemo svežete svežimo
plodan	najplodnija najplodnije najplodnijeg najplodnijega najplodnijem najplodnijemu najplodniji najplodnijih najplodnijim najplodnijima najplodnijoj najplodnijom najplodniju plodnija plodnije plodnijeg plodnijega plodnijem plodnijemu plodniji plodnijih plodnijim plodnijima plodnijoj plodnijom plodniju plodnima plodno plodnoga plodnome plodnomu
buran	burnija burnije burnijeg burnijega burnijem burnijemu burniji burnijih burnijim burnijima burnijoj burnijom burniju burnim burnima burnog burnoga burnoj burnom burnome burnomu najburnija najburnije najburnijeg najburnijega najburnijem najburnijemu najburniji najburnijih najburnijim najburnijima najburnijoj najburnijom najburniju
pripravnik	pripravnicima pripravnikom pripravniku
kolevka	kolevaka kolevkama kolevko kolevkom
grebati	grebah grebahu grebalo greban grebasmo grebaste grebaće grebaćemo grebaćete grebaćeš grebaću grebaše grebemo grebimo grebite grebući
doveka	dovek
kolumna	kolumnama kolumno
kompleksan	kompleksnija kompleksnijeg kompleksnijega kompleksnijem kompleksnijemu kompleksnijih kompleksnijim kompleksnijima kompleksnijoj kompleksnijom kompleksniju kompleksnima kompleksnoga kompleksnoj kompleksnom kompleksnome kompleksnomu najkompleksnija najkompleksnije najkompleksnijeg najkompleksnijega najkompleksnijem najkompleksnijemu najkompleksniji najkompleksnijih najkompleksnijim najkompleksnijima najkompleksnijoj najkompleksnijom najkompleksniju
bednik	bednicima bedniku
runa	runom
saopštenje	saopštenjem saopštenjima
ukočen	najukočenija najukočenije najukočenijeg najukočenijega najukočenijem najukočenijemu najukočeniji najukočenijih najukočenijim najukočenijima najukočenijoj najukočenijom najukočeniju ukočenih ukočenija ukočenije ukočenijeg ukočenijega ukočenijem ukočenijemu ukočeniji ukočenijih ukočenijim ukočenijima ukočenijoj ukočenijom ukočeniju ukočenim ukočenima ukočenoga ukočenoj ukočenom ukočenome ukočenomu ukočenu
lubenica	lubenici lubenico lubenicom
holandski	holandskima holandskoga holandskome holandskomu
mamurluk	mamurluci mamurlucima mamurluke mamurluku mamurluče
arsenal	arsenali arsenalima
pakirati	pakirah pakirahu pakirajmo pakirajući pakirasmo pakiraste pakirate pakiraće pakiraćemo pakiraćete pakiraćeš pakiraću pakiraše
oživjeti	oživje oživjeh oživjesmo oživjeste oživjevši oživjeće oživjećemo oživjećete oživjećeš oživjeću oživješe
razočaranje	razočaranjima
mehanika	mehaniko
šupalj	šupljega šupljemu šupljih šupljima šupljom
greda	gredo gredom
žilav	najžilavija najžilavije najžilavijeg najžilavijega najžilavijem najžilavijemu najžilavijih najžilavijim najžilavijima najžilavijoj najžilavijom najžilaviju žilavih žilavije žilavijeg žilavijega žilavijem žilavijemu žilavijih žilavijim žilavijima žilavijoj žilavijom žilaviju žilavim žilavima žilavog žilavoga žilavoj žilavom žilavome žilavomu žilavu
kos	kosih kosog kosoga kosoj kosome kosomu kosove kosovi kosovima
luckast	luckastih luckastija luckastije luckastijeg luckastijega luckastijem luckastijemu luckastiji luckastijih luckastijim luckastijima luckastijoj luckastijom luckastiju luckastim luckastima luckastoga luckastoj luckastom luckastome luckastomu luckastu najluckastija najluckastije najluckastijeg najluckastijega najluckastijem najluckastijemu najluckastiji najluckastijih najluckastijim najluckastijima najluckastijoj najluckastijom najluckastiju
uvjetan	uvetan uvjetnih uvjetnim uvjetnima uvjetnoga uvjetnome uvjetnomu
jačina	jačino
džamija	džamijama džamijo džamijom
neprobojan	najneprobojnija najneprobojnije najneprobojnijeg najneprobojnijega najneprobojnijem najneprobojnijemu najneprobojniji najneprobojnijih najneprobojnijim najneprobojnijima najneprobojnijoj najneprobojnijom najneprobojniju neprobojnih neprobojnija neprobojnije neprobojnijeg neprobojnijega neprobojnijem neprobojnijemu neprobojniji neprobojnijih neprobojnijim neprobojnijima neprobojnijoj neprobojnijom neprobojniju neprobojnima neprobojnoga neprobojnoj neprobojnome neprobojnomu
brucoš	brucošem
šimpanza	šimpanzo
svetica	sveticama svetici
večit	večitih večitim večitima večitoga večitoj večitom večitome večitomu
mladenac	mladenca mladencem mladencu mladenče
okolni	okolnima okolnoga okolnoj okolnome okolnomu
dvojnik	dvojnicima dvojniku dvojniče
muslimanski	muslimanskima muslimanskoga muslimanskome muslimanskomu
krut	krutih krutima krutoga krutoj krutom krutome krutomu kruća kruće krućeg krućega krućem krućemu krući krućih krućim krućima krućoj krućom kruću najkruća najkruće najkrućeg najkrućega najkrućem najkrućemu najkrući najkrućih najkrućim najkrućima najkrućoj najkrućom najkruću
čedo	čedama čedi čedima
orgija	orgijo orgijom
prepona	preponi prepono preponom preponu
alimentacija	alimentacijama alimentaciji alimentacijo
krojač	krojače krojačem krojačima
ispravak	ispravaka ispravci ispravcima ispravkom ispravče
losion	losionima losionu
huliti	hule huleći hulim hulimo hulite huliće hulićemo hulićete hulićeš huliću huliš huljah huljahu huljasmo huljaste huljaše huljenje
hud	hudi hudih hudim hudima hudo hudog hudoga hudoj hudome hudomu huđa huđe huđeg huđega huđem huđemu huđi huđih huđim huđima huđoj huđom huđu najhuđa najhuđe najhuđeg najhuđega najhuđem najhuđemu najhuđi najhuđih najhuđim najhuđima najhuđoj najhuđom najhuđu
ciničan	cinične ciničnih ciničnija ciničnije ciničnijeg ciničnijega ciničnijem ciničnijemu ciničniji ciničnijih ciničnijim ciničnijima ciničnijoj ciničnijom ciničniju ciničnima ciničnog ciničnoga ciničnoj ciničnome ciničnomu ciničnu najciničnija najciničnije najciničnijeg najciničnijega najciničnijem najciničnijemu najciničniji najciničnijih najciničnijim najciničnijima najciničnijoj najciničnijom najciničniju
razoriti	razorih razorim razorimo razorismo razoriste razorite razorivši razoriće razorićemo razorićete razorićeš razoriću razoriš razoriše
zaključivati	zaključivah zaključivahu zaključivasmo zaključivaste zaključivaće zaključivaćemo zaključivaćete zaključivaćeš zaključivaću zaključivaše zaključujmo zaključujte zaključujući
skakač	skakačima
prokletinja	prokletinjama prokletinjom
žudjeti	žudjeće žudjećemo žudjećete žudjećeš žudjeću žuđah žuđahu žuđasmo žuđaste žuđaše žuđenje
uvređen	najuvređenija najuvređenije najuvređenijeg najuvređenijega najuvređenijem najuvređenijemu najuvređeniji najuvređenijih najuvređenijim najuvređenijima najuvređenijoj najuvređenijom najuvređeniju uvređene uvređenih uvređenija uvređenije uvređenijeg uvređenijega uvređenijem uvređenijemu uvređeniji uvređenijih uvređenijim uvređenijima uvređenijoj uvređenijom uvređeniju uvređenima uvređenog uvređenoga uvređenoj uvređenom uvređenome uvređenomu uvređenu
plijen	plijene plijenu
konstrukcija	konstrukcijama konstrukcijo
hipi	hipijem hipijima hipiju
kupnja	kupnjama kupnjo
navaljivati	navaljivah navaljivahu navaljivanje navaljivasmo navaljivaste navaljivaće navaljivaćemo navaljivaćete navaljivaćeš navaljivaću navaljivaše navaljujemo navaljujmo navaljujući
nepouzdan	nepouzdanih nepouzdanima nepouzdanoga nepouzdanoj nepouzdanom nepouzdanome nepouzdanomu nepouzdanu
plesti	pletavši pleten pleti pletijah pletijahu pletijasmo pletijaste pletijaše pletimo pletite pletoh pletosmo pletoste pletoše pletući plešće plešćemo plešćete plešćeš plešću
dugmad	dugmađu
grmljavina	grmljavino
čitalac	čitaocem čitaocu
etički	etičkima etičkoga etičkoj etičkome etičkomu
akumulator	akumulatorima
naznaka	naznakama naznako
amaterski	amaterskima amaterskoga amaterskome amaterskomu
manjina	manjino manjinom
nagovarati	nagovarah nagovarahu nagovaraj nagovarajmo nagovarajte nagovarajući nagovaramo nagovarasmo nagovaraste nagovarate nagovaraće nagovaraćemo nagovaraćete nagovaraćeš nagovaraću nagovaraše
kreacija	kreacijo kreacijom
odgristi	odgrizati odgrizavši odgrizemo odgrizete odgrizimo odgrizite odgrizoh odgrizosmo odgrizoste odgrizoše odgrišćemo odgrišćete odgrišćeš
var	varju varom varu
nametnuti	nametnemo nametnete nametni nametnimo nametnite nametnuh nametnusmo nametnuste nametnuvši nametnuće nametnućemo nametnućete nametnućeš nametnuću nametnuše
razmnožavati	razmnožavah razmnožavahu razmnožavaj razmnožavajmo razmnožavajte razmnožavajući razmnožavam razmnožavasmo razmnožavaste razmnožavate razmnožavaće razmnožavaćemo razmnožavaćete razmnožavaćeš razmnožavaću razmnožavaš razmnožavaše
izvedba	izvedaba izvedbama izvedbo
ogovarati	ogovarah ogovarahu ogovaraj ogovarajmo ogovarajte ogovarajući ogovarasmo ogovaraste ogovaraće ogovaraćemo ogovaraćete ogovaraćeš ogovaraću ogovaraše
hrišćanski	kršćanskim kršćanskima kršćanskoga kršćanskoj kršćanskom kršćanskome kršćanskomu
pacijentkinja	pacijentkinjo
pridruživati	pridruživah pridruživahu pridruživasmo pridruživaste pridruživaće pridruživaćemo pridruživaćete pridruživaćeš pridruživaću pridruživaše pridružuj pridružujmo pridružujte pridružujući
klip	klipom
banja	banjama banjom
sticati	sticah sticahu sticasmo sticaste sticaće sticaćemo sticaćete sticaćeš sticaću sticaše stičući stječi stječimo stječite
žarki	najžarča najžarče najžarčeg najžarčega najžarčem najžarčemu najžarči najžarčih najžarčim najžarčima najžarčoj najžarčom najžarču žarke žarkih žarkim žarkima žarkog žarkoga žarkoj žarkom žarkome žarkomu žarča žarče žarčeg žarčega žarčem žarčemu žarči žarčih žarčim žarčima žarčoj žarčom žarču
čeljust	čeljušću
psihijatrija	psihijatrijo
teatar	teatara teatre teatri teatrima teatrom theatr
učtiv	najučtivija najučtivije najučtivijeg najučtivijega najučtivijem najučtivijemu najučtiviji najučtivijih najučtivijim najučtivijima najučtivijoj najučtivijom najučtiviju učtive učtivih učtivija učtivije učtivijeg učtivijega učtivijem učtivijemu učtiviji učtivijih učtivijim učtivijima učtivijoj učtivijom učtiviju učtivim učtivima učtivog učtivoga učtivoj učtivom učtivome učtivomu učtivu
lim	limom limova limove limovi limovima
azil	azile azili azilima azilom
licemer	licemerima licemerka licemerom
trotoar	trotoare trotoari trotoarima
sirotinja	sirotinjama sirotinjo
oklopni	oklopnima oklopnoga oklopnoj oklopnome oklopnomu
tjelesni	tjelesnima tjelesnoga tjelesnoj tjelesnome tjelesnomu
guru	gurue guruima guruu
prilagođavati	prilagođavah prilagođavahu prilagođavaj prilagođavajmo prilagođavajte prilagođavajući prilagođavasmo prilagođavaste prilagođavate prilagođavaće prilagođavaćemo prilagođavaćete prilagođavaćeš prilagođavaću prilagođavaše
savetovanje	savetovanjima
agresija	agresijama agresijo
limit	limiti limitima limitom
snaja	snajama snasi
čupav	najčupavija najčupavije najčupavijeg najčupavijega najčupavijem najčupavijemu najčupaviji najčupavijih najčupavijim najčupavijima najčupavijoj najčupavijom najčupaviju čupavija čupavije čupavijeg čupavijega čupavijem čupavijemu čupaviji čupavijih čupavijim čupavijima čupavijoj čupavijom čupaviju čupavima čupavoga čupavoj čupavom čupavome čupavomu
odmazda	odmazdama odmazdo
rasistički	rasističkima rasističkoga rasističkoj rasističkom rasističkome rasističkomu
šivati	šivah šivahu šivajmo šivajte šivaju šivajući šivala šivalo šivam šivamo šivana šivao šivasmo šivaste šivate šivaćemo šivaćete šivaćeš šivaš šivaše
bridž	bridžem bridževa bridževe bridževi bridževima
priredba	priredaba priredbo priredbom
zaručnik	zaručnicima zaručnike zaručniče
smerati	smerah smerahu smeraj smerajmo smerajte smerajući smeranje smerasmo smeraste smeraće smeraćemo smeraćete smeraćeš smeraću smeraše
znojav	znojavima znojavoga znojavoj znojavom znojavome znojavomu
bljesak	bljesaka bljesci bljescima bljeske blješče
sušiti	sušah sušahu sušasmo sušaste sušaše sušeći sušimo sušite sušiće sušićemo sušićete sušićeš sušiću
milijarder	milijarderima
znatiželja	znatiželjama znatiželjo znatiželjom
uzoran	najuzornija najuzornije najuzornijeg najuzornijega najuzornijem najuzornijemu najuzorniji najuzornijih najuzornijim najuzornijima najuzornijoj najuzornijom najuzorniju uzornih uzornija uzornije uzornijeg uzornijega uzornijem uzornijemu uzorniji uzornijih uzornijim uzornijima uzornijoj uzornijom uzorniju uzornim uzornima uzornoga uzornoj uzornom uzornome uzornomu uzornu
komponenta	komponenata komponento komponentom
napast	napastašću napastima
neposredan	najneposrednija najneposrednije najneposrednijeg najneposrednijega najneposrednijem najneposrednijemu najneposredniji najneposrednijih najneposrednijim najneposrednijima najneposrednijoj najneposrednijom najneposredniju neposrednih neposrednija neposrednije neposrednijeg neposrednijega neposrednijem neposrednijemu neposredniji neposrednijih neposrednijim neposrednijima neposrednijoj neposrednijom neposredniju neposrednim neposrednima neposrednoga neposrednome neposrednomu
križ	križeva križevi križevima
irvas	irvasom irvasu
sesija	sesijo sesijom
kalifornijski	kalifornijskima kalifornijskoga kalifornijskome kalifornijskomu
intelektualan	intelektualnima intelektualno intelektualnoga intelektualnoj intelektualnome intelektualnomu
razvoditi	razvodeći razvodiće razvodićemo razvodićete razvodićeš razvodiću razvođah razvođahu razvođasmo razvođaste razvođaše razvođenje
navikavati	navikavah navikavahu navikavajmo navikavajte navikavajući navikavasmo navikavaste navikavaće navikavaćemo navikavaćete navikavaćeš navikavaću navikavaše
samostan	samostane samostani samostanima samostanom
pričvrstiti	pričvrste pričvrstih pričvrstismo pričvrstiste pričvrstivši pričvrstiće pričvrstićemo pričvrstićete pričvrstićeš pričvrstiću pričvrstiše
kopča	kopčo
dopust	dopustima dopustom
jedinstvo	jedinstava jedinstvima jedinstvom
rukovoditi	rukovodimo rukovodiće rukovodićemo rukovodićete rukovodićeš rukovodiću rukovođah rukovođahu rukovođasmo rukovođaste rukovođaše
hipnoza	hipnozama hipnozo
strašilo	strašilima
milostinja	milostinjama milostinji milostinjo milostinjom
pravnik	pravnikom pravniku
tekma	tekmama tekmo tekmom
automobilski	automobilskima automobilsko automobilskoga automobilskome automobilskomu
posjećivati	posjećivah posjećivahu posjećivanje posjećivasmo posjećivaste posjećivaće posjećivaćemo posjećivaćete posjećivaćeš posjećivaću posjećivaše posjećuj posjećujemo posjećujmo posjećujte posjećujući
ambulantni	ambulantne ambulantnima ambulantnog ambulantnoga ambulantnoj ambulantnom ambulantnome ambulantnomu ambulantnu
neoprostiv	neoprostivih neoprostivim neoprostivima neoprostivog neoprostivoga neoprostivoj neoprostivom neoprostivome neoprostivomu
odmaralište	odmaralištem
travanj	travanja travanjski travnje travnjem travnji travnjima
dojiti	dojah dojahu dojasmo dojaste dojaše dojeći dojimo dojite dojiće dojićemo dojićete dojićeš dojiću
siromah	siromahom siromaše
ekološki	ekološkima ekološkoga ekološkome ekološkomu
čovječanstvo	čovječanstvima čovječanstvom
putnički	putničkima putničko putničkoga putničkome putničkomu
katastrofalan	katastrofalnima katastrofalnoga katastrofalnoj katastrofalnome katastrofalnomu
doktorat	doktorati doktoratima
papak	papkom papče
šiljak	šiljče
frustracija	frustracijo frustracijom
fascikl	fascikala fasciklima fasciklom
najam	najme najmom najmova najmove najmovi najmovima
načelo	načelom
ograničiti	ograničih ograničismo ograničiste ograničivši ograničiće ograničićemo ograničićete ograničićeš ograničiću ograničiše
anatomija	anatomijama anatomijo anatomijom
instalacija	instalacijo instalacijom
klečati	klečah klečahu klečasmo klečaste klečaće klečaćemo klečaćete klečaćeš klečaću klečaše
svojstvo	svojstvom
reflektor	reflektoru
finski	finskih finskim finskima finsko finskoga finskome finskomu
krhotina	krhotini krhotino krhotinom
ljestve	ljestva ljestvi
ananas	ananase ananasima ananasu
oruđe	oruđima oruđu
obeležje	obeležjem obeležju
bankrot	bankrote bankroti bankrotima
trem	tremova tremove tremovi tremovima
cimet	cimete cimeti cimetima cimetu
konzervativan	konzervativnija konzervativnije konzervativnijeg konzervativnijega konzervativnijem konzervativnijemu konzervativnijih konzervativnijim konzervativnijima konzervativnijoj konzervativnijom konzervativniju konzervativnima konzervativnoga konzervativnoj konzervativnom konzervativnome konzervativnomu najkonzervativnija najkonzervativnije najkonzervativnijeg najkonzervativnijega najkonzervativnijem najkonzervativnijemu najkonzervativniji najkonzervativnijih najkonzervativnijim najkonzervativnijima najkonzervativnijoj najkonzervativnijom najkonzervativniju
gumb	gumbom gumbu
stambeni	stambenima stambenoga stambenome stambenomu
težiti	težah težahu težasmo težaste težaše teženje težeći težiće težićemo težićete težićeš težiću
prdež	prdežem prdežima
iscediti	iscedih iscedismo iscediste iscedivši iscediće iscedićemo iscedićete iscedićeš iscediše
univerzalan	univerzalnih univerzalnima univerzalno univerzalnoga univerzalnoj univerzalnome univerzalnomu
izlazni	izlaznima izlazno izlaznog izlaznoga izlaznoj izlaznom izlaznome izlaznomu
maskota	maskotama maskoti maskoto
borovnica	borovnici borovnico
preliminaran	preliminarnima preliminarnog preliminarnoga preliminarnoj preliminarnome preliminarnomu
spektar	spektara spektre spektri spektrima
dopisivati	dopisivah dopisivahu dopisivasmo dopisivaste dopisivaće dopisivaćemo dopisivaćete dopisivaćeš dopisivaću dopisivaše dopisuj dopisujmo dopisujte dopisujući
izmicati	izmicah izmicahu izmicanje izmicasmo izmicaste izmicaće izmicaćemo izmicaćete izmicaćeš izmicaću izmicaše izmičem izmičemo izmičete izmiči izmičimo izmičite izmičući
propoved	propoveđu
ljetni	ljetnima ljetnoga ljetnomu
unakaziti	unakaze unakazih unakazimo unakazismo unakaziste unakazite unakazivši unakaziće unakazićemo unakazićete unakazićeš unakaziću unakaziš unakaziše
brusiti	bruseći brusila brusile brusilo brusim brusimo brusio brusite brusiće brusićemo brusićete brusićeš brusiću brusiš brušah brušahu brušasmo brušaste brušaše brušen
astronom	astronomom astronomu
breg	bregom bregovima breže
paprika	paprici papriko poprika
žalostan	najžalosnija najžalosnije najžalosnijeg najžalosnijega najžalosnijem najžalosnijemu najžalosniji najžalosnijih najžalosnijim najžalosnijima najžalosnijoj najžalosnijom najžalosniju žalosnih žalosnija žalosnije žalosnijeg žalosnijega žalosnijem žalosnijemu žalosniji žalosnijih žalosnijim žalosnijima žalosnijoj žalosnijom žalosniju žalosnima žalosnoga žalosnoj žalosnome žalosnomu
propovednik	propovednicima propovednike propovednikom
islamski	islamskima islamskoga islamskome islamskomu
izbušiti	izbuših izbušismo izbušiste izbušivši izbušiće izbušićemo izbušićete izbušićeš izbušiše
hrčak	hrčcima hrčkovi
krilce	krilcem krilceta krilcetu krilcu
imitacija	imitaciji imitacijo
ševa	ševama ševo ševom
umetnica	umetnicama
netačan	najnetačnija najnetačnije najnetačnijeg najnetačnijega najnetačnijem najnetačnijemu najnetačniji najnetačnijih najnetačnijim najnetačnijima najnetačnijoj najnetačnijom najnetačniju netačnih netačnija netačnije netačnijeg netačnijega netačnijem netačnijemu netačniji netačnijih netačnijim netačnijima netačnijoj netačnijom netačniju netačnim netačnima netačnog netačnoga netačnoj netačnom netačnome netačnomu netačnu
državljanin	državljanine državljaninom državljaninu
šilo	šilima
riskantan	najriskantnija najriskantnije najriskantnijeg najriskantnijega najriskantnijem najriskantnijemu najriskantniji najriskantnijih najriskantnijim najriskantnijima najriskantnijoj najriskantnijom najriskantniju riskantni riskantnih riskantnija riskantnije riskantnijeg riskantnijega riskantnijem riskantnijemu riskantniji riskantnijih riskantnijim riskantnijima riskantnijoj riskantnijom riskantniju riskantnim riskantnima riskantnog riskantnoga riskantnoj riskantnom riskantnome riskantnomu riskantnu
ćufta	ćuftom
proklinjati	proklinjah proklinjahu proklinjanje proklinjasmo proklinjaste proklinjaće proklinjaćemo proklinjaćete proklinjaćeš proklinjaću proklinjaše proklinjemo proklinjete proklinjimo proklinjite
falsifikat	falsifikatom falsifikatu
izraelski	izraelskima izraelskoga izraelskome izraelskomu
java	javama javo javom
zakup	zakupe zakupi zakupima
spakirati	spakirah spakirahu spakiraju spakiranje spakirasmo spakiraste spakirate spakiravši spakiraće spakiraćemo spakiraćete spakiraćeš spakiraću spakiraše
tvor	tvorom tvorovima
dominantan	dominantnim dominantnima dominantnoga dominantnoj dominantnome dominantnomu
viršla	viršlo viršlom
natjecati	natjecah natjecahu natjecasmo natjecaste natjecaše natječaće natječaćemo natječaćete natječaćeš natječaću natječete natječi natječimo natječite natječući
prikrivati	prikrivah prikrivahu prikrivaj prikrivajmo prikrivajte prikrivasmo prikrivaste prikrivaće prikrivaćemo prikrivaćete prikrivaćeš prikrivaću prikrivaše
zastrašivati	zastrašivah zastrašivahu zastrašivasmo zastrašivaste zastrašivaće zastrašivaćemo zastrašivaćete zastrašivaćeš zastrašivaću zastrašivaše zastrašuj zastrašujem zastrašujemo zastrašujete zastrašujmo zastrašujte
spektakl	spektakle spektakli spektaklima spektaklom
zelje	zeljem
izopačen	izopačenija izopačenije izopačenijeg izopačenijega izopačenijem izopačenijemu izopačeniji izopačenijih izopačenijim izopačenijima izopačenijoj izopačenijom izopačeniju izopačenima izopačenoga izopačenoj izopačenome izopačenomu najizopačenija najizopačenije najizopačenijeg najizopačenijega najizopačenijem najizopačenijemu najizopačeniji najizopačenijih najizopačenijim najizopačenijima najizopačenijoj najizopačenijom najizopačeniju
suptilan	najsuptilnija najsuptilnije najsuptilnijeg najsuptilnijega najsuptilnijem najsuptilnijemu najsuptilniji najsuptilnijih najsuptilnijim najsuptilnijima najsuptilnijoj najsuptilnijom najsuptilniju suptilnijeg suptilnijega suptilnijem suptilnijemu suptilnijih suptilnijim suptilnijima suptilnijoj suptilnijom suptilniju suptilnim suptilnima suptilnog suptilnoga suptilnoj suptilnom suptilnome suptilnomu suptilnu
knedla	knedlo knedlom
igračica	igračici
graničan	graničnima granično graničnoga graničnome graničnomu
oticati	oticah oticahu oticasmo oticaste oticaće oticaćemo oticaćete oticaćeš oticaću oticaše otičem otičemo otičete otičeš otičimo otičite otičući
natopiti	natapati natope natopih natopim natopimo natopismo natopiste natopite natopivši natopiće natopićemo natopićete natopićeš natopiću natopiš natopiše
zavući	zavucimo zavucite zavukavši zavukoh zavukosmo zavukoste zavukoše zavučemo zavučete
srećka	srećkama srećkom
uzica	uzicama
vrabac	brabac rabac vrapcem vrapče vrapčić
šara	šaro
izobilje	izobiljem
napon	napone naponi naponima
kukac	kukcem kukcu kukče
prestup	prestupom prestupu
tetovirati	tetovirah tetovirahu tetoviraj tetovirajmo tetovirajte tetovirajući tetoviramo tetovirasmo tetoviraste tetovirate tetoviravši tetoviraće tetoviraćemo tetoviraćete tetoviraćeš tetoviraću tetoviraše
milimetar	milimetre milimetri milimetrima milimetrom milimetru
zasjeda	zasjedama zasjedo zasjedom
lizalica	lizalici lizalico lizalicom
materijalan	materijalnima materijalno materijalnoga materijalnoj materijalnome materijalnomu
nevernik	nevernikom neverniku
distribucija	distribucijama distribucijo
naginjati	naginjah naginjahu naginjasmo naginjaste naginjaće naginjaćemo naginjaćete naginjaćeš naginjaću naginjaše naginjimo naginjite naginjući
zagrijati	zagrija zagrijah zagrijasmo zagrijaste zagrijavši zagrijaće zagrijaćemo zagrijaćete zagrijaćeš zagrijaću zagrijaše zagrijete zagrijmo
cepati	cepah cepahu cepajmo cepajte cepajući cepasmo cepaste cepate cepaće cepaćemo cepaćete cepaćeš cepaću cepaše
bakar	bakre bakru
krstarica	krstaricama krstarico krstaricom
namjestiti	namjestih namjestismo namjestiste namjestivši namjestiće namjestićemo namjestićete namjestićeš namjestiću namjestiše
redosled	redoslede
masturbirati	masturbirah masturbirahu masturbiraj masturbirajmo masturbirajte masturbirajući masturbiramo masturbirasmo masturbiraste masturbiravši masturbiraće masturbiraćemo masturbiraćete masturbiraćeš masturbiraću masturbiraše
hir	hirom
zloupotreba	zloupotrebo
spavaćica	spavaćicama spavaćico spavaćicom
knjigovođa	knjigovođama knjigovođo
plućni	plućnih plućnim plućnima plućnoga plućnoj plućnome plućnomu
isporučivati	isporučivah isporučivahu isporučivanje isporučivasmo isporučivaste isporučivaće isporučivaćemo isporučivaćete isporučivaćeš isporučivaću isporučivaše isporučuj isporučujmo isporučujte isporučujući
zastrašiti	zastraših zastrašimo zastrašismo zastrašiste zastrašivši zastrašiće zastrašićemo zastrašićete zastrašićeš zastrašiću zastrašiše
napomenuti	napomenemo napomenete napomeneš napomenimo napomenite napomenuh napomenusmo napomenuste napomenuvši napomenuće napomenućemo napomenućete napomenućeš napomenuću napomenuše
zapovedati	zapovedah zapovedahu zapovedajmo zapovedajte zapovedajući zapovedamo zapovedanje zapovedasmo zapovedaste zapovedaće zapovedaćemo zapovedaćete zapovedaćeš zapovedaću zapovedaše
kreda	kredama kredi
proljeće	prolietje proljećem proljećima proljeću
dodavanje	dodavanjima
sarkazam	sarkazama sarkazme sarkazmi sarkazmima sarkazmu
slepac	slepaca slepcima
zrnce	zrncem zrncu
žulj	žulje žuljem žulju
porađati	porađah porađahu porađaj porađajmo porađajte porađajući porađamo porađasmo porađaste porađate porađaće porađaćemo porađaćete porađaćeš porađaću porađaše
dželat	dželate dželatima
tolerancija	tolerancijama tolerancijo tolerancijom
prigoda	prigodo
zaručnica	zaručnicama zaručnico
podnožje	podnožjem podnožjima
bujan	bujni bujnija bujnije bujnijeg bujnijega bujnijem bujnijemu bujniji bujnijih bujnijim bujnijima bujnijoj bujnijom bujniju bujnima bujno bujnog bujnoga bujnoj bujnome bujnomu najbujnija najbujnije najbujnijeg najbujnijega najbujnijem najbujnijemu najbujniji najbujnijih najbujnijim najbujnijima najbujnijoj najbujnijom najbujniju
istrebiti	istrebih istrebismo istrebiste istrebivši istrebiće istrebićemo istrebićete istrebićeš istrebiću istrebiš istrebiše
suspenzija	suspenzijama suspenzijo
jamčiti	jamčah jamčahu jamčasmo jamčaste jamčaše jamčenje jamčeći jamčimo jamčite jamčiće jamčićemo jamčićete jamčićeš jamčiću jamčiš
meditacija	meditacijama meditacijo
pojedini	pojedinima pojedino pojedinoga pojedinoj pojedinom pojedinome pojedinomu pojedinu
valuta	valuto
uzdržati	uzdrža uzdržah uzdržasmo uzdržaste uzdržavši uzdržaće uzdržaćemo uzdržaćete uzdržaćeš uzdržaću uzdržaše
fiksan	fiksnih fiksnima fiksnoga fiksnoj fiksnome fiksnomu
useljavati	useljavah useljavahu useljavaj useljavajmo useljavajte useljavajući useljavasmo useljavaste useljavaće useljavaćemo useljavaćete useljavaćeš useljavaću useljavaše
grah	grahova grahove grahovi grahovima grahu graše
udobnost	udobnostima udobnošću
rudarski	rudarskima rudarskoga rudarskome rudarskomu
barikada	barikadi barikado barikadom
brijač	brijači brijačima brijaču
muha	muhama muhi muho muhom
konstantan	konstantnima konstantnoga konstantnome konstantnomu
peraja	peraji perajo perajom
motka	motaka motko
razmer	razmerima razmerom
izbijati	izbijah izbijahu izbijaj izbijajmo izbijajte izbijajući izbijam izbijamo izbijasmo izbijaste izbijate izbijaće izbijaćemo izbijaćete izbijaćeš izbijaću izbijaš izbijaše
belkinja	belkinji belkinjo
razarač	razaračem
nastran	najnastranija najnastranije najnastranijeg najnastranijega najnastranijem najnastranijemu najnastraniji najnastranijih najnastranijim najnastranijima najnastranijoj najnastranijom najnastraniju nastranija nastranije nastranijeg nastranijega nastranijem nastranijemu nastraniji nastranijih nastranijim nastranijima nastranijoj nastranijom nastraniju nastranima nastrano nastranoga nastranoj nastranom nastranome nastranomu
lebdjeti	lebdjeće lebdjećemo lebdjećete lebdjećeš lebdjeću lebđah lebđahu lebđasmo lebđaste lebđaše
kockarnica	kockarnicom
odjuriti	odjure odjurih odjurimo odjurismo odjuriste odjurite odjurivši odjuriće odjurićemo odjurićete odjurićeš odjuriću odjuriše
otmjen	najotmjenija najotmjenije najotmjenijeg najotmjenijega najotmjenijem najotmjenijemu najotmjeniji najotmjenijih najotmjenijim najotmjenijima najotmjenijoj najotmjenijom najotmjeniju otmjenih otmjenija otmjenije otmjenijeg otmjenijega otmjenijem otmjenijemu otmjeniji otmjenijih otmjenijim otmjenijima otmjenijoj otmjenijom otmjeniju otmjenima otmjenog otmjenoga otmjenoj otmjenome otmjenomu
veslo	veslu
odsjeći	odsijecati odsijecimo odsijecite odsijeku odsiječe odsiječem odsiječemo odsiječete odsiječeš odsjekavši odsjekoh odsjekosmo odsjekoste odsjekoše
zapaziti	zapaze zapazih zapazim zapazimo zapazismo zapaziste zapazivši zapaziće zapazićemo zapazićete zapazićeš zapaziću zapaziš zapaziše
listopad	listopade listopadi listopadima listopadom
majmunski	majmunskima majmunskoga majmunskoj majmunskome majmunskomu
štimati	štimah štimahu štimaj štimajmo štimajte štimaju štimajući štimam štimamo štimanje štimasmo štimaste štimate štimaće štimaćemo štimaćete štimaćeš štimaću štimaš štimaše
karika	karici karikama kariko karikom
bedro	bedrom
milosrdan	milosrdnija milosrdnije milosrdnijeg milosrdnijega milosrdnijem milosrdnijemu milosrdniji milosrdnijih milosrdnijim milosrdnijima milosrdnijoj milosrdnijom milosrdniju milosrdnima milosrdnoga milosrdnoj milosrdnom milosrdnome milosrdnomu najmilosrdnija najmilosrdnije najmilosrdnijeg najmilosrdnijega najmilosrdnijem najmilosrdnijemu najmilosrdniji najmilosrdnijih najmilosrdnijim najmilosrdnijima najmilosrdnijoj najmilosrdnijom najmilosrdniju
zaželjeti	zaželje zaželjeh zaželjesmo zaželjeste zaželjevši zaželjeće zaželjećemo zaželjećete zaželjećeš zaželjeću zaželješe
svinjac	svinjaca svinjce svinjcem svinjci svinjcima
skaut	skautom skautu
tumarati	tumarah tumarahu tumaraj tumarajmo tumarajte tumarasmo tumaraste tumaraće tumaraćemo tumaraćete tumaraćeš tumaraću tumaraše
ikona	ikonama ikoni ikono
poslijepodne	poslijepodnevima poslijepodnevom poslijepodnevu
smak	smakom smakova smakove smakovi smakovima smače
meduza	meduzama meduzi meduzo meduzom
uvodni	uvodnih uvodnima uvodnoga uvodnome uvodnomu
fitilj	fitilji fitiljima fitilju
sjeme	sjemenima sjemenu
alatka	alataka alatko
harmonika	harmonikama harmoniko
kvadrant	kvadranata kvadrante kvadranti kvadrantima kvadrantom
spontan	najspontanija najspontanije najspontanijeg najspontanijega najspontanijem najspontanijemu najspontaniji najspontanijih najspontanijim najspontanijima najspontanijoj najspontanijom najspontaniju spontanija spontanije spontanijeg spontanijega spontanijem spontanijemu spontaniji spontanijih spontanijim spontanijima spontanijoj spontanijom spontaniju spontanim spontanima spontanoga spontanoj spontanome spontanomu
čorba	čorbama čorbo čorbom
oponašati	oponašah oponašahu oponašajmo oponašajte oponašamo oponašasmo oponašaste oponašate oponašaće oponašaćemo oponašaćete oponašaćeš oponašaću oponašaše
kobila	kobilama
hrskav	hrskavih hrskavija hrskavije hrskavijeg hrskavijega hrskavijem hrskavijemu hrskaviji hrskavijih hrskavijim hrskavijima hrskavijoj hrskavijom hrskaviju hrskavima hrskavoga hrskavoj hrskavom hrskavome hrskavomu najhrskavija najhrskavije najhrskavijeg najhrskavijega najhrskavijem najhrskavijemu najhrskaviji najhrskavijih najhrskavijim najhrskavijima najhrskavijoj najhrskavijom najhrskaviju
uzrast	uzrasti uzrastima uzrastom
tapeta	tapeto tapetom
podvig	podvigom podviže
razbacati	razbacah razbacajmo razbacajte razbacaju razbacam razbacamo razbacasmo razbacaste razbacate razbacavši razbacaće razbacaćemo razbacaćete razbacaćeš razbacaću razbacaš razbacaše
ravnatelj	ravnatelje ravnatelji ravnateljima
barka	barkama barko
prijenos	prijenose prijenosi prijenosima
bodljikav	bodljikavih bodljikavija bodljikavije bodljikavijeg bodljikavijega bodljikavijem bodljikavijemu bodljikaviji bodljikavijih bodljikavijim bodljikavijima bodljikavijoj bodljikavijom bodljikaviju bodljikavim bodljikavima bodljikavoga bodljikavome bodljikavomu najbodljikavija najbodljikavije najbodljikavijeg najbodljikavijega najbodljikavijem najbodljikavijemu najbodljikaviji najbodljikavijih najbodljikavijim najbodljikavijima najbodljikavijoj najbodljikavijom najbodljikaviju
koračati	koračah koračahu koračajući koračasmo koračaste koračate koračaće koračaćemo koračaćete koračaćeš koračaću koračaše
trn	trnom trnova trnove trnovi trnovima
patent	patentu
blebetati	blebetah blebetahu blebetasmo blebetaste blebetaće blebetaćemo blebetaćete blebetaćeš blebetaću blebetaše blebećemo blebeći blebećimo blebećite blebećući
oslobođenje	oslobođenjem oslobođenjima
kapljica	kapljici
nećakinja	nećakinjama nećakinjo
pismen	najpismenija najpismenije najpismenijeg najpismenijega najpismenijem najpismenijemu najpismeniji najpismenijih najpismenijim najpismenijima najpismenijoj najpismenijom najpismeniju pismenih pismenija pismenije pismenijeg pismenijega pismenijem pismenijemu pismeniji pismenijih pismenijim pismenijima pismenijoj pismenijom pismeniju pismenima pismeno pismenoga pismenoj pismenome pismenomu
deveruša	deveruši deverušo deverušom
kelvin	kelvini kelvinima kelvinom
isprobavati	isprobavah isprobavahu isprobavaj isprobavajmo isprobavajte isprobavajući isprobavasmo isprobavaste isprobavate isprobavaće isprobavaćemo isprobavaćete isprobavaćeš isprobavaću isprobavaše
razmjena	razmjenama razmjeno razmjenom
usporedba	usporedaba usporedbama usporedbo usporedbom
pustolovina	pustolovino pustolovinom
rotacija	rotacijama rotacijo
tampon	tamponom tamponu
mulj	muljeva muljeve muljevi muljevima
središnji	središnjega središnjemu središnjih središnjima središnjom
ljudskost	ljudskošću
gležanj	gležnjem
popunjavati	popunjavah popunjavahu popunjavaj popunjavajmo popunjavajte popunjavajući popunjavasmo popunjavaste popunjavaće popunjavaćemo popunjavaćete popunjavaćeš popunjavaću popunjavaše
pobožan	najpobožnija najpobožnije najpobožnijeg najpobožnijega najpobožnijem najpobožnijemu najpobožniji najpobožnijih najpobožnijim najpobožnijima najpobožnijoj najpobožnijom najpobožniju pobožnija pobožnije pobožnijeg pobožnijega pobožnijem pobožnijemu pobožniji pobožnijih pobožnijim pobožnijima pobožnijoj pobožnijom pobožniju pobožnima pobožnoga pobožnoj pobožnom pobožnome pobožnomu
nesvestan	nesvesnih nesvesnima nesvesnoga nesvesnoj nesvesnome nesvesnomu nesvesnu
golubica	golubicama golubicom
miraz	miraze mirazi mirazima
gluh	gluhih gluhim gluhima gluhog gluhoga gluhoj gluhom gluhome gluhomu gluhu gluša gluše glušeg glušega glušem glušemu gluši gluših glušim glušima glušoj glušom glušu najgluša najgluše najglušeg najglušega najglušem najglušemu najgluši najgluših najglušim najglušima najglušoj najglušom najglušu
procuriti	procurih procurim procurimo procurismo procuriste procurite procurivši procuriće procurićemo procurićete procurićeš procuriću procuriš procuriše
reptil	reptilom
dragocjen	dragocjenija dragocjenije dragocjenijeg dragocjenijega dragocjenijem dragocjenijemu dragocjeniji dragocjenijih dragocjenijim dragocjenijima dragocjenijoj dragocjenijom dragocjeniju dragocjenima dragocjenoga dragocjenoj dragocjenom dragocjenome dragocjenomu najdragocjenija najdragocjenijeg najdragocjenijega najdragocjenijem najdragocjenijemu najdragocjeniji najdragocjenijih najdragocjenijim najdragocjenijima najdragocjenijoj najdragocjenijom najdragocjeniju
doprijeti	dopri doprije doprijeh doprijesmo doprijeste doprijevši doprijeće doprijećemo doprijećete doprijećeš doprijeću dopriješe doprimo doprite doprvši
ovlast	ovlašću
madrac	madracem madrače
sekvenca	sekvenco sekvencom
podmazati	podmaza podmazah podmazasmo podmazaste podmazavši podmazaće podmazaćemo podmazaćete podmazaćeš podmazaću podmazaše podmazivati podmažete podmažimo podmažite podmažu
analitičar	analitičarima analitičarom analitičaru
komunizam	komunizama komunizme komunizmi komunizmima
pešak	pešacima pešakom pešaku
ubrati	uberete uberimo uberite ubra ubrah ubrasmo ubraste ubravši ubraće ubraćemo ubraćete ubraćeš ubraću ubraše
teoretičar	teoretičarom teoretičaru
savijati	savijah savijahu savijajmo savijajte savijajući savijamo savijasmo savijaste savijate savijaće savijaćemo savijaćete savijaćeš savijaću savijaše
sablja	sabalja sabljetina sabljo
šaren	najšarenija najšarenije najšarenijeg najšarenijega najšarenijem najšarenijemu najšareniji najšarenijih najšarenijim najšarenijima najšarenijoj najšarenijom najšareniju šarenija šarenije šarenijeg šarenijega šarenijem šarenijemu šareniji šarenijih šarenijim šarenijima šarenijoj šarenijom šareniju šarenima šarenoga šarenoj šarenom šarenome šarenomu
muškost	muškostima
mlin	mline mlinom mlinova mlinove mlinovima
malina	malino
raspoloživ	raspoloživima raspoloživoga raspoloživoj raspoloživom raspoloživome raspoloživomu
avijacija	avijacijo avijacijom
lala	lalom
gulaš	gulaše gulaši gulašima gulašom
obnova	obnovama obnovo
tajmer	tajmere tajmeri tajmerima
srpanj	srpanja srpanjski srpnje srpnjem srpnji srpnjima
vegetarijanac	vegetarijanaca vegetarijanca vegetarijancem vegetarijancima vegetarijancu vegetarijanče
kvota	kvoti kvoto kvotom
isprava	ispravo ispravom
predah	predahe predahi predahima predahom predahu
jednakost	jednakostima jednakošću
vesta	vestama
graditelj	graditeljem
odšteta	odštetama odšteti odšteto odštetom
psihotičan	psihotičnima psihotičnoga psihotičnoj psihotičnom psihotičnome psihotičnomu
vjerojatan	najvjerojatnija najvjerojatnijeg najvjerojatnijega najvjerojatnijem najvjerojatnijemu najvjerojatniji najvjerojatnijih najvjerojatnijim najvjerojatnijima najvjerojatnijoj najvjerojatnijom najvjerojatniju vjerojatne vjerojatnih vjerojatnija vjerojatnijeg vjerojatnijega vjerojatnijem vjerojatnijemu vjerojatniji vjerojatnijih vjerojatnijim vjerojatnijima vjerojatnijoj vjerojatnijom vjerojatniju vjerojatnim vjerojatnima vjerojatnog vjerojatnoga vjerojatnoj vjerojatnom vjerojatnome vjerojatnomu vjerojatnu
istaknut	istaknutija istaknutije istaknutijeg istaknutijega istaknutijem istaknutijemu istaknutiji istaknutijih istaknutijim istaknutijima istaknutijoj istaknutijom istaknutiju istaknutima istaknutoga istaknutoj istaknutome istaknutomu najistaknutija najistaknutije najistaknutijeg najistaknutijega najistaknutijem najistaknutijemu najistaknutijim najistaknutijima najistaknutijoj najistaknutijom najistaknutiju
homić	homićem
zvon	zvonova zvonove zvonovi zvonovima
uzrujavati	uzrujavah uzrujavahu uzrujavajmo uzrujavajući uzrujavamo uzrujavanje uzrujavasmo uzrujavaste uzrujavaće uzrujavaćemo uzrujavaćete uzrujavaćeš uzrujavaću uzrujavaše
beležiti	beležah beležahu beležasmo beležaste beležaše beleženje beležeći beležiće beležićemo beležićete beležićeš beležiću
obuća	obućo
nastanak	nastanaka nastanci nastancima nastanke nastankom nastanče
pokus	pokusom
svibanj	svibanja svibanjski svibnje svibnjem svibnji svibnjima
potrošnja	potrošnjama potrošnjo
vječnost	viečnost vječnostima vječnošću
pravosuđe	pravosuđem
kasapin	kasapa kasapima kasapinom
sanjar	sanjarem sanjarima
slutiti	sluti slutimo slutiće slutićemo slutićete slutićeš slutiću slućah slućahu slućasmo slućaste slućaše slućenje
načuti	naču načuj načuje načujem načujemo načujete načuješ načujmo načujte načuju načusmo načuste načuvši načuće načućemo načućete načućeš načuću načuše
pusa	pusama puso pusom
izmišljotina	izmišljotini izmišljotino izmišljotinom
sorta	sortama sorto sortom
protestant	protestantom protestantu
blažiti	blažah blažahu blažasmo blažaste blažaše blaženje blažeći blažim blažimo blažite blažiće blažićemo blažićete blažićeš blažiću blažiš
višnja	višnji višnjo
grančica	grančici
pojuriti	pojurih pojurismo pojuriste pojurivši pojuriće pojurićemo pojurićete pojurićeš pojuriću pojuriše
poravnati	poravnah poravnajmo poravnasmo poravnaste poravnavati poravnavši poravnaće poravnaćemo poravnaćete poravnaćeš poravnaću poravnaše
pregrada	pregrado pregradom
zatočiti	zatoče zatoči zatočih zatočim zatočimo zatočismo zatočiste zatočite zatočivši zatočiće zatočićemo zatočićete zatočićeš zatočiću zatočiš zatočiše
pijavica	pijavici pijavico pijavicom
prognati	progna prognah prognaj prognajmo prognajte prognaju prognam prognamo prognasmo prognaste prognate prognavši prognaće prognaćemo prognaćete prognaćeš prognaću prognaš prognaše
stiskati	stiskah stiskahu stiskajmo stiskajte stiskajući stiskamo stiskasmo stiskaste stiskate stiskaće stiskaćemo stiskaćete stiskaćeš stiskaću stiskaše stišćemo stišćete stišćimo stišćite stišćući
venac	vencu venče
naivčina	naivčinama naivčini naivčinom
obrnut	obrnutih obrnutima obrnutoga obrnutome obrnutomu
kopneni	kopnenima kopneno kopnenoga kopnenome kopnenomu
zategnuti	zategli zategnete zategnimo zategnu zategnuh zategnula zategnule zategnuli zategnulo zategnuo zategnusmo zategnuste zategnuvši zategnuće zategnućemo zategnućete zategnućeš zategnuću zategnuše zategoh zategosmo zategoste zategoše
puzati	puza puzah puzahu puzaju puzam puzamo puzasmo puzaste puzate puzaće puzaćemo puzaćete puzaćeš puzaću puzaš puzaše pužemo pužete pužeš pužimo pužite pužući
oporuka	oporukama oporuki oporuko
međusoban	međusobnima međusobnoga međusobnome međusobnomu
soja	soji sojo
mikroskop	mikroskope mikroskopi mikroskopima mikroskopu
moljac	moljcem moljcu moljče
neprijateljstvo	neprijateljstvima
dizalica	dizalicama dizalico
svetiljka	svetiljaka svetiljci svetiljko
orati	orahu orala orale oralo orana orane orani orano orasmo oraste oravši oraće oraćemo oraćete oraćeš oraću oraše oremo orete orimo orite orući
ogranak	ogranci ogranče
senzacija	senzacijama senzaciji senzacijo
sabotaža	sabotažama sabotažo sabotažom
zavjera	zavjerama zavjero zavjerom
erotski	erotskima erotskoga erotskoj erotskome erotskomu
formalan	formalnija formalnije formalnijeg formalnijega formalnijem formalnijemu formalniji formalnijih formalnijim formalnijima formalnijoj formalnijom formalniju formalnima formalnoga formalnoj formalnome formalnomu najformalnija najformalnije najformalnijeg najformalnijega najformalnijem najformalnijemu najformalniji najformalnijih najformalnijim najformalnijima najformalnijoj najformalnijom najformalniju
slušalac	slušaocem slušaocu
podmukao	najpodmuklija najpodmuklije najpodmuklijeg najpodmuklijega najpodmuklijem najpodmuklijemu najpodmukliji najpodmuklijih najpodmuklijim najpodmuklijima najpodmuklijoj najpodmuklijom najpodmukliju podmuklija podmuklije podmuklijeg podmuklijega podmuklijem podmuklijemu podmukliji podmuklijih podmuklijim podmuklijima podmuklijoj podmuklijom podmukliju podmuklima podmuklo podmukloga podmukloj podmuklom podmuklome podmuklomu podmuklu
gostionica	gostionicama gostionico gostionicom
cement	cemente
škripac	škripaca škripce škripcem škripci škripcima škripče
zebra	zebrama zebro zebrom
elektron	elektronom elektronu
olujni	olujnima olujnoga olujnoj olujnome olujnomu
funkcionalan	funkcionalnih funkcionalnija funkcionalnije funkcionalnijeg funkcionalnijega funkcionalnijem funkcionalnijemu funkcionalniji funkcionalnijih funkcionalnijim funkcionalnijima funkcionalnijoj funkcionalnijom funkcionalniju funkcionalnima funkcionalnoga funkcionalnoj funkcionalnome funkcionalnomu najfunkcionalnija najfunkcionalnije najfunkcionalnijeg najfunkcionalnijega najfunkcionalnijem najfunkcionalnijemu najfunkcionalniji najfunkcionalnijih najfunkcionalnijim najfunkcionalnijima najfunkcionalnijoj najfunkcionalnijom najfunkcionalniju
vjeran	najvjernija najvjernije najvjernijeg najvjernijega najvjernijem najvjernijemu najvjerniji najvjernijih najvjernijim najvjernijima najvjernijoj najvjernijom najvjerniju vjernih vjernija vjernije vjernijeg vjernijega vjernijem vjernijemu vjerniji vjernijih vjernijim vjernijima vjernijoj vjernijom vjerniju vjernim vjernima vjernoga vjernoj vjernom vjernome vjernomu vjernu
izrazit	izrazia izrazie izrazii izraziih izraziim izraziima izraziog izrazioga izrazioj izraziom izraziome izraziomu izrazitija izrazitije izrazitijeg izrazitijega izrazitijem izrazitijemu izrazitiji izrazitijih izrazitijim izrazitijima izrazitijoj izrazitijom izrazitiju izraziu najizrazitija najizrazitije najizrazitijeg najizrazitijega najizrazitijem najizrazitijemu najizrazitiji najizrazitijih najizrazitijim najizrazitijima najizrazitijoj najizrazitijom najizrazitiju
hektar	hektare hektari hektarima hektarom
tast	tastova tastove tastovi tastovima
postrojba	postrojbo postrojbom
odvažan	najodvažnija najodvažnije najodvažnijeg najodvažnijega najodvažnijem najodvažnijemu najodvažniji najodvažnijih najodvažnijim najodvažnijima najodvažnijoj najodvažnijom najodvažniju odvažnih odvažnija odvažnije odvažnijeg odvažnijega odvažnijem odvažnijemu odvažniji odvažnijih odvažnijim odvažnijima odvažnijoj odvažnijom odvažniju odvažnima odvažnoga odvažnoj odvažnom odvažnome odvažnomu odvažnu
laguna	lagunama laguno lagunom
temeljit	najtemeljitija najtemeljitije najtemeljitijeg najtemeljitijega najtemeljitijem najtemeljitijemu najtemeljitiji najtemeljitijih najtemeljitijim najtemeljitijima najtemeljitijoj najtemeljitijom najtemeljitiju temeljitih temeljitija temeljitije temeljitijeg temeljitijega temeljitijem temeljitijemu temeljitiji temeljitijih temeljitijim temeljitijima temeljitijoj temeljitijom temeljitiju temeljitim temeljitima temeljito temeljitog temeljitoga temeljitoj temeljitom temeljitome temeljitomu
banuti	banemo banete banimo banite banuh banusmo banuste banuvši banuće banućemo banućete banućeš banuću banuše
usisavati	usisavah usisavahu usisavaj usisavajmo usisavajte usisavajući usisavamo usisavasmo usisavaste usisavate usisavaće usisavaćemo usisavaćete usisavaćeš usisavaću usisavaše
kremirati	kremirah kremirahu kremiraj kremirajmo kremirajte kremirajući kremiram kremirasmo kremiraste kremirate kremiravši kremiraće kremiraćemo kremiraćete kremiraćeš kremiraću kremiraš kremiraše
prilazak	prilasci prilascima prilaske prilaskom prilasku prilazaka prilašče
žig	žigova žigovi žigovima žigu žiže
zenica	zenicama zenici zenico zenicom zeničak zenička
balans	balanse balansi balansima balansom
biskvit	biskvitom biskvitu
dominacija	dominacijama dominacijo
osmatrati	osmatrah osmatrahu osmatrajmo osmatrajući osmatrasmo osmatraste osmatrate osmatraće osmatraćemo osmatraćete osmatraćeš osmatraću osmatraše
sprati	sperete sperimo sperite spra sprah sprale sprali spralo spran sprana sprane sprani sprano sprasmo spraste spravši spraće spraćemo spraćete spraćeš spraću spraše
menstruacija	menstruacijama menstruaciji menstruacijo menstruacijom
muževan	muževnih muževnija muževnijeg muževnijega muževnijem muževnijemu muževnijih muževnijim muževnijima muževnijoj muževnijom muževniju muževnima muževnoga muževnoj muževnom muževnome muževnomu muževnu najmuževnija najmuževnije najmuževnijeg najmuževnijega najmuževnijem najmuževnijemu najmuževniji najmuževnijih najmuževnijim najmuževnijima najmuževnijoj najmuževnijom najmuževniju
plišani	plišanima plišano plišanoga plišanoj plišanome plišanomu
kepec	kepecima kepeče
revolucionar	revolucionarom revolucionaru
gnijezdo	gnijezdima gnijezdom
krunisati	krunisa krunisah krunisahu krunisasmo krunisaste krunisavši krunisaće krunisaćemo krunisaćete krunisaćeš krunisaću krunisaše krunišemo krunišete krunišeš kruniši krunišimo krunišite krunišući
sažaliti	sažale sažalih sažalimo sažalismo sažaliste sažalivši sažaliće sažalićemo sažalićete sažalićeš sažaliću sažališe
zavjesa	zavjesi zavjeso zavjesom
starenje	starenjima
plovidba	plovidbama plovidbo plovidbom
podvrgnuti	podvrgavši podvrgneš podvrgni podvrgnimo podvrgnite podvrgnuće podvrgnućemo podvrgnućete podvrgnućeš podvrgnuću podvrgoh podvrgosmo podvrgoste podvrgoše podvrže
kurvica	kurvici
uverljiv	najuverljivija najuverljivije najuverljivijeg najuverljivijega najuverljivijem najuverljivijemu najuverljiviji najuverljivijih najuverljivijim najuverljivijima najuverljivijoj najuverljivijom najuverljiviju uverljivih uverljivijeg uverljivijega uverljivijem uverljivijemu uverljivijih uverljivijim uverljivijima uverljivijoj uverljivijom uverljiviju uverljivima uverljivog uverljivoga uverljivoj uverljivom uverljivome uverljivomu uverljivu
naseliti	naselih naselim naselismo naseliste naselite naselivši naseliće naselićemo naselićete naselićeš naseliću naseliš naseliše
povremen	povremenima povremenoga povremenoj povremenome povremenomu
jevanđelje	jevanđeljem
bolovanje	bolovanjem bolovanjima
atrakcija	atrakcijama atrakciji atrakcijo atrakcijom
invalidski	invalidske invalidskima invalidsko invalidskog invalidskoga invalidskoj invalidskom invalidskome invalidskomu
zalupiti	zalupih zalupimo zalupismo zalupiste zalupite zalupivši zalupiće zalupićemo zalupićete zalupićeš zalupiću zalupiše
tučnjava	tučnjavama tučnjavo tučnjavom
neuspjeh	neuspjesi neuspjesima neuspješe
pešadija	pešadijo
devetka	deveci devetaka devetci devetkama devetko
zapovijedati	zapovijedah zapovijedahu zapovijedaj zapovijedajmo zapovijedajte zapovijedaju zapovijedajući zapovijedamo zapovijedasmo zapovijedaste zapovijedaće zapovijedaćemo zapovijedaćete zapovijedaćeš zapovijedaću zapovijedaše
breme	bremenima bremenom brime brjeme
tesan	najtešnja najtešnje najtešnjeg najtešnjega najtešnjem najtešnjemu najtešnji najtešnjih najtešnjim najtešnjima najtešnjoj najtešnjom najtešnju tesnih tesnima tesnog tesnoga tesnome tesnomu tešnja tešnje tešnjeg tešnjega tešnjem tešnjemu tešnji tešnjih tešnjim tešnjima tešnjoj tešnjom tešnju
rastava	rastavama rastavo rastavom
kozak	kozakom kozaku
kaubojski	kaubojskima kaubojskoga kaubojskoj kaubojskome kaubojskomu
sarkastičan	najsarkastičnija najsarkastičnije najsarkastičnijeg najsarkastičnijega najsarkastičnijem najsarkastičnijemu najsarkastičniji najsarkastičnijih najsarkastičnijim najsarkastičnijima najsarkastičnijoj najsarkastičnijom najsarkastičniju sarkastičnih sarkastičnija sarkastičnije sarkastičnijeg sarkastičnijega sarkastičnijem sarkastičnijemu sarkastičniji sarkastičnijih sarkastičnijim sarkastičnijima sarkastičnijoj sarkastičnijom sarkastičniju sarkastičnim sarkastičnima sarkastičnog sarkastičnoga sarkastičnoj sarkastičnom sarkastičnome sarkastičnomu sarkastičnu
ismejavati	ismejavah ismejavahu ismejavajmo ismejavajte ismejavajući ismejavamo ismejavasmo ismejavaste ismejavaće ismejavaćemo ismejavaćete ismejavaćeš ismejavaću ismejavaše
nekažnjen	nekažnjene nekažnjenih nekažnjenim nekažnjenima nekažnjenog nekažnjenoga nekažnjenoj nekažnjenom nekažnjenome nekažnjenomu nekažnjenu
konzul	konzuli konzulima
plahta	plahto
mećava	mećavama mećavom
zadovoljavajući	zadovoljavajućega zadovoljavajućem zadovoljavajućemu zadovoljavajućih zadovoljavajućim zadovoljavajućima zadovoljavajućoj zadovoljavajućom zadovoljavajuću
forsirati	forsirah forsirahu forsirajmo forsirajte forsirajući forsirasmo forsiraste forsirate forsiraće forsiraćemo forsiraćete forsiraćeš forsiraću forsiraše
paprikaš	paprikaše paprikaši paprikašima paprikašom
usaditi	usadih usadismo usadiste usadite usadivši usadiće usadićemo usadićete usadićeš usadiću usadiš usadiše
najesti	najedati najeden najedete najedimo najedoh najedosmo najedoste najedoše najelo najevši naješće naješćemo naješćete naješćeš naješću
poljoprivreda	poljoprivredama poljoprivredo
predvidljiv	najpredvidljivija najpredvidljivije najpredvidljivijeg najpredvidljivijega najpredvidljivijem najpredvidljivijemu najpredvidljiviji najpredvidljivijih najpredvidljivijim najpredvidljivijima najpredvidljivijoj najpredvidljivijom najpredvidljiviju predvidljivih predvidljivija predvidljivije predvidljivijeg predvidljivijega predvidljivijem predvidljivijemu predvidljiviji predvidljivijih predvidljivijim predvidljivijima predvidljivijoj predvidljivijom predvidljiviju predvidljivim predvidljivima predvidljivog predvidljivoga predvidljivoj predvidljivom predvidljivome predvidljivomu predvidljivu
teg	tegom
sestrić	sestriće sestrićima
ništarija	ništarijama ništariji ništarijom
ljiljan	ljiljanom ljiljanu
oteći	oteci otecimo otecite otecnite otekavši oteknem oteknemo oteknete otekneš otekni oteknimo oteknite oteknuh oteknusmo oteknuste oteknuti oteknuvši oteknuše otekoh otekosmo otekoste otekoše oteku oteče otečem otečemo otečete otečeš
okrečiti	krečiti okrečih okrečismo okrečiste okrečivši okrečiće okrečićemo okrečićete okrečićeš okrečiću okrečiše
sonar	sonari sonarima
tiranija	tiranijama tiranijo
rasprodati	rasprodah rasprodaj rasprodajmo rasprodajte rasprodam rasprodamo rasprodasmo rasprodaste rasprodavši rasprodaće rasprodaćemo rasprodaćete rasprodaćeš rasprodaću rasprodaš rasprodaše
perec	perecem perecima
domorodac	domorocem domorocu domoroče
uzda	uzdo uzdom uzdu
banket	banketi banketima banketom
naježiti	naježe naježih naježimo naježismo naježiste naježite naježivši naježiće naježićemo naježićete naježićeš naježiću naježiše
goblin	goblinom goblinu
bedak	bedaci bedacima bedake bedakom bedače
konjanik	konjanicima konjanikom konjaniku konjaniče
procijeniti	procijene procijenih procijenismo procijeniste procijenite procijenivši procijeniće procijenićemo procijenićete procijenićeš procijeniću procijeniš procijeniše
propatiti	propate propatih propatim propatimo propatismo propatiste propatite propativši propatiće propatićemo propatićete propatićeš propatiću propatiš propatiše
vijećnik	vijećnicima vijećnike vijećnikom
propust	propustima propustom propustu
miroljubiv	miroljubivija miroljubivije miroljubivijeg miroljubivijega miroljubivijem miroljubivijemu miroljubiviji miroljubivijih miroljubivijim miroljubivijima miroljubivijoj miroljubivijom miroljubiviju miroljubivim miroljubivima miroljubivog miroljubivoga miroljubivoj miroljubivom miroljubivome miroljubivomu miroljubivu najmiroljubivija najmiroljubivije najmiroljubivijeg najmiroljubivijega najmiroljubivijem najmiroljubivijemu najmiroljubiviji najmiroljubivijih najmiroljubivijim najmiroljubivijima najmiroljubivijoj najmiroljubivijom najmiroljubiviju
šupljina	šupljino šupljinom
uvredljiv	najuvredljivija najuvredljivije najuvredljivijeg najuvredljivijega najuvredljivijem najuvredljivijemu najuvredljiviji najuvredljivijih najuvredljivijim najuvredljivijima najuvredljivijoj najuvredljivijom najuvredljiviju uvredljivija uvredljivije uvredljivijeg uvredljivijega uvredljivijem uvredljivijemu uvredljiviji uvredljivijih uvredljivijim uvredljivijima uvredljivijoj uvredljivijom uvredljiviju uvredljivima uvredljivog uvredljivoga uvredljivoj uvredljivome uvredljivomu
legitiman	legitimnih legitimnija legitimnije legitimnijeg legitimnijega legitimnijem legitimnijemu legitimniji legitimnijih legitimnijim legitimnijima legitimnijoj legitimnijom legitimniju legitimnima legitimno legitimnoga legitimnoj legitimnome legitimnomu najlegitimnija najlegitimnije najlegitimnijeg najlegitimnijega najlegitimnijem najlegitimnijemu najlegitimniji najlegitimnijih najlegitimnijim najlegitimnijima najlegitimnijoj najlegitimnijom najlegitimniju
sklop	sklopom sklopovima
smeštati	smeštah smeštahu smeštajmo smeštajte smeštajući smeštasmo smeštaste smeštaće smeštaćemo smeštaćete smeštaćeš smeštaću smeštaše
obračunati	obračunah obračunaj obračunajmo obračunajte obračunasmo obračunaste obračunate obračunavši obračunaće obračunaćete obračunaćeš obračunaše
pustoš	pustošima pustošju
prdnuti	prdnemo prdnete prdnimo prdnite prdnu prdnuh prdnusmo prdnuste prdnuvši prdnuće prdnućemo prdnućete prdnućeš prdnuću prdnuše
tesla	teslama teslo teslom
suša	sušama sušo
dimiti	dimeći dimim dimimo dimite dimiće dimićemo dimićete dimićeš dimiću dimljah dimljahu dimljasmo dimljaste dimljaše dimljenje
drum	drume drumova drumove
golotinja	golotinjo
prevrtati	prevrtah prevrtahu prevrtasmo prevrtaste prevrtaće prevrtaćemo prevrtaćete prevrtaćeš prevrtaću prevrtaše prevrćemo prevrćete prevrćimo prevrćite prevrćući
manipulacija	manipulacijo
obaveštajac	obaveštajcem obaveštajcu obaveštajče
nosilac	nosilaca nosiocem nosiocima nosioče
paran	parnima parnoga parnoj parnome parnomu
kalup	kalupima kalupom
vepar	vepara vepre vepri veprima veprom veprovima
raspolagati	raspolagah raspolagahu raspolagasmo raspolagaste raspolagaće raspolagaćemo raspolagaćete raspolagaćeš raspolagaću raspolagaše raspolaži raspolažimo raspolažite raspolažući
čmar	čmare čmarom čmarova čmarove čmarovima
preteran	preteranih preteranima preteranoga preteranoj preteranome preteranomu
rastvor	rastvorima
procep	procepi procepima procepom
svota	svotama svoto svotom
nespreman	nespremnih nespremnim nespremnima nespremno nespremnoga nespremnoj nespremnom nespremnome nespremnomu
lipanj	lip lipanja lipanjski lipnje lipnjem lipnji lipnjima
preoteti	preote preoteh preotesmo preoteste preotevši preoteće preotećemo preotećete preotećeš preoteću preoteše preotmemo preotmete preotmi preotmimo preotmite
brojiti	brojah brojahu brojasmo brojaste brojaše brojenje brojiće brojićemo brojićete brojićeš brojiću
pomak	pomacima pomakom pomaku pomače
bilje	bilju
tezga	tezgama tezgo tezgom
dijabetes	dijabetese dijabetesi dijabetesima dijabetesu
nadjačati	nadjačah nadjačaj nadjačajmo nadjačajte nadjačam nadjačamo nadjačasmo nadjačaste nadjačate nadjačavši nadjačaće nadjačaćemo nadjačaćete nadjačaćeš nadjačaću nadjačaš nadjačaše
dozvati	dozovete dozovimo dozovu dozva dozvah dozvasmo dozvaste dozvavši dozvaće dozvaćemo dozvaćete dozvaćeš dozvaću dozvaše
zavisan	najzavisnija najzavisnije najzavisnijeg najzavisnijega najzavisnijem najzavisnijemu najzavisniji najzavisnijih najzavisnijim najzavisnijima najzavisnijoj najzavisnijom najzavisniju zavisnih zavisnija zavisnije zavisnijeg zavisnijega zavisnijem zavisnijemu zavisniji zavisnijih zavisnijim zavisnijima zavisnijoj zavisnijom zavisniju zavisnima zavisnog zavisnoga zavisnoj zavisnom zavisnome zavisnomu zavisnu
higijena	higijeno
izolovan	izolovna izolovne izolovni izolovnih izolovnim izolovnima izolovno izolovnog izolovnoga izolovnoj izolovnom izolovnome izolovnomu izolovnu
padina	padino padinom
pristignuti	pristigavši pristignem pristignemo pristignete pristigneš pristigni pristignimo pristignite pristignuh pristignuli pristignuo pristignusmo pristignuste pristignuvši pristignuće pristignućemo pristignućete pristignućeš pristignuću pristignuše pristigoh pristigosmo pristigoste pristigoše pristići
nesuglasica	nesuglasicama nesuglasici nesuglasico nesuglasicom
kovati	kovah kovahu kovale kovalo kovana kovane kovano kovasmo kovaste kovaće kovaćemo kovaćete kovaćeš kovaću kovaše kujmo kujte kujući
trk	trkova trkove trkovi trkovima
neznalica	neznalici neznalicom neznalicu
hrišćanstvo	hrišćanstvom
osakatiti	osakatih osakatim osakatimo osakatismo osakatiste osakatite osakativši osakatiće osakatićemo osakatićete osakatićeš osakatiću osakatiš osakatiše osakaćivati
rasizam	rasizama rasizme rasizmi rasizmima
lignja	liganja lignjo lignjom
sestrin	sestrini sestrinih sestrinima
mamuran	mamurne mamurnih mamurnija mamurnije mamurnijeg mamurnijega mamurnijem mamurnijemu mamurniji mamurnijih mamurnijim mamurnijima mamurnijoj mamurnijom mamurniju mamurnim mamurnima mamurnog mamurnoga mamurnoj mamurnom mamurnome mamurnomu mamurnu najmamurnija najmamurnije najmamurnijeg najmamurnijega najmamurnijem najmamurnijemu najmamurniji najmamurnijih najmamurnijim najmamurnijima najmamurnijoj najmamurnijom najmamurniju
blistati	blistah blistahu blistajmo blistajte blistajući blistamo blistanje blistasmo blistaste blistaće blistaćemo blistaćete blistaćeš blistaću blistaše
pogan	najpoganija najpoganije najpoganijeg najpoganijega najpoganijem najpoganijemu najpoganiji najpoganijih najpoganijim najpoganijima najpoganijoj najpoganijom najpoganiju poganija poganije poganijeg poganijega poganijem poganijemu poganiji poganijih poganijim poganijima poganijoj poganijom poganiju poganima poganoga poganoj poganom poganome poganomu
optimizam	optimizme
okupacija	okupacijama okupacijo
zavjet	zavjetom
šugav	najšugavija najšugavije najšugavijeg najšugavijega najšugavijem najšugavijemu najšugaviji najšugavijih najšugavijim najšugavijima najšugavijoj najšugavijom najšugaviju šugavija šugavije šugavijeg šugavijega šugavijem šugavijemu šugaviji šugavijih šugavijim šugavijima šugavijoj šugavijom šugaviju šugavima šugavoga šugavoj šugavome šugavomu
stanište	staništem staništima
bjegunac	bjeguncem bjeguncima bjegunče
naduti	nadimati nadme nadmem nadmemo nadmete nadmeš nadmi nadmimo nadmite nadmu naduh nadusmo naduste nadute naduvši naduće nadućemo nadućete nadućeš naduću naduše
naušnica	naušnici naušnico naušnicom
transportni	transportnima transportnoga transportnome transportnomu
odjahati	odjaha odjahah odjahasmo odjahaste odjahavši odjahaće odjahaćemo odjahaćete odjahaćeš odjahaše odjašete odjašimo odjašu
balerina	balerinama balerini balerino
špil	špile špilova špilove špilovi špilovima
svemoćan	svemoćnih svemoćnima svemoćno svemoćnoga svemoćnoj svemoćnome svemoćnomu svemoćnu
šahovski	šahovskim šahovskima šahovsko šahovskoga šahovskome šahovskomu
jegulja	jegulji jeguljo jeguljom
pepeljara	pepeljarama pepeljaro pepeljarom
detinjast	detinjastih detinjastija detinjastije detinjastijeg detinjastijega detinjastijem detinjastijemu detinjastiji detinjastijih detinjastijim detinjastijima detinjastijoj detinjastijom detinjastiju detinjastima detinjastoga detinjastoj detinjastom detinjastome detinjastomu najdetinjastija najdetinjastije najdetinjastijeg najdetinjastijega najdetinjastijem najdetinjastijemu najdetinjastiji najdetinjastijih najdetinjastijim najdetinjastijima najdetinjastijoj najdetinjastijom najdetinjastiju
podsvest	podsvestima podsvešću
blagajnik	blagajnicima blagajnikom blagajniče
razbistriti	razbistre razbistrih razbistrimo razbistrismo razbistriste razbistrite razbistrivati razbistrivši razbistriće razbistrićemo razbistrićete razbistrićeš razbistriću razbistriše
pokoj	pokojem pokojima
obdanište	obdaništem obdaništima
kragna	kragn kragnama kragno
kapak	kapkom kapku
dopirati	dopirah dopirahu dopiranje dopirasmo dopiraste dopiraće dopiraćemo dopiraćete dopiraćeš dopiraću dopiraše dopiremo dopirete dopireš dopiri dopirimo dopirite dopirući
nasamariti	nasamarih nasamarim nasamarimo nasamarismo nasamariste nasamarite nasamarivši nasamariće nasamarićemo nasamarićete nasamarićeš nasamariću nasamariše
trak	tracima trakova trakove trakovi trakovima trače
dobaciti	dobace dobacih dobacimo dobacismo dobaciste dobacivši dobaciće dobacićemo dobacićete dobacićeš dobaciću dobaciše
sašiti	saših sašij sašijemo sašijete sašiješ sašijmo sašijte sašiju sašismo sašiste sašivši sašiće sašićemo sašićete sašićeš sašiću sašiše
vata	vatama
strijelac	strijelcem strijelcima strijelcu strijelče
neveran	najnevernija najnevernije najnevernijeg najnevernijega najnevernijem najnevernijemu najneverniji najnevernijih najnevernijim najnevernijima najnevernijoj najnevernijom najneverniju nevernih nevernija nevernije nevernijeg nevernijega nevernijem nevernijemu neverniji nevernijih nevernijim nevernijima nevernijoj nevernijom neverniju nevernim nevernima neverno nevernoga nevernoj nevernom nevernome nevernomu nevernu
nestvaran	nestvarnih nestvarnim nestvarnima nestvarnog nestvarnoga nestvarnoj nestvarnom nestvarnome nestvarnomu nestvarnu
đus	đusima
lomača	lomačama lomačo lomačom
besprekoran	besprekornih besprekornima besprekorno besprekornoga besprekornoj besprekornome besprekornomu
pljesak	pljesaka pljesci pljescima plješče
australijski	australijskima australijskoga australijskome australijskomu australijsku
očekivan	najočekivanija najočekivanije najočekivanijeg najočekivanijega najočekivanijem najočekivanijemu najočekivaniji najočekivanijih najočekivanijim najočekivanijima najočekivanijoj najočekivanijom najočekivaniju očekivanija očekivanije očekivanijeg očekivanijega očekivanijem očekivanijemu očekivaniji očekivanijih očekivanijim očekivanijima očekivanijoj očekivanijom očekivaniju očekivanima očekivanoga očekivanoj očekivanome očekivanomu
profitirati	profitirah profitirahu profitiraj profitirajmo profitirajte profitirajući profitiranje profitirasmo profitiraste profitirate profitiravši profitiraće profitiraćemo profitiraćete profitiraćeš profitiraću profitiraše
navod	navodom navodu
vinograd	vinogradom
izumeti	izumeh izumem izumemo izumesmo izumeste izumete izumevši izumeće izumećemo izumećete izumećeš izumeću izumeš izumeše izumij izumijmo izumijte izumiju
govedo	govedom govedu
okno	okana oknom
iskopavati	iskopavah iskopavahu iskopavaj iskopavajmo iskopavajte iskopavajući iskopavasmo iskopavaste iskopavate iskopavaće iskopavaćemo iskopavaćete iskopavaćeš iskopavaću iskopavaše
cvrčak	cvrčcima cvrče cvrčkom
ginekolog	ginekologe ginekolozi ginekolozima ginekolože
kača	kačama kačo kačom kaču
sjekira	sjekirama sjekiretina sjekiri sjekirica sjekiro sjekirčetina
figurica	figurici figurico figuricom
rujan	najrujnija najrujnije najrujnijeg najrujnijega najrujnijem najrujnijemu najrujniji najrujnijih najrujnijim najrujnijima najrujnijoj najrujnijom najrujniju rujana rujanski rujne rujni rujnih rujnija rujnije rujnijeg rujnijega rujnijem rujnijemu rujniji rujnijih rujnijim rujnijima rujnijoj rujnijom rujniju rujnim rujnima rujno rujnog rujnoga rujnoj rujnom rujnome rujnomu
pojedinačan	pojedinačnima pojedinačnoga pojedinačnoj pojedinačnome pojedinačnomu
neurološki	neurološkima neurološkoga neurološkoj neurološkom neurološkome neurološkomu
goditi	godeći godim godimo godite godiće godićemo godićete godićeš godiću godiš gođah gođahu gođasmo gođaste gođaše gođenje
flauta	flautama flauto
autsajder	autsajderom autsajderu
upijati	upijah upijahu upijaj upijajmo upijajte upijamo upijasmo upijaste upijate upijaće upijaćemo upijaćete upijaćeš upijaću upijaš upijaše
utjeha	utjehama utjehi utjeho utjehom utjesi
zabilježiti	zabilježe zabilježih zabilježim zabilježimo zabilježismo zabilježiste zabilježivši zabilježiće zabilježićemo zabilježićete zabilježićeš zabilježiću zabilježiš zabilježiše
uceniti	ucenih ucenim ucenimo ucenismo uceniste ucenite ucenivši uceniće ucenićemo ucenićete ucenićeš uceniću uceniše
glavonja	glavonji glavonjom
aljkav	aljkavih aljkavija aljkavije aljkavijeg aljkavijega aljkavijem aljkavijemu aljkaviji aljkavijih aljkavijim aljkavijima aljkavijoj aljkavijom aljkaviju aljkavim aljkavima aljkavog aljkavoga aljkavoj aljkavom aljkavome aljkavomu aljkavu najaljkavija najaljkavije najaljkavijeg najaljkavijega najaljkavijem najaljkavijemu najaljkaviji najaljkavijih najaljkavijim najaljkavijima najaljkavijoj najaljkavijom najaljkaviju
žabac	žabaca žapce žapcem žapci žapcima
spaljivanje	spaljivanjima
ulepšati	ulepšah ulepšajmo ulepšajte ulepšaju ulepšanje ulepšasmo ulepšaste ulepšate ulepšavši ulepšaće ulepšaćemo ulepšaćete ulepšaćeš ulepšaću ulepšaše
šestorica	šestorico
mitologija	mitologijama mitologijo mitologijom
špada	špadama špade špadi špado špadom špadu
dojaviti	dojavih dojavim dojavimo dojavismo dojaviste dojavivši dojaviće dojavićemo dojavićete dojavićeš dojaviću dojaviš dojaviše dojavljivati
valcer	valcere valceri valcerima valcerom valceru
geografski	geografskih geografskima geografskoga geografskome geografskomu
košara	košarama košaro
sačmarica	sačmaricama sačmarici sačmarico
desnica	desnicama
remen	remene remeni remenima
opčiniti	opčine opčinih opčinim opčinimo opčinismo opčiniste opčinite opčinivši opčiniće opčinićemo opčinićete opčinićeš opčiniću opčiniš opčiniše
mušica	mušici mušico mušicom
čestit	najčestitija najčestitije najčestitijeg najčestitijega najčestitijem najčestitijemu najčestitiji najčestitijih najčestitijim najčestitijima najčestitijoj najčestitijom najčestitiju čestitih čestitija čestitije čestitijeg čestitijega čestitijem čestitijemu čestitiji čestitijih čestitijim čestitijima čestitijoj čestitijom čestitiju čestitim čestitima čestitoga čestitoj čestitom čestitome čestitomu
obučiti	obučih obučismo obučiste obučite obučivši obučiće obučićemo obučićete obučićeš obučiću obučiše
upirati	upirah upirahu upirasmo upiraste upiravši upiraće upiraćemo upiraćete upiraćeš upiraću upiraše upirimo upirite upirući uprijeti
plodnost	plodnošću
pljusak	pljusaka pljusci pljuscima pljuske pljuskova pljuskovima pljušče
neuredan	najneurednija najneurednije najneurednijeg najneurednijega najneurednijem najneurednijemu najneuredniji najneurednijih najneurednijim najneurednijima najneurednijoj najneurednijom najneuredniju neurednih neurednija neurednije neurednijeg neurednijega neurednijem neurednijemu neuredniji neurednijih neurednijim neurednijima neurednijoj neurednijom neuredniju neurednim neurednima neurednog neurednoga neurednoj neurednom neurednome neurednomu
lokomotiva	lokomotivama lokomotivo
superioran	superiornima superiorno superiornoga superiornoj superiornome superiornomu
garantirati	garantirah garantirahu garantiraj garantirajmo garantirajte garantiraju garantirajući garantiranje garantirasmo garantiraste garantirate garantiravši garantiraće garantiraćemo garantiraćete garantiraćeš garantiraću garantiraš garantiraše
izravnati	izravnah izravnajmo izravnasmo izravnaste izravnate izravnavati izravnavši izravnaće izravnaćemo izravnaćete izravnaćeš izravnaću izravnaše
vrač	vračem vračeve vračevima
činovnik	činovnica činovnicima činovnikom činovniče
redatelj	redatelje redateljima redatelju
mort	mortom mortova mortove mortovi mortovima
izdržljivost	izdržljivošću
sandala	sandali sandalo sandalom
prašnjav	najprašnjavija najprašnjavije najprašnjavijeg najprašnjavijega najprašnjavijem najprašnjavijemu najprašnjaviji najprašnjavijih najprašnjavijim najprašnjavijima najprašnjavijoj najprašnjavijom najprašnjaviju prašnjavija prašnjavije prašnjavijeg prašnjavijega prašnjavijem prašnjavijemu prašnjaviji prašnjavijih prašnjavijim prašnjavijima prašnjavijoj prašnjavijom prašnjaviju prašnjavima prašnjavog prašnjavoga prašnjavome prašnjavomu
istovariti	istovarih istovarismo istovariste istovarivši istovariće istovarićemo istovarićete istovarićeš istovariću istovariše
čupati	čupah čupahu čupajmo čupajte čupajući čupale čupalo čupan čupana čupane čupano čupasmo čupaste čupaće čupaćemo čupaćete čupaćeš čupaću čupaše
češati	češa češah češahu češasmo češaste češavši češaće češaćemo češaćete češaćeš češaću češaše češemo češimo češite češući
imitator	imitatorima imitatorom
sputavati	sputavah sputavahu sputavaj sputavajmo sputavajte sputavajući sputavamo sputavasmo sputavaste sputavate sputavaće sputavaćemo sputavaćete sputavaćeš sputavaću sputavaše
cisterna	cisternama cisterno
mangup	mangupima mangupom mangupu
koriti	korah korahu korasmo koraste koraše koreno koreći korila korile korili korilo korim korimo korio korite koriće korićemo korićete korićeš koriću koriš
nadoknada	nadoknadama nadoknado nadoknadom
urgentan	najurgentnija najurgentnije najurgentnijeg najurgentnijega najurgentnijem najurgentnijemu najurgentniji najurgentnijih najurgentnijim najurgentnijima najurgentnijoj najurgentnijom najurgentniju urgentnih urgentnija urgentnije urgentnijeg urgentnijega urgentnijem urgentnijemu urgentniji urgentnijih urgentnijim urgentnijima urgentnijoj urgentnijom urgentniju urgentnim urgentnima urgentno urgentnoga urgentnome urgentnomu urgentnu
zanemarivati	zanemarivah zanemarivahu zanemarivasmo zanemarivaste zanemarivaće zanemarivaćemo zanemarivaćete zanemarivaćeš zanemarivaću zanemarivaše zanemaruj zanemarujmo zanemarujte
kliješta	kljišća
zalagaonica	zalagaonicama zalagaonico zalagaonicom
poprskati	poprskah poprskajmo poprskaju poprskasmo poprskaste poprskate poprskavši poprskaće poprskaćemo poprskaćete poprskaćeš poprskaću poprskaše
nekadašnji	nekadašnjega nekadašnjemu nekadašnjima nekadašnjoj nekadašnjom
sluz	sluzima sluzju
horoskop	horoskopima horoskopom
spaziti	spazih spazimo spazismo spaziste spazivši spaziće spazićemo spazićete spazićeš spaziću spaziš spaziše
obilan	najobilnija najobilnije najobilnijeg najobilnijega najobilnijem najobilnijemu najobilniji najobilnijih najobilnijim najobilnijima najobilnijoj najobilnijom najobilniju obilnih obilnija obilnije obilnijeg obilnijega obilnijem obilnijemu obilniji obilnijih obilnijim obilnijima obilnijoj obilnijom obilniju obilnima obilnoga obilnoj obilnom obilnome obilnomu
dvorski	dvorskima dvorsko dvorskoga dvorskoj dvorskome dvorskomu
desetar	desetari desetarima desetarom
testo	testima
liker	likere likeri likerima likeru
pubertet	pubertete pubertetom
ocenjivati	ocenjivah ocenjivahu ocenjivasmo ocenjivaste ocenjivaće ocenjivaćemo ocenjivaćete ocenjivaćeš ocenjivaću ocenjivaše ocenjuj ocenjujmo ocenjujte ocenjujući
vlas	vlasju
anarhija	anarhijama anarhijo anarhijom
liberalan	liberalnija liberalnije liberalnijeg liberalnijega liberalnijem liberalnijemu liberalniji liberalnijih liberalnijim liberalnijima liberalnijoj liberalnijom liberalniju liberalnima liberalnoga liberalnoj liberalnome liberalnomu najliberalnija najliberalnije najliberalnijeg najliberalnijega najliberalnijem najliberalnijemu najliberalniji najliberalnijih najliberalnijim najliberalnijima najliberalnijoj najliberalnijom najliberalniju
ustanak	ustanaka ustanci ustancima ustanke ustankom ustanče
kruška	hruška kruški kruško kruškom
svršavati	svršavah svršavahu svršavaj svršavajmo svršavajte svršavajući svršavamo svršavasmo svršavaste svršavate svršavaće svršavaćemo svršavaćete svršavaćeš svršavaću svršavaše
književni	književnima književnoga književnoj književnome književnomu
korito	koritima koritom
cviliti	cvilenje cvilimo cviliće cvilićemo cvilićete cvilićeš cviliću cviljah cviljahu cviljasmo cviljaste cviljaše cviljeti cvilleći
posramiti	posrame posramih posramimo posramismo posramiste posramite posramivši posramiće posramićemo posramićete posramićeš posramiću posramiše
ukočiti	ukočih ukočimo ukočismo ukočiste ukočite ukočivši ukočiće ukočićemo ukočićete ukočićeš ukočiću ukočiše
odlikovati	odlikova odlikovah odlikovahu odlikovasmo odlikovaste odlikovavši odlikovaće odlikovaćemo odlikovaćete odlikovaćeš odlikovaću odlikovaše odlikuj odlikujemo odlikujete odlikuješ odlikujmo odlikujte odlikujući
ismijavati	ismijavah ismijavahu ismijavajmo ismijavajte ismijavajući ismijavamo ismijavasmo ismijavaste ismijavaće ismijavaćemo ismijavaćete ismijavaćeš ismijavaću ismijavaše
veštac	vešcem vešcima vešče vješce
obim	obime obimi obimima obimom
poslušnost	poslušnošću
taliban	talibanom talibanu
klipan	klipanima klipanom klipanu
sukobiti	sukobih sukobim sukobismo sukobiste sukobite sukobivši sukobiće sukobićemo sukobićete sukobićeš sukobiću sukobiš sukobiše
članstvo	članstava članstvima članstvom
stezati	stezah stezahu stezasmo stezaste stezaće stezaćemo stezaćete stezaćeš stezaću stezaše stežemo stežete stežimo stežite stežući
odjava	odjavama odjavo odjavom
tašta	taštama
brineta	brinetama brineti brineto
razmenjivati	razmenjivah razmenjivahu razmenjivanje razmenjivasmo razmenjivaste razmenjivaće razmenjivaćemo razmenjivaćete razmenjivaćeš razmenjivaću razmenjivaše razmenjuj razmenjuješ razmenjujmo razmenjujte razmenjujući
pansion	pansione pansioni pansionima pansionom
misionar	misionarom misionaru
kob	kobima koblju
sačmara	sačmarama sačmari sačmaro
naklonjen	najnaklonjenija najnaklonjenije najnaklonjenijeg najnaklonjenijega najnaklonjenijem najnaklonjenijemu najnaklonjeniji najnaklonjenijih najnaklonjenijim najnaklonjenijima najnaklonjenijoj najnaklonjenijom najnaklonjeniju naklonjenih naklonjenija naklonjenije naklonjenijeg naklonjenijega naklonjenijem naklonjenijemu naklonjeniji naklonjenijih naklonjenijim naklonjenijima naklonjenijoj naklonjenijom naklonjeniju naklonjenim naklonjenima naklonjenog naklonjenoga naklonjenoj naklonjenom naklonjenome naklonjenomu naklonjenu
zavidjeti	zavideći zavidjeće zavidjećemo zavidjećete zavidjećeš zavidjeću zaviđah zaviđahu zaviđasmo zaviđaste zaviđaše zaviđenje
njuškalo	njuškalima njuškalom njuškalu
nogometni	nogometnim nogometnima nogometno nogometnoga nogometnome nogometnomu
premotati	premota premotah premotajmo premotaju premotasmo premotaste premotate premotavši premotaće premotaćemo premotaćete premotaćeš premotaše
plivač	plivačem plivačima plivaču
rezime	rezimei rezimeima
naboj	nabojima naboju
švicarski	švicarskima švicarsko švicarskog švicarskoga švicarskom švicarskome švicarskomu
suđe	suđem suđu
opseg	opsege opsezi opsezima
obrambeni	obrambenima obrambenoga obrambenoj obrambenom obrambenome obrambenomu
tijek	tijeka tijekova tijekove tijekovi tijekovima tiječe
čar	čarju
folio	folijima
žirafa	žirafama žirafi žirafo
bankarski	bankarskima bankarsko bankarskoga bankarskoj bankarskome bankarskomu
špilja	špiljo špiljom
bunda	bundama bundo bundom
mjehur	mjehure mjehuri mjehurima
tendencija	tendenciji tendencijo
maran	marna marnih marnija marnije marnijeg marnijega marnijem marnijemu marniji marnijih marnijim marnijima marnijoj marnijom marniju marnim marnima marno marnog marnoga marnoj marnom marnome marnomu marnu najmarnija najmarnije najmarnijeg najmarnijega najmarnijem najmarnijemu najmarniji najmarnijih najmarnijim najmarnijima najmarnijoj najmarnijom najmarniju
paradoks	paradoksi paradoksima paradoksom paradoksu
statistički	statističkih statističkim statističkima statističko statističkog statističkoga statističkoj statističkom statističkome statističkomu
svrbeti	svrbah svrbahu svrbasmo svrbaste svrbaše svrbenje svrbeće svrbećemo svrbećete svrbećeš svrbeći svrbeću svrbim svrbimo svrbite svrbiš
destinacija	destinacijama destinacijo destinacijom
spavaonica	spavaonico spavaonicom
arogancija	arogancijo
buntovnik	buntovnicima buntovnikom buntovniku buntovniče
strahovati	strahovah strahovahu strahovanje strahovasmo strahovaste strahovaće strahovaćemo strahovaćete strahovaćeš strahovaću strahovaše strahujete strahujmo strahujte
plemstvo	plemstava plemstvima
zdjela	zdjelama zdjelo
plemenski	plemenskima plemenskoga plemenskoj plemenskome plemenskomu
nepošten	najnepoštenija najnepoštenije najnepoštenijeg najnepoštenijega najnepoštenijem najnepoštenijemu najnepošteniji najnepoštenijih najnepoštenijim najnepoštenijima najnepoštenijoj najnepoštenijom najnepošteniju nepoštenija nepoštenije nepoštenijeg nepoštenijega nepoštenijem nepoštenijemu nepošteniji nepoštenijih nepoštenijim nepoštenijima nepoštenijoj nepoštenijom nepošteniju nepoštenima nepoštenoga nepoštenoj nepoštenom nepoštenome nepoštenomu
efikasnost	efikasnostima
okoliš	okoliše okoliši okolišima
spretan	najspretnija najspretnije najspretnijeg najspretnijega najspretnijem najspretnijemu najspretniji najspretnijih najspretnijim najspretnijima najspretnijoj najspretnijom najspretniju spretnih spretnija spretnije spretnijeg spretnijega spretnijem spretnijemu spretnijih spretnijim spretnijima spretnijoj spretnijom spretniju spretnim spretnima spretnog spretnoga spretnoj spretnom spretnome spretnomu spretnu
naslijediti	naslijede naslijedih naslijedim naslijedimo naslijedismo naslijediste naslijedite naslijedivši naslijediće naslijedićemo naslijedićete naslijedićeš naslijediću naslijediš naslijediše
uvoz	uvozima uvozu
prolazak	prolasci prolascima prolaske prolazaka
nasloniti	naslanjati naslonih naslonimo naslonismo nasloniste naslonivši nasloniće naslonićemo naslonićete naslonićeš nasloniću nasloniše
baksuz	baksuzima baksuzom baksuzu
primenjivati	primenjivah primenjivahu primenjivanje primenjivasmo primenjivaste primenjivaće primenjivaćemo primenjivaćete primenjivaćeš primenjivaću primenjivaše primenjuj primenjujmo primenjujte primenjujući
nepredvidljiv	nepredvidljivih nepredvidljivim nepredvidljivima nepredvidljivog nepredvidljivoga nepredvidljivoj nepredvidljivom nepredvidljivome nepredvidljivomu nepredvidljivu
pomilovati	pomilova pomilovah pomilovasmo pomilovaste pomilovavši pomilovaće pomilovaćemo pomilovaćete pomilovaćeš pomilovaću pomilovaše pomilujemo pomilujete pomiluješ pomilujmo pomilujte pomiluju
pobačaj	pobačajem pobačaji pobačajima
bajan	bajnih bajnim bajnima bajnog bajnoga bajnoj bajnom bajnome bajnomu
fikcija	fikcijama fikcijo fikcijom
sintetički	sintetičkima sintetičkoga sintetičkoj sintetičkom sintetičkome sintetičkomu
ponor	ponore ponori ponorima
koštan	koštanih koštanim koštanima koštano koštanog koštanoga koštanoj koštanom koštanome koštanomu
sućut	sućutima
remetiti	remeteći remetimo remetiće remetićemo remetićete remetićeš remetiću remećah remećahu remećasmo remećaste remećaše
transfuzija	transfuzijama transfuziji transfuzijo
brazilski	brazilskima brazilsko brazilskoga brazilskome brazilskomu
replika	replici replikama repliko replikom
izbirljiv	izbirljivih izbirljivija izbirljivije izbirljivijeg izbirljivijega izbirljivijem izbirljivijemu izbirljiviji izbirljivijih izbirljivijim izbirljivijima izbirljivijoj izbirljivijom izbirljiviju izbirljivim izbirljivima izbirljivo izbirljivog izbirljivoga izbirljivoj izbirljivom izbirljivome izbirljivomu izbirljivu najizbirljivija najizbirljivije najizbirljivijeg najizbirljivijega najizbirljivijem najizbirljivijemu najizbirljiviji najizbirljivijih najizbirljivijim najizbirljivijima najizbirljivijoj najizbirljivijom najizbirljiviju
pločnik	pločnici pločnicima pločnike pločniče
vertikalan	vertikalnih vertikalnima vertikalnoga vertikalnoj vertikalnome vertikalnomu
začuditi	začude začudih začudim začudimo začudismo začudiste začudite začudivši začudiće začudićemo začudićete začudićeš začudiću začudiš začudiše
šipak	šipaka šipcima šipče
rastužiti	rastužih rastužimo rastužismo rastužiste rastužite rastuživši rastužiće rastužićemo rastužićete rastužićeš rastužiću rastužiše
tuđinac	tuđincem tuđincu tuđinka tuđinče
suprotstavljati	suprotstavljah suprotstavljahu suprotstavljajmo suprotstavljajte suprotstavljajući suprotstavljasmo suprotstavljaste suprotstavljaće suprotstavljaćemo suprotstavljaćete suprotstavljaćeš suprotstavljaću suprotstavljaše
usisivač	usisač usisivači usisivačima
kreativnost	kreativnostima
povorka	povorkama povorki povorko
apsurdan	apsurdnih apsurdnija apsurdnije apsurdnijeg apsurdnijega apsurdnijem apsurdnijemu apsurdniji apsurdnijih apsurdnijim apsurdnijima apsurdnijoj apsurdnijom apsurdniju apsurdnima apsurdnog apsurdnoga apsurdnoj apsurdnome apsurdnomu najapsurdnija najapsurdnije najapsurdnijeg najapsurdnijega najapsurdnijem najapsurdnijemu najapsurdniji najapsurdnijih najapsurdnijim najapsurdnijima najapsurdnijoj najapsurdnijom najapsurdniju
puder	pudere puderi puderima puderu
pupoljak	pupoljkom pupoljče
providan	najprovidnija najprovidnije najprovidnijeg najprovidnijega najprovidnijem najprovidnijemu najprovidniji najprovidnijih najprovidnijim najprovidnijima najprovidnijoj najprovidnijom najprovidniju providnih providnija providnije providnijeg providnijega providnijem providnijemu providniji providnijih providnijim providnijima providnijoj providnijom providniju providnim providnima providnog providnoga providnoj providnom providnome providnomu
jastreb	jastrebi jastrebima jastrebom jastrebovima jastrebu
učvrstiti	učvrstih učvrstismo učvrstiste učvrstivši učvrstiće učvrstićemo učvrstićete učvrstićeš učvrstiću učvrstiš učvrstiše učvršćenje
naseljen	najnaseljenija najnaseljenije najnaseljenijeg najnaseljenijega najnaseljenijem najnaseljenijemu najnaseljeniji najnaseljenijih najnaseljenijim najnaseljenijima najnaseljenijoj najnaseljenijom najnaseljeniju naseljenija naseljenije naseljenijeg naseljenijega naseljenijem naseljenijemu naseljeniji naseljenijih naseljenijim naseljenijima naseljenijoj naseljenijom naseljeniju naseljenima naseljenoga naseljenoj naseljenome naseljenomu
ukidati	ukidah ukidahu ukidaj ukidajmo ukidajte ukidajući ukidasmo ukidaste ukidate ukidaće ukidaćemo ukidaćete ukidaćeš ukidaću ukidaš ukidaše
opći	obći općega općemu općih općim općima općom
nesanica	nesanici nesanico
uvežbati	uvežbah uvežbaj uvežbajmo uvežbajte uvežbaju uvežbasmo uvežbaste uvežbate uvežbavati uvežbavši uvežbaće uvežbaćemo uvežbaćete uvežbaćeš uvežbaću uvežbaše
obraniti	obranih obranismo obraniste obranite obranivši obraniće obranićemo obranićete obranićeš obraniću obraniš obraniše
hipik	hipikom hipiče
prostran	najprostranija najprostranije najprostranijeg najprostranijega najprostranijem najprostranijemu najprostraniji najprostranijih najprostranijim najprostranijima najprostranijoj najprostranijom najprostraniju prostranih prostranija prostranije prostranijeg prostranijega prostranijem prostranijemu prostraniji prostranijih prostranijim prostranijima prostranijoj prostranijom prostraniju prostranima prostranog prostranoga prostranoj prostranome prostranomu
polubrat	polubrate polubratu polubraće polubraći polubraćo polubraćom polubraću
pijandura	pijandurama pijanduri pijandurom
sur	surih surim surima suro surog suroga suroj surom surome suromu
minirati	minirah minirahu miniraj minirajmo minirajte minirajući miniram minirasmo miniraste minirate miniravši miniraće miniraćemo miniraćete miniraćeš miniraću miniraše
obavijest	obavijestima obaviješću
porta	portama portom
radijus	radijuse radijusi radijusima radijusom
uporište	uporištem uporištima
jeza	jezama jezi jezo jezom
kamenolom	kamenolome kamenolomi kamenolomima kamenolomom
šaman	šamanima šamanom šamanu
strijela	strijeli strijelo
prostranstvo	prostranstvom
histerija	histerijama histerijo
drek	dreče
omekšati	omekšah omekšaj omekšajmo omekšajte omekšamo omekšasmo omekšaste omekšate omekšavši omekšaće omekšaćemo omekšaćete omekšaćeš omekšaću omekšaše
istrošiti	istroših istrošim istrošimo istrošismo istrošiste istrošite istrošivši istrošiće istrošićemo istrošićete istrošićeš istrošiću istrošiše
cvetati	cvetah cvetahu cvetaj cvetajmo cvetajte cvetajući cvetam cvetamo cvetasmo cvetaste cvetate cvetaće cvetaćemo cvetaćete cvetaćeš cvetaću cvetaš cvetaše
sahranjivati	sahranjivah sahranjivahu sahranjivasmo sahranjivaste sahranjivaće sahranjivaćemo sahranjivaćete sahranjivaćeš sahranjivaću sahranjivaše sahranjuj sahranjujete sahranjujmo sahranjujte sahranjujući
dugoročan	dugoročnija dugoročnije dugoročnijeg dugoročnijega dugoročnijem dugoročnijemu dugoročniji dugoročnijih dugoročnijim dugoročnijima dugoročnijoj dugoročnijom dugoročniju dugoročnima dugoročnoga dugoročnoj dugoročnome dugoročnomu najdugoročnija najdugoročnije najdugoročnijeg najdugoročnijega najdugoročnijem najdugoročnijemu najdugoročniji najdugoročnijih najdugoročnijim najdugoročnijima najdugoročnijoj najdugoročnijom najdugoročniju
nepravedan	najnepravednija najnepravednije najnepravednijeg najnepravednijega najnepravednijem najnepravednijemu najnepravedniji najnepravednijih najnepravednijim najnepravednijima najnepravednijoj najnepravednijom najnepravedniju nepravednija nepravednije nepravednijeg nepravednijega nepravednijem nepravednijemu nepravedniji nepravednijih nepravednijim nepravednijima nepravednijoj nepravednijom nepravedniju nepravednima nepravednoga nepravednoj nepravednom nepravednome nepravednomu
tikva	tikava tikvama tikvom
mesečni	mesečnima mesečnoga mesečnoj mesečnome mesečnomu
trgovinski	trgovinskima trgovinsko trgovinskoga trgovinskoj trgovinskome trgovinskomu
puma	pumama pumi pumo pumom
iritirati	iritirah iritirahu iritiraj iritirajmo iritirajte iritiramo iritiranje iritirasmo iritiraste iritirate iritiraće iritiraćemo iritiraćete iritiraćeš iritiraću iritiraše
predigra	predigrama predigro
marioneta	marionetama marioneti marioneto marionetom
huligan	huliganom
štetan	najštetnija najštetnije najštetnijeg najštetnijega najštetnijem najštetnijemu najštetniji najštetnijih najštetnijim najštetnijima najštetnijoj najštetnijom najštetniju štetnija štetnije štetnijeg štetnijega štetnijem štetnijemu štetniji štetnijih štetnijim štetnijima štetnijoj štetnijom štetniju štetnima štetno štetnoga štetnoj štetnom štetnome štetnomu štetnu
kamiondžija	kamiondžiji kamiondžijo
češalj	češljeva češljevi češljevima češlju
pupak	pupaka pupci pupcima pupke pupkom pupkova pupkove pupkovi pupkovima pupče
latica	latici latico laticom
panj	panjem panjeva panjeve panjevima
punkt	punkte punktom
željeznica	željeznicama željeznico
dvogled	dvogledi dvogledima dvogledu
primjećivati	primjećivah primjećivahu primjećivanje primjećivasmo primjećivaste primjećivaće primjećivaćemo primjećivaćete primjećivaćeš primjećivaću primjećivaše primjećuj primjećujemo primjećujmo primjećujte primjećujući
nečist	nečistima nečistog nečistoga nečistoj nečistom nečistome nečistomu
sumpor	sumpore sumporu
pokvarenjak	pokvarenjacima pokvarenjake pokvarenjakom
upiti	upi upih upijemo upijete upijmo upijte upismo upiste upivši upiće upićemo upićete upićeš upiću
prodreti	prodreh prodresmo prodreste prodrete prodrevši prodreće prodrećemo prodrećete prodrećeš prodreću prodreše prodri prodrimo prodrite
lijes	lijese lijesom lijesova lijesovi ljesova ljesove ljesovi ljesovima
pouka	poukama pouki pouko poukom
pripisati	pripisa pripisah pripisasmo pripisaste pripisavši pripisaće pripisaćemo pripisaćete pripisaćeš pripisaću pripisaše pripišete pripišeš pripišimo pripišite
mineralni	mineralnim mineralnima mineralnog mineralnoga mineralnoj mineralnom mineralnome mineralnomu
kam	kamima kamom kamova kamove kamovi kamovima
geografija	geografijama geografijo geografijom
samoubica	samoubicama samoubici samoubico samoubicom
gnusan	gnjusnija gnjusnije gnjusnijeg gnjusnijega gnjusnijem gnjusnijemu gnjusniji gnjusnijih gnjusnijim gnjusnijima gnjusnijoj gnjusnijom gnjusniju gnusnima gnusno gnusnoga gnusnoj gnusnom gnusnome gnusnomu najgnjusnija najgnjusnije najgnjusnijeg najgnjusnijega najgnjusnijem najgnjusnijemu najgnjusniji najgnjusnijih najgnjusnijim najgnjusnijima najgnjusnijoj najgnjusnijom najgnjusniju
monopol	monopole monopoli monopolima monopolom
presretati	presretah presretahu presretasmo presretaste presretaće presretaćemo presretaćete presretaćeš presretaću presretaše presrećem presrećemo presrećete presrećeš presreći presrećimo presrećite presrećući
hiljadarka	hiljadarci hiljadarkama hiljadarko hiljadarkom
osovina	osovinama osovino
potjera	potjerama potjero potjerom
ganuti	ganemo ganete ganimo ganite ganuh ganusmo ganuste ganuvši ganuće ganućemo ganućete ganućeš ganuću ganuše
isprljati	isprljah isprljaj isprljajmo isprljajte isprljamo isprljasmo isprljaste isprljavši isprljaće isprljaćemo isprljaćete isprljaću isprljaše
bibliotekar	bibliotekarima bibliotekarom
rezolucija	rezolucijama rezolucijo
siročad	siročađu
pacijentica	pacijenticama pacijentico
ugoditi	ugodih ugodismo ugodiste ugodivši ugodiće ugodićemo ugodićete ugodićeš ugodiću ugodiše
aktivist	aktivistom
friz	frizova frizove frizovi frizovima
ženidba	ženidaba ženidbama ženidbo
prav	pravomu
svrbjeti	svrbeći svrbim svrbimo svrbite svrbiš svrbjeće svrbjećemo svrbjećete svrbjećeš svrbjeću svrbljah svrbljahu svrbljasmo svrbljaste svrbljaše svrbljenje
nesvijest	nesviješću
zaposlenje	zaposlenjima
malarija	malariji malarijo
trgnuti	trgnemo trgnete trgnimo trgnu trgnuh trgnusmo trgnuste trgnuvši trgnuće trgnućemo trgnućete trgnućeš trgnuću trgnuše trgoh trgosmo trgoste trgoše trže
zdravstvo	zdravstvom
premostiti	premostih premostismo premostiste premostivši premostiće premostićemo premostićete premostićeš premostiću premostiše
ušuškati	ušuškah ušuškajmo ušuškajte ušuškaju ušuškajući ušuškanje ušuškasmo ušuškaste ušuškate ušuškavši ušuškaće ušuškaćemo ušuškaćete ušuškaćeš ušuškaću ušuškaše
sanjariti	sanjarah sanjarahu sanjarasmo sanjaraste sanjaraše sanjareći sanjarimo sanjarite sanjariće sanjarićemo sanjarićete sanjarićeš sanjariću
štetočina	štetočini štetočinom
otpočeti	otpoče otpočeh otpočesmo otpočeste otpočevši otpočeće otpočećemo otpočećete otpočećeš otpočeću otpočeše otpočnete otpočneš otpočni otpočnimo
obruč	obručem obručima
vodovod	vodovode vodovodi vodovodima
naranča	naranača narančama narančo narančom
vijetnamski	vijetnamskima vijetnamsko vijetnamskoga vijetnamskoj vijetnamskome vijetnamskomu
članica	članici članicom
rukovodilac	rukovodiocem rukovodiocu rukovodioče
doseljenik	doseljenikom doseljeniku doseljeniče
đumbir	đumbire đumbiri đumbirima đumbiru
stajalište	stajalištem
tržnica	tržnicama tržnico tržnicom
šokantan	šokantnima šokantnoga šokantnoj šokantnome šokantnomu
zaudarati	zaudarah zaudarahu zaudaraj zaudarajmo zaudarajte zaudarajući zaudaramo zaudaranje zaudarasmo zaudaraste zaudarate zaudaraće zaudaraćemo zaudaraćete zaudaraćeš zaudaraću zaudaraše
diktirati	diktirah diktirahu diktiraj diktirajmo diktirajte diktirajući diktiramo diktiranje diktirasmo diktiraste diktirate diktiravši diktiraće diktiraćemo diktiraćete diktiraćeš diktiraću diktiraše izdiktirati
ispijati	ispijah ispijahu ispijaj ispijajmo ispijajte ispijasmo ispijaste ispijate ispijaće ispijaćemo ispijaćete ispijaćeš ispijaću ispijaše
nasukati	nasuka nasukah nasukasmo nasukaste nasukavši nasukaće nasukaćemo nasukaćete nasukaćeš nasukaću nasukaše nasuče nasučem nasučemo nasučete nasučeš nasuči nasučimo nasučite nasuču
nasljednik	nasljednicima nasljedniku nasljedniče
oslonac	oslonaca oslonce osloncem oslonci osloncima osloncu oslonče
gavran	garvan gavranima gavranom gavranu
grbača	grbačama grbačo grbačom
židovski	židovskima židovskoga židovskome židovskomu
svodnik	svodnicima svodnike
tipka	tipaka tipko tipkom
protivan	najprotivnija najprotivnije najprotivnijeg najprotivnijega najprotivnijem najprotivnijemu najprotivniji najprotivnijih najprotivnijim najprotivnijima najprotivnijoj najprotivnijom najprotivniju protivna protivne protivni protivnih protivnija protivnije protivnijeg protivnijega protivnijem protivnijemu protivniji protivnijih protivnijim protivnijima protivnijoj protivnijom protivniju protivnim protivnima protivnog protivnoga protivnoj protivnome protivnomu protivnu
pijanist	pijanistima pijanistom
praonica	praonicama praonico praonicom
padobranac	padobrancem padobrancu padobranče
sipa	sipama sipo sipom
prekretnica	prekretnicama prekretnico prekretnicom
vradžbina	vradžbini vradžbino vradžbinom
simfonija	simfonijama simfonijo simfonijom
ruksak	ruksaci ruksacima ruksače
udruga	udrugama udrugo udrugom
smicalica	smicalici smicalico smicalicom
surogat	surogatima surogatom surogatu
suzavac	suzavcu suzavče
tajnovit	najtajnovitija najtajnovitije najtajnovitijeg najtajnovitijega najtajnovitijem najtajnovitijemu najtajnovitiji najtajnovitijih najtajnovitijim najtajnovitijima najtajnovitijoj najtajnovitijom najtajnovitiju tajnovitih tajnovitija tajnovitije tajnovitijeg tajnovitijega tajnovitijem tajnovitijemu tajnovitiji tajnovitijih tajnovitijim tajnovitijima tajnovitijoj tajnovitijom tajnovitiju tajnovitim tajnovitima tajnovitoga tajnovitoj tajnovitom tajnovitome tajnovitomu tajnovitu
prepoloviti	prepolovih prepolovismo prepoloviste prepolovite prepolovivši prepoloviće prepolovićemo prepolovićete prepolovićeš prepoloviš prepoloviše
podvala	podvalo podvalom
ovlastiti	ovlaste ovlastih ovlastim ovlastimo ovlastismo ovlastiste ovlastite ovlastivši ovlastiće ovlastićemo ovlastićete ovlastićeš ovlastiću ovlastiš ovlastiše
utešan	najutešnija najutešnije najutešnijeg najutešnijega najutešnijem najutešnijemu najutešniji najutešnijih najutešnijim najutešnijima najutešnijoj najutešnijom najutešniju utešni utešnih utešnija utešnije utešnijeg utešnijega utešnijem utešnijemu utešniji utešnijih utešnijim utešnijima utešnijoj utešnijom utešniju utešnim utešnima utešnog utešnoga utešnoj utešnom utešnome utešnomu
prekrivati	prekrivah prekrivahu prekrivaj prekrivajmo prekrivajte prekrivajući prekrivam prekrivamo prekrivasmo prekrivaste prekrivate prekrivaće prekrivaćemo prekrivaćete prekrivaćeš prekrivaću prekrivaš prekrivaše
konverzacija	konverzacijama konverzacijo konverzacijom
nesebičan	najnesebičnija najnesebičnije najnesebičnijeg najnesebičnijega najnesebičnijem najnesebičnijemu najnesebičniji najnesebičnijih najnesebičnijim najnesebičnijima najnesebičnijoj najnesebičnijom najnesebičniju nesebičnih nesebičnija nesebičnije nesebičnijeg nesebičnijega nesebičnijem nesebičnijemu nesebičniji nesebičnijih nesebičnijim nesebičnijima nesebičnijoj nesebičnijom nesebičniju nesebičnim nesebičnima nesebičnog nesebičnoga nesebičnoj nesebičnom nesebičnome nesebičnomu
aplaudirati	aplaudirah aplaudirahu aplaudiraj aplaudirajmo aplaudirajući aplaudiranje aplaudirasmo aplaudiraste aplaudiravši aplaudiraće aplaudiraćemo aplaudiraćete aplaudiraćeš aplaudiraću aplaudiraš aplaudiraše
opomena	opomenama opomeni opomeno
divljati	divljah divljahu divljaj divljajmo divljajte divljajući divljaluk divljasmo divljaste divljate divljavši divljaće divljaćemo divljaćete divljaćeš divljaću divljaše
obrazovati	obrazova obrazovah obrazovahu obrazovasmo obrazovaste obrazovavši obrazovaće obrazovaćemo obrazovaćete obrazovaćeš obrazovaću obrazovaše obrazujete obrazujmo obrazujte obrazujući
plaziti	plazeći plazim plazimo plazite plaziće plazićemo plazićete plazićeš plaziću plaziš plažah plažahu plažasmo plažaste plažaše plaženje
ljudstvo	ljudstava ljudstvima
infracrven	infracrvenih infracrvenima infracrvenoga infracrvenoj infracrvenome infracrvenomu
tumačiti	tumačah tumačahu tumačasmo tumačaste tumačaše tumačeći tumačiće tumačićemo tumačićete tumačićeš tumačiću
odbojan	odbojnih odbojnim odbojnima odbojnog odbojnoga odbojnoj odbojnom odbojnome odbojnomu odbojnu
lavina	lavinama lavino lavinom
kleveta	klevetama kleveti kleveto klevetom
redakcija	redakcijama redakcijo redakcijom
nostalgija	nostalgijama nostalgiji nostalgijo
sugestija	sugestijo sugestijom
prepirka	prepiraka prepirko prepirkom
autocesta	autocestama autocesto
dojdem	dojdev dojdo doodim došja
percepcija	percepcijama percepcijo
sazreti	sazreh sazrem sazremo sazresmo sazreste sazrete sazrevši sazreće sazrećemo sazrećete sazrećeš sazreću sazreš sazreše sazrim sazrimo sazrite sazriš sazru
češki	čeških češkim češkima češkoga češkome češkomu
povećalo	povećalima povećalu
dinja	dinjama dinji dinjo dinjom
vjeverica	vjevericama vjeverici vjevericom
ukopati	ukopah ukopajmo ukopajte ukopam ukopasmo ukopaste ukopate ukopavši ukopaće ukopaćemo ukopaćete ukopaćeš ukopaću ukopaš ukopaše
zaokružiti	zaokruže zaokružih zaokružismo zaokružiste zaokruživši zaokružiće zaokružićemo zaokružićete zaokružićeš zaokružiću zaokružiš zaokružiše
zatvorenica	zatvorenicama
oduprijeti	oduprije oduprijeh oduprijesmo oduprijeste oduprijevši oduprijeće oduprijećemo oduprijećete oduprijećeš oduprijeću odupriješe oduprimo
metropolis	metropolise metropolisi metropolisima metropolisom
cirkuski	cirkuskima cirkusko cirkuskoga cirkuskoj cirkuskome cirkuskomu
udžbenik	udžbenikom udžbeniče
krvotok	krvotokom krvotoče
krigla	kriglama kriglo
sačiniti	sačine sačini sačinih sačinim sačinimo sačinismo sačiniste sačinite sačinivši sačiniće sačinićemo sačinićete sačinićeš sačiniću sačiniš sačiniše
prepisivati	prepisivah prepisivahu prepisivasmo prepisivaste prepisivaće prepisivaćemo prepisivaćete prepisivaćeš prepisivaću prepisivaše prepisuj prepisujmo prepisujte prepisujući
prašak	prašku prašče
republikanski	republikanskih republikanskima republikansko republikanskoga republikanskome republikanskomu
nedodirljiv	nedodirljivih nedodirljivima nedodirljivog nedodirljivoga nedodirljivoj nedodirljivom nedodirljivome nedodirljivomu nedodirljivu
primena	primenama primeno
gord	gordih gordije gordijeg gordijega gordijem gordijemu gordiji gordijih gordijim gordijima gordijoj gordijom gordiju gordim gordima gordo gordog gordoga gordoj gordom gordome gordomu gordu najgordija najgordije najgordijeg najgordijega najgordijem najgordijemu najgordiji najgordijih najgordijim najgordijima najgordijoj najgordijom najgordiju
revizija	revizijama revizijo
genetika	genetiko
belgijski	belgijskima belgijskoga belgijskome belgijskomu
tunjevina	tunjevini tunjevino
ježiti	ježah ježahu ježasmo ježaste ježaše ježe ježenje ježeći ježimo ježite ježiće ježićemo ježićete ježićeš ježiću ježiš
prošlogodišnji	prošlogodišnjega prošlogodišnjemu prošlogodišnjim prošlogodišnjima prošlogodišnjom
zasaditi	zasadih zasadismo zasadiste zasadite zasadivši zasadiće zasadićemo zasadićete zasadićeš zasadiću zasadiše
blijed	blied blijedih blijedim blijedima blijedog blijedoga blijedoj blijedom blijedome blijedomu blijedu bljeđa bljeđe bljeđeg bljeđega bljeđem bljeđemu bljeđi bljeđih bljeđim bljeđima bljeđoj bljeđom bljeđu najbljeđa najbljeđe najbljeđeg najbljeđega najbljeđem najbljeđemu najbljeđi najbljeđih najbljeđim najbljeđima najbljeđoj najbljeđom najbljeđu
ciganiti	ciganeći ciganim ciganimo ciganite ciganivši ciganiće ciganićemo ciganićete ciganićeš ciganiću ciganiš ciganjah ciganjahu ciganjasmo ciganjaste ciganjaše ciganjenje
kotao	kotle kotlom kotlovi kotlovima
dopuniti	dopunih dopunismo dopuniste dopunivši dopuniće dopunićemo dopunićete dopunićeš dopuniću dopuniše dopunjavati
tajnik	tajnicima tajnike
glazben	glazbenija glazbenije glazbenijeg glazbenijega glazbenijem glazbenijemu glazbeniji glazbenijih glazbenijim glazbenijima glazbenijoj glazbenijom glazbeniju glazbenima glazbenoga glazbenome glazbenomu najglazbenija najglazbenije najglazbenijeg najglazbenijega najglazbenijem najglazbenijemu najglazbeniji najglazbenijih najglazbenijim najglazbenijima najglazbenijoj najglazbenijom najglazbeniju
nuklearka	nuklearci nuklearko
stolar	stolare stolarima stolarom stolaru
glavica	glavicama glavicom
pretinac	pretinaca pretincem pretinci pretincima pretinče
susjedni	susjednima susjedno susjednoga susjednome susjednomu
zamjeriti	zamjere zamjerih zamjerim zamjerimo zamjerismo zamjeriste zamjerivši zamjeriće zamjerićemo zamjerićete zamjerićeš zamjeriću zamjeriš zamjeriše
majušan	majušnima majušnoga majušnoj majušnome majušnomu
mišićav	mišićavija mišićavije mišićavijeg mišićavijega mišićavijem mišićavijemu mišićaviji mišićavijih mišićavijim mišićavijima mišićavijoj mišićavijom mišićaviju mišićavima mišićavoga mišićavoj mišićavom mišićavome mišićavomu mišićavu najmišićavija najmišićavije najmišićavijeg najmišićavijega najmišićavijem najmišićavijemu najmišićaviji najmišićavijih najmišićavijim najmišićavijima najmišićavijoj najmišićavijom najmišićaviju
aman	amanima amanom
pomicati	pomicah pomicahu pomicasmo pomicaste pomicaće pomicaćemo pomicaćete pomicaćeš pomicaću pomicaše pomičete pomičimo pomičite pomičući
obeshrabriti	obeshrabrih obeshrabrimo obeshrabrismo obeshrabriste obeshrabrite obeshrabrivši obeshrabriće obeshrabrićemo obeshrabrićete obeshrabrićeš obeshrabriću obeshrabriše
otrcan	najotrcanija najotrcanije najotrcanijeg najotrcanijega najotrcanijem najotrcanijemu najotrcaniji najotrcanijih najotrcanijim najotrcanijima najotrcanijoj najotrcanijom najotrcaniju otrcanija otrcanije otrcanijeg otrcanijega otrcanijem otrcanijemu otrcaniji otrcanijih otrcanijim otrcanijima otrcanijoj otrcanijom otrcaniju otrcanima otrcanoga otrcanoj otrcanome otrcanomu
hulja	huljama hulji huljom
cvetni	cvetnima cvetnoga cvetnome cvetnomu
pokvasiti	pokvasih pokvasismo pokvasiste pokvasivši pokvasiće pokvasićemo pokvasićete pokvasićeš pokvasiću pokvasiše
bubuljica	bubuljici bubuljicom
hodočasnik	hodočasnikom hodočasniku
izuti	izuh izujemo izujmo izuju izusmo izuste izuven izuvena izuvene izuveni izuveno izuvši izuće izućemo izućete izućeš izuću izuše
stočić	stočićem stočići stočićima
matrica	matricama matrico matricom
svetinja	svetinji svetinjo svetinjom
pokazatelj	pokazateljem pokazatelju
prašuma	prašumo prašumom
tajlandski	tajlandskih tajlandskim tajlandskima tajlandsko tajlandskoga tajlandskoj tajlandskome tajlandskomu
povijesni	poviestni povijesnima povijesnoga povijesnoj povijesnome povijesnomu
obasjati	obasjah obasjajmo obasjajte obasjaju obasjam obasjamo obasjasmo obasjaste obasjate obasjavši obasjaće obasjaćemo obasjaćete obasjaćeš obasjaću obasjaš obasjaše
pomagač	pomagačem pomagačima pomagaču
onemogućiti	onemoguće onemogućih onemogućismo onemogućiste onemogućite onemogućivši onemogućiće onemogućićemo onemogućićete onemogućićeš onemogućiću onemogućiš onemogućiše
datirati	datirah datirahu datiraj datirajmo datirajte datirajući datiram datiramo datirasmo datiraste datirate datiravši datiraće datiraćemo datiraćete datiraćeš datiraću datiraš datiraše
udvaranje	udvaranjima
intelektualac	intelektualcem intelektualcu intelektualče
spokoj	spokojem
temperament	temperamenata temperamente temperamenti temperamentima
jarbol	jarboli jarbolima jarbolom
žlezda	žlezdo žlezdom
sniziti	snize snizih snizismo sniziste snizivši sniziće snizićemo snizićete snizićeš sniziću sniziše
neudat	neudati neudatim neudatima neudato neudatog neudatoga neudatoj neudatom neudatome neudatomu
neuspešan	najneuspešnija najneuspešnije najneuspešnijeg najneuspešnijega najneuspešnijem najneuspešnijemu najneuspešniji najneuspešnijih najneuspešnijim najneuspešnijima najneuspešnijoj najneuspešnijom najneuspešniju neuspešnija neuspešnije neuspešnijeg neuspešnijega neuspešnijem neuspešnijemu neuspešniji neuspešnijih neuspešnijim neuspešnijima neuspešnijoj neuspešnijom neuspešniju neuspešnim neuspešnima neuspešnoga neuspešnoj neuspešnom neuspešnome neuspešnomu neuspešnu
irački	iračkima iračko iračkoga iračkoj iračkome iračkomu
slabašan	najslabašnija najslabašnije najslabašnijeg najslabašnijega najslabašnijem najslabašnijemu najslabašniji najslabašnijih najslabašnijim najslabašnijima najslabašnijoj najslabašnijom najslabašniju slabašnih slabašnija slabašnije slabašnijeg slabašnijega slabašnijem slabašnijemu slabašniji slabašnijih slabašnijim slabašnijima slabašnijoj slabašnijom slabašniju slabašnima slabašnoga slabašnoj slabašnom slabašnome slabašnomu
opozicija	opozicijama opozicijo opozicijom
fragment	fragmentom fragmentu
učlaniti	učlane učlanih učlanismo učlaniste učlanivši učlaniće učlanićemo učlanićete učlanićeš učlaniću učlaniše
preleteti	preleteh preletesmo preleteste preletevši preleteće preletećemo preletećete preletećeš preleteću preleteše preletite
blagostanje	blagostanjem
jazavac	jazavce jazavcem jazavcima jazavcu
toksin	toksinom toksinu
uraniti	urane urani uranih uranim uranimo uranismo uraniste uranite uranivši uraniće uranićemo uranićete uranićeš uraniću uraniš uraniše
badem	bademu
bliz	blizih blizim blizima blizo blizog blizoga blizoj blizom blizome blizomu
razvaljivati	razvaljivah razvaljivahu razvaljivasmo razvaljivaste razvaljivaće razvaljivaćemo razvaljivaćete razvaljivaćeš razvaljivaću razvaljivaše razvaljujete razvaljujmo razvaljujte razvaljujući
žilet	žiletima žiletu
analni	analnih analnim analnima analnoga analnoj analnome analnomu analnu
havajski	havajskima havajsko havajskoga havajskome havajskomu
reportaža	reportažama reportažo reportažom
perla	perlo perlom
trčkarati	trčkarah trčkarahu trčkaraj trčkarajmo trčkarajte trčkarajući trčkaramo trčkarasmo trčkaraste trčkarate trčkaraće trčkaraćemo trčkaraćete trčkaraćeš trčkaraću trčkaraše
istrenirati	istrenirah istreniraj istrenirajmo istrenirajte istreniraju istreniramo istrenirasmo istreniraste istrenirate istreniravši istreniraće istreniraćemo istreniraćete istreniraćeš istreniraću istreniraše
katanac	katancima katancu katanče
metan	metane metanu
grijati	grij grijah grijahu grijasmo grijaste grijaće grijaćemo grijaćete grijaćeš grijaću grijaše grijemo grijete griješ grijmo grijte grijući
šakal	šakalom šakalu
pribran	najpribranija najpribranije najpribranijeg najpribranijega najpribranijem najpribranijemu najpribraniji najpribranijih najpribranijim najpribranijima najpribranijoj najpribranijom najpribraniju pribrane pribranih pribranija pribranije pribranijeg pribranijega pribranijem pribranijemu pribraniji pribranijih pribranijim pribranijima pribranijoj pribranijom pribraniju pribranim pribranima pribranog pribranoga pribranoj pribranom pribranome pribranomu pribranu
nezamisliv	nezamislivima nezamislivoga nezamislivoj nezamislivome nezamislivomu
raspon	raspone rasponi rasponima
potrošač	potrošačem
nišaniti	nišaneći nišanimo nišaniće nišanićemo nišanićete nišanićeš nišaniću nišanjah nišanjahu nišanjasmo nišanjaste nišanjaše
prevoditi	prevodeći prevodimo prevodiće prevodićemo prevodićete prevodićeš prevodiću prevođah prevođahu prevođasmo prevođaste prevođaše
turbulencija	turbulencijama turbulenciji turbulencijo turbulencijom
hijena	hijeni hijenom
noj	nojem nojevima
jecati	jecah jecahu jecajmo jecajte jecamo jecasmo jecaste jecate jecaće jecaćemo jecaćete jecaćeš jecaću jecaše
fen	fene fenova fenove fenovi fenovima fenu
kompozitor	kompozitorima kompozitorom kompozitoru
delegacija	delegacijama delegacijo
zaboljeti	zabolim zabolimo zabolite zaboliš zabolje zaboljeh zaboljesmo zaboljeste zaboljevši zaboljeće zaboljećemo zaboljećete zaboljećeš zaboljeću zabolješe
žandar	žandarima žandarom žandaru
gnjida	gnjidama gnjidi gnjidom
deponij	deponijem deponijima
masnoća	masnoćama masnoći masnoćo
kapitalizam	kapitalizama kapitalizme kapitalizmi kapitalizmima kapitalizmom
nazdravljati	nazdravljah nazdravljahu nazdravljaj nazdravljajmo nazdravljajte nazdravljaju nazdravljajući nazdravljanje nazdravljasmo nazdravljaste nazdravljate nazdravljaće nazdravljaćemo nazdravljaćete nazdravljaćeš nazdravljaću nazdravljaše
ubadati	ubadah ubadahu ubadaj ubadajmo ubadajte ubadajući ubadamo ubadasmo ubadaste ubadate ubadaće ubadaćemo ubadaćete ubadaćeš ubadaću ubadaše
takt	takte taktom taktove taktovi taktovima
genetički	genetičkima genetičkoga genetičkoj genetičkome genetičkomu
neoprezan	neoprezne neopreznih neopreznim neopreznima neopreznog neopreznoga neopreznoj neopreznom neopreznome neopreznomu neopreznu
partizan	partizanom partizanu
štaka	štaci štako
jurcati	jurcah jurcahu jurcaj jurcajmo jurcajte jurcajući jurcasmo jurcaste jurcaće jurcaćemo jurcaćete jurcaćeš jurcaću jurcaše
financirati	financirah financirahu financiraj financirajmo financirajte financirajući financiralo financiramo financirasmo financiraste financirate financiraće financiraćemo financiraćete financiraćeš financiraću financiraš financiraše
obrt	obrti obrtima
neuobičajen	najneuobičajenija najneuobičajenije najneuobičajenijeg najneuobičajenijega najneuobičajenijem najneuobičajenijemu najneuobičajeniji najneuobičajenijih najneuobičajenijim najneuobičajenijima najneuobičajenijoj najneuobičajenijom najneuobičajeniju neuobičajenija neuobičajenije neuobičajenijeg neuobičajenijega neuobičajenijem neuobičajenijemu neuobičajeniji neuobičajenijih neuobičajenijim neuobičajenijima neuobičajenijoj neuobičajenijom neuobičajeniju neuobičajenima neuobičajenoga neuobičajenoj neuobičajenom neuobičajenome neuobičajenomu
ban	banima banom banova banove banovi banovima
genocid	genocide genocidi genocidima
olabaviti	olabave olabavih olabavimo olabavismo olabaviste olabavivši olabaviće olabavićemo olabavićete olabavićeš olabaviću olabaviše
kondicija	kondicijama kondicijo kondicijom
vidra	vidro vidrom
dodijeliti	dodijele dodijelih dodijelim dodijelimo dodijelismo dodijeliste dodijelite dodijelivši dodijeliće dodijelićemo dodijelićete dodijelićeš dodijeliću dodijeliš dodijeliše
grditi	grdeći grdimo grdiće grdićemo grdićete grdićeš grdiću grđah grđahu grđasmo grđaste grđaše grđenje
ispirati	ispirah ispirahu ispirano ispirasmo ispiraste ispiraće ispiraćemo ispiraćete ispiraćeš ispiraću ispiraše ispirem ispiremo ispirete ispireš ispiri ispirimo ispirite ispiru ispirući
meteorit	meteoritom meteoritu
pokrov	pokrove pokrovi pokrovima
svećica	svećicama svećici svećicom
taksa	takso taksom
mrs	mrsom mrsova mrsove mrsovi mrsovima mrsu
kecelja	keceljama keceljo
komoda	komodama komodom
kandidatura	kandidaturama kandidaturo kandidaturom
vrisnuti	vrisnemo vrisnete vrisnimo vrisnite vrisnu vrisnuh vrisnusmo vrisnuste vrisnuvši vrisnuće vrisnućemo vrisnućete vrisnućeš vrisnuću vrisnuše
kasarna	kasarnama kasarno kasarnom
rezultirati	rezultirah rezultirahu rezultiraj rezultirajmo rezultirajte rezultiram rezultiramo rezultiranje rezultirasmo rezultiraste rezultirate rezultiravši rezultiraće rezultiraćemo rezultiraćete rezultiraćeš rezultiraću rezultiraš rezultiraše
macan	macanima macanom macanu
mikroskopski	mikroskopskima mikroskopsko mikroskopskoga mikroskopskoj mikroskopskome mikroskopskomu
bičevati	bičevah bičevahu bičevasmo bičevaste bičevaće bičevaćemo bičevaćete bičevaćeš bičevaću bičevaše bičujemo bičujete bičujmo bičujte bičujući
veleposlanik	veleposlanici veleposlanicima veleposlanike
neuništiv	neuništivih neuništivima neuništivog neuništivoga neuništivoj neuništivom neuništivome neuništivomu neuništivu
bris	brisom brisova brisove brisovi brisovima
žlica	žlicama žlici žlico
plesan	plešnju
razbijač	razbijačem razbijačima
miriti	mirah mirahu mirasmo miraste miraše mirena mirene mireni mireno mireći mirila mirile mirilo mirio mirite miriće mirićemo mirićete mirićeš miriću
singl	singlom singlove singlovi singlovima singlu
obilje	obiljima
zabavljač	zabavljačem zabavljačima zabavljaču
krivotvoriti	krivotvorah krivotvorahu krivotvorasmo krivotvoraste krivotvoraše krivotvore krivotvoreći krivotvorim krivotvorimo krivotvorite krivotvoriće krivotvorićemo krivotvorićete krivotvorićeš krivotvoriću krivotvoriš
petarda	petardo petardom
istrošen	istrošenih istrošenija istrošenije istrošenijeg istrošenijega istrošenijem istrošenijemu istrošeniji istrošenijih istrošenijim istrošenijima istrošenijoj istrošenijom istrošeniju istrošenima istrošenog istrošenoga istrošenoj istrošenom istrošenome istrošenomu istrošenu najistrošenija najistrošenije najistrošenijeg najistrošenijega najistrošenijem najistrošenijemu najistrošeniji najistrošenijih najistrošenijim najistrošenijima najistrošenijoj najistrošenijom najistrošeniju
okovati	okovah okovasmo okovaste okovavši okovaće okovaćemo okovaćete okovaćeš okovaću okovaše okuj okuje okujem okujemo okujete okuješ okujmo okuju
zavoljeti	zavolje zavoljeh zavoljesmo zavoljeste zavoljevši zavoljeće zavoljećemo zavoljećete zavoljećeš zavoljeću zavolješe
gorjeti	gorah gorahu gorasmo goraste goraše gorjeće gorjećemo gorjećete gorjećeš gorjeću
raspršiti	rasprših raspršim raspršismo raspršiste raspršivši raspršiće raspršićemo raspršićete raspršićeš raspršiću raspršiš raspršiše
potomstvo	potomstava potomstvima
svariti	svaren svarena svarene svareni svareno svarih svarila svarile svarili svarilo svarimo svarismo svariste svarite svarivši svariće svarićemo svarićete svarićeš svariću svariše
butik	butici butikom butiče
templar	templarom templaru
produktivan	najproduktivnija najproduktivnije najproduktivnijeg najproduktivnijega najproduktivnijem najproduktivnijemu najproduktivniji najproduktivnijih najproduktivnijim najproduktivnijima najproduktivnijoj najproduktivnijom najproduktivniju produktivnih produktivnija produktivnijeg produktivnijega produktivnijem produktivnijemu produktivnijih produktivnijim produktivnijima produktivnijoj produktivnijom produktivniju produktivnim produktivnima produktivnog produktivnoga produktivnoj produktivnom produktivnome produktivnomu produktivnu
cirkulacija	cirkulacijama cirkulacijo
povjeriti	povjeravati povjere povjerih povjerim povjerimo povjerismo povjeriste povjerite povjerivši povjeriće povjerićemo povjerićete povjerićeš povjeriću povjeriš povjeriše
nepoželjan	nepoželjnima nepoželjnog nepoželjnoga nepoželjnoj nepoželjnom nepoželjnome nepoželjnomu nepoželjnu
porod	porodima porodom
forum	forumi forumom
interakcija	interakcijama interakcijo interakcijom
nezadovoljstvo	nezadovoljstava nezadovoljstvima
jamčevina	jamčevinama jamčevini jamčevino jamčevinom
živcirati	živcirah živcirahu živcirajmo živcirajte živcirajući živciramo živciranje živcirasmo živciraste živcirate živciravši živciraće živciraćemo živciraćete živciraćeš živciraću živciraše
limen	limenih limenima limeno limenoga limenome limenomu
zavladati	zavladah zavladaj zavladajmo zavladajte zavladam zavladamo zavladasmo zavladaste zavladate zavladavši zavladaće zavladaćemo zavladaćete zavladaćeš zavladaću zavladaš zavladaše
dremati	dremah dremahu dremaj dremajmo dremajte dremajući dremamo dremasmo dremaste dremate dremaće dremaćemo dremaćete dremaćeš dremaću dremaše
pazuh	pazusi pazusima pazuše
uputa	uputo uputom
očinstvo	očinstava očinstvima očinstvom
pravdati	pravdah pravdahu pravdajmo pravdajte pravdaju pravdajući pravdamo pravdanje pravdasmo pravdaste pravdaće pravdaćemo pravdaćete pravdaćeš pravdaću pravdaše
osrednji	osrednjega osrednjem osrednjemu osrednjima osrednjoj osrednjom
razgledanje	razgledanjima
lupanje	lupanjima lupanju
guja	gujama guji gujom
isušiti	isuših isušim isušimo isušismo isušiste isušite isušivati isušivši isušiće isušićemo isušićete isušićeš isušiću isušiš isušiše
raspustiti	raspustih raspustimo raspustismo raspustiste raspustivši raspustiće raspustićemo raspustićete raspustićeš raspustiću raspustiš raspustiše
sifilis	sifilise sifilisu
vizitka	vizitkama vizitko vizitkom
gomilati	gomilah gomilahu gomilaj gomilajmo gomilajte gomilajući gomilamo gomilasmo gomilaste gomilate gomilaće gomilaćemo gomilaćete gomilaćeš gomilaću gomilaše
berba	berbama berbo berbom
fleksibilan	fleksibilnih fleksibilnija fleksibilnije fleksibilnijeg fleksibilnijega fleksibilnijem fleksibilnijemu fleksibilnijih fleksibilnijim fleksibilnijima fleksibilnijoj fleksibilnijom fleksibilniju fleksibilnim fleksibilnima fleksibilnog fleksibilnoga fleksibilnoj fleksibilnom fleksibilnome fleksibilnomu fleksibilnu najfleksibilnija najfleksibilnije najfleksibilnijeg najfleksibilnijega najfleksibilnijem najfleksibilnijemu najfleksibilniji najfleksibilnijih najfleksibilnijim najfleksibilnijima najfleksibilnijoj najfleksibilnijom najfleksibilniju
struna	strunama struni struno strunom
dugotrajan	dugotrajnija dugotrajnije dugotrajnijeg dugotrajnijega dugotrajnijem dugotrajnijemu dugotrajniji dugotrajnijih dugotrajnijim dugotrajnijima dugotrajnijoj dugotrajnijom dugotrajniju dugotrajnima dugotrajno dugotrajnoga dugotrajnoj dugotrajnom dugotrajnome dugotrajnomu najdugotrajnija najdugotrajnije najdugotrajnijeg najdugotrajnijega najdugotrajnijem najdugotrajnijemu najdugotrajniji najdugotrajnijih najdugotrajnijim najdugotrajnijima najdugotrajnijoj najdugotrajnijom najdugotrajniju
poboljšavati	poboljšavah poboljšavahu poboljšavaj poboljšavajmo poboljšavajte poboljšavajući poboljšavasmo poboljšavaste poboljšavate poboljšavaće poboljšavaćemo poboljšavaćete poboljšavaćeš poboljšavaću poboljšavaš poboljšavaše
izdvajati	izdvajah izdvajahu izdvajaj izdvajajmo izdvajajte izdvajajući izdvajasmo izdvajaste izdvajate izdvajaće izdvajaćemo izdvajaćete izdvajaćeš izdvajaću izdvajaše
dotrčati	dotrča dotrčah dotrčasmo dotrčaste dotrčavši dotrčaće dotrčaćemo dotrčaćete dotrčaćeš dotrčaću dotrčaše dotrčimo dotrčite dotrčiš
šapnuti	šapnemo šapnete šapnimo šapnite šapnu šapnuh šapnusmo šapnuste šapnuvši šapnuće šapnućemo šapnućete šapnućeš šapnuše
jedrenje	jedrenjem jedrenjima
reinkarnacija	reinkarnacijama reinkarnacijo reinkarnacijom
prosječan	prosječnih prosječnim prosječnima prosječnoga prosječnoj prosječnom prosječnome prosječnomu
utvara	utvari utvaro utvarom
škripa	škripo škripom
krntija	krntijama
liberal	liberalom liberalu
čežnja	čežnjama čežnjo
zlatar	zlatarima zlatarom
stolac	stoca stocem stocu stolaca stolačka stolcem stolci stolcima stolče stočanin stočanka
trzaj	trzaje trzajima
potop	potopima potopom
jedinac	jedinaca jedince jedincem jedinci jedincima jedinče
apostol	apostolom apostolu
gigantski	gigantskima gigantskoga gigantskoj gigantskom gigantskome gigantskomu
milostiv	milostia milostie milostii milostiih milostiim milostiima milostio milostiog milostioga milostioj milostiom milostiome milostiomu milostiu milostivija milostivije milostivijeg milostivijega milostivijem milostivijemu milostiviji milostivijih milostivijim milostivijima milostivijoj milostivijom milostiviju najmilostivija najmilostivije najmilostivijeg najmilostivijega najmilostivijem najmilostivijemu najmilostiviji najmilostivijih najmilostivijim najmilostivijima najmilostivijoj najmilostivijom najmilostiviju
psovka	psovci psovko psovkom
kovanica	kovanici kovanico kovanicom
urođen	urođenih urođenim urođenima urođenog urođenoga urođenoj urođenome urođenomu
elektromagnetni	elektromagnetnima elektromagnetnoga elektromagnetnoj elektromagnetnom elektromagnetnome elektromagnetnomu
prisila	prisilama prisilo
variti	varena varene vareni vareno vareći varih varihu varila varile varili varilo varimo varismo variste varite variće varićemo varićete varićeš variću variš variše
usisati	usisah usisasmo usisaste usisavši usisaće usisaćemo usisaćete usisaćeš usisaću usisaše usiše usišem usišemo usišete usišeš usiši usišimo usišite usišu
potišten	najpotištenija najpotištenije najpotištenijeg najpotištenijega najpotištenijem najpotištenijemu najpotišteniji najpotištenijih najpotištenijim najpotištenijima najpotištenijoj najpotištenijom najpotišteniju potištene potištenih potištenija potištenije potištenijeg potištenijega potištenijem potištenijemu potišteniji potištenijih potištenijim potištenijima potištenijoj potištenijom potišteniju potištenim potištenima potištenog potištenoga potištenoj potištenom potištenome potištenomu potištenu
objektivan	najobjektivnija najobjektivnije najobjektivnijeg najobjektivnijega najobjektivnijem najobjektivnijemu najobjektivniji najobjektivnijih najobjektivnijim najobjektivnijima najobjektivnijoj najobjektivnijom najobjektivniju objektivnih objektivnija objektivnije objektivnijeg objektivnijega objektivnijem objektivnijemu objektivniji objektivnijih objektivnijim objektivnijima objektivnijoj objektivnijom objektivniju objektivnim objektivnima objektivno objektivnog objektivnoga objektivnoj objektivnom objektivnome objektivnomu objektivnu
morena	morenama morene moreni morenu
proračunati	proračunah proračunaj proračunajmo proračunajte proračunaju proračunam proračunamo proračunasmo proračunaste proračunate proračunavši proračunaće proračunaćemo proračunaćete proračunaćeš proračunaću proračunaš proračunaše
izravan	izravnih izravnija izravnije izravnijeg izravnijega izravnijem izravnijemu izravniji izravnijih izravnijim izravnijima izravnijoj izravnijom izravniju izravnim izravnima izravnog izravnoga izravnoj izravnome izravnomu najizravnija najizravnije najizravnijeg najizravnijega najizravnijem najizravnijemu najizravniji najizravnijih najizravnijim najizravnijima najizravnijoj najizravnijom najizravniju
zabijati	zabijah zabijahu zabijaj zabijajmo zabijajte zabijajući zabijamo zabijasmo zabijaste zabijate zabijaće zabijaćemo zabijaćete zabijaćeš zabijaću zabijaše
korijen	korijenom
saveznički	savezničkima savezničkog savezničkoga savezničkoj savezničkom savezničkome savezničkomu
lutak	lucima
bajonet	bajonetu
mrzak	mrskih mrskija mrskije mrskijeg mrskijega mrskijem mrskijemu mrskiji mrskijih mrskijim mrskijima mrskijoj mrskijom mrskiju mrskim mrskima mrskoga mrskoj mrskom mrskome mrskomu mrsku mrži najmrskija najmrskije najmrskijeg najmrskijega najmrskijem najmrskijemu najmrskiji najmrskijih najmrskijim najmrskijima najmrskijoj najmrskijom najmrskiju
prihvatilište	prihvatilištem prihvatilištima
zaglibiti	zaglibe zaglibi zaglibih zaglibim zaglibimo zaglibismo zaglibiste zaglibite zaglibivši zaglibiće zaglibićemo zaglibićete zaglibićeš zaglibiću zaglibiš zaglibiše zaglibljivati
asistirati	asistirah asistirahu asistiraj asistirajmo asistirajte asistiraju asistirajući asistiramo asistiranje asistirasmo asistiraste asistiraće asistiraćemo asistiraćete asistiraćeš asistiraću asistiraše
varijacija	varijaciji varijacijo varijacijom
zinuti	zinemo zinete zinimo zinuh zinusmo zinuste zinuvši zinuće zinućemo zinućete zinućeš zinuću zinuše
pribaviti	pribave pribavih pribavismo pribaviste pribavivši pribaviće pribavićemo pribavićete pribavićeš pribaviću pribaviše pribavljati
zapažati	zapažah zapažahu zapažaj zapažajmo zapažajte zapažaju zapažajući zapažamo zapažasmo zapažaste zapažaće zapažaćemo zapažaćete zapažaćeš zapažaću zapažaše
smaknuće	smaknućem smaknućima
sinoćnji	sinoćnjega sinoćnjemu sinoćnjih sinoćnjim sinoćnjima sinoćnjom
rastojanje	rastojanjem rastojanjima
svjetiljka	svjetiljaka svjetiljci svjetiljkama svjetiljko
galon	galone galoni galonima galonom
mrmljati	mrmljah mrmljahu mrmljaj mrmljajmo mrmljajte mrmljamo mrmljasmo mrmljaste mrmljaće mrmljaćemo mrmljaćete mrmljaćeš mrmljaću mrmljaše
sprdati	sprdah sprdahu sprdajmo sprdajte sprdajući sprdanje sprdasmo sprdaste sprdaće sprdaćemo sprdaćete sprdaćeš sprdaću sprdaše
smještaj	smještaje smještajem smještaji smještajima
trijezan	najtrjeznija najtrjeznije najtrjeznijeg najtrjeznijega najtrjeznijem najtrjeznijemu najtrjezniji najtrjeznijih najtrjeznijim najtrjeznijima najtrjeznijoj najtrjeznijom najtrjezniju trijezne trijeznih trijeznim trijeznima trijezno trijeznog trijeznoga trijeznoj trijeznom trijeznome trijeznomu trijeznu trjeznija trjeznije trjeznijeg trjeznijega trjeznijem trjeznijemu trjezniji trjeznijih trjeznijim trjeznijima trjeznijoj trjeznijom trjezniju
miljenik	miljenicima miljenikom miljeniku miljeniče
saditi	sadeći sadiće sadićemo sadićete sadićeš sadiću sađah sađahu sađasmo sađaste sađaše
opatica	opatici opaticom
gamad	gamađu
grm	grmom grmove grmovi grmovima
štićenik	štićenicima štićenikom štićeniče
plast	plasta plaste plastom plastova plastove plastovi plastovima
ucjena	ucjenama ucjeno
potpredsjednik	potpredsjednici potpredsjednicima potpredsjednike potpredsjedniku
mrkva	mrkava mrkvama mrkvi mrkvo
zračiti	zračah zračahu zračasmo zračaste zračaše zračeći zračimo zračiće zračićemo zračićete zračićeš zračiću
prikrivanje	prikrivanjima
goveđi	goveđega goveđem goveđemu goveđim goveđima goveđoj goveđom
jugoistočni	jugoistočnih jugoistočnim jugoistočnima jugoistočno jugoistočnoga jugoistočnome jugoistočnomu
gumica	gumicama gumici
izvoz	izvozima
džoker	džokere džokerima džokerom
uzdržavati	uzdržavah uzdržavahu uzdržavajmo uzdržavajte uzdržavajući uzdržavamo uzdržavasmo uzdržavaste uzdržavate uzdržavaće uzdržavaćemo uzdržavaćete uzdržavaćeš uzdržavaću uzdržavaše
nar	narom narova narove narovi narovima
obavještajni	obavještajnim obavještajnima obavještajno obavještajnog obavještajnoga obavještajnome obavještajnomu
stup	stupić stupom
kvačilo	kvačilima kvačilu
podešavati	podešavah podešavahu podešavaj podešavajmo podešavajte podešavajući podešavamo podešavasmo podešavaste podešavate podešavaće podešavaćemo podešavaćete podešavaćeš podešavaću podešavaš podešavaše
priličiti	priličah priličahu priličasmo priličaste priličaše priličenje priličeći priličim priličimo priličite priličiće priličićemo priličićete priličićeš priličiću priličiš
zaljev	zaljeve zaljevi zaljevima zaljevom
zapušiti	zapušenje zapuših zapušimo zapušismo zapušiste zapušivši zapušiće zapušićemo zapušićete zapušićeš zapušiću zapušiše
matematičar	matematičare matematičarima matematičarom matematičaru
hoditi	hode hodeći hodim hodimo hodiće hodićemo hodićete hodićeš hodiću hodiš hođah hođahu hođasmo hođaste hođaše hođenje
prevazilaziti	prevazilazim prevazilazimo prevazilazite prevazilaziće prevazilazićemo prevazilazićete prevazilazićeš prevazilazići prevazilaziću prevazilaziš
trepavica	trepavici trepavico trepavicom
prebijati	prebijah prebijahu prebijaj prebijajmo prebijajte prebijajući prebijamo prebijasmo prebijaste prebijate prebijaće prebijaćemo prebijaćete prebijaćeš prebijaću prebijaše
prevladati	prevladah prevladaj prevladajmo prevladajte prevladam prevladamo prevladasmo prevladaste prevladate prevladavši prevladaće prevladaćemo prevladaćete prevladaćeš prevladaću prevladaše
zloba	zlobo
izuzeti	izuze izuzeh izuzesmo izuzeste izuzeće izuzećemo izuzećete izuzećeš izuzeću izuzeše izuzmete izuzmeš izuzmi izuzmimo izuzmite izuzmu
klošar	klošarom
gospon	gospona gosponami gospone gosponi gosponom gosponoma gosponov gosponu
mekušac	mekušcem mekušcima mekušče
izrađivati	izrađivah izrađivahu izrađivanje izrađivasmo izrađivaste izrađivaće izrađivaćemo izrađivaćete izrađivaćeš izrađivaću izrađivaše izrađuj izrađujete izrađujmo izrađujte izrađujući
uviti	uvi uvih uvijati uvijemo uvijete uviješ uvijmo uvijte uviju uvismo uviste uvivši uviće uvićemo uvićete uvićeš uviću uviše
eliminacija	eliminacijama eliminacijo
sezonski	sezonskima sezonskog sezonskoga sezonskoj sezonskom sezonskome sezonskomu
svetlucav	svetlucavima svetlucavog svetlucavoga svetlucavoj svetlucavome svetlucavomu
skalp	skalpe skalpom skalpovima
inkvizicija	inkvizicijama inkvizicijo
kemikalija	kemikaliji kemikalijo kemikalijom
sumoran	najsumornija najsumornije najsumornijeg najsumornijega najsumornijem najsumornijemu najsumorniji najsumornijih najsumornijim najsumornijima najsumornijoj najsumornijom najsumorniju sumornih sumornija sumornije sumornijeg sumornijega sumornijem sumornijemu sumorniji sumornijih sumornijim sumornijima sumornijoj sumornijom sumorniju sumornima sumorno sumornoga sumornoj sumornome sumornomu
blatnjav	blatnjavih blatnjavija blatnjavije blatnjavijeg blatnjavijega blatnjavijem blatnjavijemu blatnjaviji blatnjavijih blatnjavijim blatnjavijima blatnjavijoj blatnjavijom blatnjaviju blatnjavima blatnjavog blatnjavoga blatnjavome blatnjavomu najblatnjavija najblatnjavije najblatnjavijeg najblatnjavijega najblatnjavijem najblatnjavijemu najblatnjaviji najblatnjavijih najblatnjavijim najblatnjavijima najblatnjavijoj najblatnjavijom najblatnjaviju
sujeverje	sujeverjima
oaza	oazama oazo oazom
alijansa	alijansama alijanso alijansom
bušotina	bušotino bušotinom
ložiti	ložah ložahu ložasmo ložaste ložaše ložen ložeći ložimo ložiće ložićemo ložićete ložićeš ložiću
odvojen	odvojeniji
savladati	savladavši svladah svladaj svladajmo svladajte svladaju svladam svladamo svladasmo svladaste svladate svladaće svladaćemo svladaćete svladaćeš svladaću svladaš svladaše
učen	najučenija najučenije najučenijeg najučenijega najučenijem najučenijemu najučeniji najučenijih najučenijim najučenijima najučenijoj najučenijom najučeniju učenija učenije učenijeg učenijega učenijem učenijemu učeniji učenijih učenijim učenijima učenijoj učenijom učeniju učenim učenima učeno učenoga učenoj učenom učenome učenomu učenu
detonacija	detonacijama detonaciji detonacijo detonacijom
nepokretan	najnepokretnija najnepokretnije najnepokretnijeg najnepokretnijega najnepokretnijem najnepokretnijemu najnepokretniji najnepokretnijih najnepokretnijim najnepokretnijima najnepokretnijoj najnepokretnijom najnepokretniju nepokretnih nepokretnija nepokretnije nepokretnijeg nepokretnijega nepokretnijem nepokretnijemu nepokretniji nepokretnijih nepokretnijim nepokretnijima nepokretnijoj nepokretnijom nepokretniju nepokretnim nepokretnima nepokretnog nepokretnoga nepokretnoj nepokretnom nepokretnome nepokretnomu
riznica	riznicama riznico riznicom
cvećar	cvećarima cvećarom
omogućivati	omogućivah omogućivahu omogućivanje omogućivasmo omogućivaste omogućivaće omogućivaćemo omogućivaćete omogućivaćeš omogućivaću omogućivaše omogućuj omogućujem omogućujemo omogućujete omogućuješ omogućujmo omogućujte
nokaut	nokaute nokautu
majoneza	majonezama majonezi majonezo
narcis	narcisima narcisom
prljati	prljah prljahu prljajmo prljajte prljajući prljamo prljanje prljasmo prljaste prljaće prljaćemo prljaćete prljaćeš prljaću prljaše
privezati	priveza privezah privezasmo privezaste privezavši privezaće privezaćemo privezaćete privezaćeš privezaću privezaše privezivati priveže privežete privežeš privežimo privežu
njutn	njutne njutni njutnima njutnom
gusenica	gusenicama gusenicom
uvjerljiv	najuvjerljivija najuvjerljivije najuvjerljivijeg najuvjerljivijega najuvjerljivijem najuvjerljivijemu najuvjerljiviji najuvjerljivijih najuvjerljivijim najuvjerljivijima najuvjerljivijoj najuvjerljivijom najuvjerljiviju uvjerljivih uvjerljivija uvjerljivijeg uvjerljivijega uvjerljivijem uvjerljivijemu uvjerljivijih uvjerljivijim uvjerljivijima uvjerljivijoj uvjerljivijom uvjerljiviju uvjerljivim uvjerljivima uvjerljivo uvjerljivog uvjerljivoga uvjerljivoj uvjerljivom uvjerljivome uvjerljivomu uvjerljivu
beležnica	beležnicama beležnicom
neiskusan	najneiskusnija najneiskusnije najneiskusnijeg najneiskusnijega najneiskusnijem najneiskusnijemu najneiskusniji najneiskusnijih najneiskusnijim najneiskusnijima najneiskusnijoj najneiskusnijom najneiskusniju neiskusnih neiskusnija neiskusnije neiskusnijeg neiskusnijega neiskusnijem neiskusnijemu neiskusniji neiskusnijih neiskusnijim neiskusnijima neiskusnijoj neiskusnijom neiskusniju neiskusnima neiskusno neiskusnoga neiskusnoj neiskusnom neiskusnome neiskusnomu neiskusnu
obmanjivati	obmanjivah obmanjivahu obmanjivasmo obmanjivaste obmanjivaće obmanjivaćemo obmanjivaćete obmanjivaćeš obmanjivaću obmanjivaše obmanjuj obmanjujmo obmanjujte obmanjujući
šačica	šačicama šačico
smrtnost	smrtnostima
kavana	kavanama kavanom
verenički	vereničke vereničkih vereničkim vereničkima vereničko vereničkog vereničkoga vereničkoj vereničkom vereničkome vereničkomu
električar	električare električarima električarom električaru
bambus	bambuse bambusi bambusima
šraf	šaf šrafe šrafom šrafovima šrafu
kriška	krišaka krišci kriškama kriško
marica	maricama marico maricom
kajgana	kajganama kajgani kajgano kajganom
griža	grižama griži grižo
suzdržavati	suzdržavah suzdržavahu suzdržavajmo suzdržavajte suzdržavajući suzdržavamo suzdržavasmo suzdržavaste suzdržavate suzdržavaće suzdržavaćemo suzdržavaćete suzdržavaćeš suzdržavaću suzdržavaše
žbun	žbune žbunove žbunovi žbunovima
opaska	opasci opasko opaskom
bula	bulama bulo bulom
neprekidan	neprekidnih neprekidnima neprekidnoga neprekidnoj neprekidnome neprekidnomu
mutiti	muteći mutila mutile mutili mutilo mutimo mutiće mutićemo mutićete mutićeš mutiću mućah mućahu mućasmo mućaste mućaše mućen mućenje
propisati	propisah propisasmo propisaste propisavši propisaće propisaćemo propisaćete propisaćeš propisaću propisaše propiše propišem propišemo propišete propišeš propiši propišimo propišite propišu
subotnji	subotnjega subotnjem subotnjemu subotnjih subotnjim subotnjima subotnjom
neobjašnjiv	neobjašnjivima neobjašnjivoga neobjašnjivoj neobjašnjivom neobjašnjivome neobjašnjivomu
otpadnik	otpadnikom otpadniku otpadniče
jajašce	jajašcem jajašceta jajašcima jajašcu
hipoteza	hipotezama hipotezo hipotezom
gimnastika	gimnastiko
kolonijalan	kolonijalnima kolonijalnoga kolonijalnome kolonijalnomu
pramen	pramena pramene prameni pramenima pramenom pramenu
škrt	najškrtija najškrtije najškrtijeg najškrtijega najškrtijem najškrtijemu najškrtiji najškrtijih najškrtijim najškrtijima najškrtijoj najškrtijom najškrtiju škrte škrtih škrtija škrtije škrtijeg škrtijega škrtijem škrtijemu škrtiji škrtijih škrtijim škrtijima škrtijoj škrtijom škrtiju škrtim škrtima škrtog škrtoga škrtoj škrtom škrtome škrtomu škrtu
pomiješati	pomiješah pomiješaj pomiješajmo pomiješajte pomiješam pomiješamo pomiješasmo pomiješaste pomiješate pomiješavši pomiješaće pomiješaćemo pomiješaćete pomiješaćeš pomiješaću pomiješaše
njihati	njihah njihahu njihasmo njihaste njihaće njihaćemo njihaćete njihaćeš njihaću njihaše njišemo njišete njišimo njišite njišući
visoravan	visoravnju
šetač	šetačem šetačima
mirotvorac	mirotvorcem mirotvorcu mirotvorče
debljina	debljinama debljino debljinom
ushićen	najushićenija najushićenije najushićenijeg najushićenijega najushićenijem najushićenijemu najushićeniji najushićenijih najushićenijim najushićenijima najushićenijoj najushićenijom najushićeniju ushićene ushićenih ushićenija ushićenije ushićenijeg ushićenijega ushićenijem ushićenijemu ushićeniji ushićenijih ushićenijim ushićenijima ushićenijoj ushićenijom ushićeniju ushićenim ushićenima ushićenog ushićenoga ushićenoj ushićenom ushićenome ushićenomu ushićenu
pravilnik	pravilnici pravilnicima pravilnike pravilniče
osporiti	osporih osporimo osporismo osporiste osporivši osporiće osporićemo osporićete osporićeš osporiću osporiše
beleg	belegu belezi belezima
klonja	klonjama klonjo klonjom
blagdan	blagdanima blagdanom blagdanu
ugostiti	ugoste ugostih ugostismo ugostiste ugostite ugostivši ugostiće ugostićemo ugostićete ugostićeš ugostiću ugostiš ugostiše
utovar	utovarima
kopač	kopačem kopačima
raseliti	raseli raselih raselim raselimo raselismo raseliste raselite raselivši raseliće raselićemo raselićete raselićeš raseliću raseliš raseliše raseljenje
babica	babicama babici babicom
stanka	stankama stanki stanko stankom
odenuti	odede odedoh odedosmo odedoste odedoše odene odenem odenemo odenete odeneš odeni odenimo odenite odenu odenut odenuta odenute odenuto odenuće odenućemo odenućete odenućeš odenuću odevši
human	humanih humanija humanijeg humanijega humanijem humanijemu humanijih humanijim humanijima humanijoj humanijom humaniju humanim humanima humano humanog humanoga humanoj humanom humanome humanomu najhumanija najhumanije najhumanijeg najhumanijega najhumanijem najhumanijemu najhumaniji najhumanijih najhumanijim najhumanijima najhumanijoj najhumanijom najhumaniju
baratati	baratah baratahu barataj baratajmo baratajte baratajući baratamo baratasmo barataste barataće barataćemo barataćete barataćeš barataću barataše
zatrovati	zatrova zatrovah zatrovasmo zatrovaste zatrovavši zatrovaće zatrovaćemo zatrovaćete zatrovaćeš zatrovaću zatrovaše zatruj zatrujem zatrujemo zatrujete zatruješ zatrujmo zatrujte zatruju
otkloniti	otklonih otklonismo otkloniste otklonivši otkloniće otklonićemo otklonićete otklonićeš otkloniću otkloniše
okršaj	okršaje okršajem okršaji okršajima
pegla	pegala peglama pegli peglo
šarlatan	šarlatanima šarlatanom
srdačan	najsrdačnija najsrdačnijeg najsrdačnijega najsrdačnijem najsrdačnijemu najsrdačniji najsrdačnijih najsrdačnijim najsrdačnijima najsrdačnijoj najsrdačnijom najsrdačniju srdačnih srdačnija srdačnije srdačnijeg srdačnijega srdačnijem srdačnijemu srdačniji srdačnijih srdačnijim srdačnijima srdačnijoj srdačnijom srdačniju srdačnim srdačnima srdačno srdačnog srdačnoga srdačnoj srdačnom srdačnome srdačnomu
dača	dačama dačom
skeptičan	najskeptičnija najskeptičnije najskeptičnijeg najskeptičnijega najskeptičnijem najskeptičnijemu najskeptičniji najskeptičnijih najskeptičnijim najskeptičnijima najskeptičnijoj najskeptičnijom najskeptičniju skeptične skeptičnih skeptičnija skeptičnije skeptičnijeg skeptičnijega skeptičnijem skeptičnijemu skeptičniji skeptičnijih skeptičnijim skeptičnijima skeptičnijoj skeptičnijom skeptičniju skeptičnim skeptičnima skeptičnog skeptičnoga skeptičnoj skeptičnom skeptičnome skeptičnomu skeptičnu
vješt	najvještija najvještije najvještijeg najvještijega najvještijem najvještijemu najvještiji najvještijih najvještijim najvještijima najvještijoj najvještijom najvještiju vještih vještija vještije vještijeg vještijega vještijem vještijemu vještiji vještijih vještijim vještijima vještijoj vještijom vještiju vještim vještima vještog vještoga vještoj vještom vještome vještomu vještu
nemoralan	najnemoralnija najnemoralnije najnemoralnijeg najnemoralnijega najnemoralnijem najnemoralnijemu najnemoralniji najnemoralnijih najnemoralnijim najnemoralnijima najnemoralnijoj najnemoralnijom najnemoralniju nemoralnija nemoralnije nemoralnijeg nemoralnijega nemoralnijem nemoralnijemu nemoralniji nemoralnijih nemoralnijim nemoralnijima nemoralnijoj nemoralnijom nemoralniju nemoralnima nemoralnoga nemoralnoj nemoralnome nemoralnomu nemoralnu
konkurent	konkurentom konkurentu
broš	brošem broševa broševe broševi broševima brošu
božica	božicama božico božicom
ravnodušan	najravnodušnija najravnodušnije najravnodušnijeg najravnodušnijega najravnodušnijem najravnodušnijemu najravnodušniji najravnodušnijih najravnodušnijim najravnodušnijima najravnodušnijoj najravnodušnijom najravnodušniju ravnodušne ravnodušnih ravnodušnija ravnodušnije ravnodušnijeg ravnodušnijega ravnodušnijem ravnodušnijemu ravnodušniji ravnodušnijih ravnodušnijim ravnodušnijima ravnodušnijoj ravnodušnijom ravnodušniju ravnodušnima ravnodušnog ravnodušnoga ravnodušnoj ravnodušnom ravnodušnome ravnodušnomu ravnodušnu
prolaznik	prolaznikom prolazniku prolazniče
jesenji	jesenjega jesenjemu jesenjih jesenjima jesenjoj jesenjom
čizburger	čizburgerima čizburgerom čizburgeru
lokva	lokava lokvama lokvo lokvom
pramac	pramaca pramce pramcem pramci pramcima pramče
prodavačica	prodavačicama prodavačici prodavačicom
prethodnik	prethodnicima prethodnike prethodnikom prethodniče
nektar	nektare nektari nektarima nektaru
upitnik	upitnici upitnicima upitniče
napušen	napušene napušenih napušenim napušenima napušeno napušenog napušenoga napušenoj napušenom napušenome napušenomu napušenu
podložan	najpodložnija najpodložnije najpodložnijeg najpodložnijega najpodložnijem najpodložnijemu najpodložniji najpodložnijih najpodložnijim najpodložnijima najpodložnijoj najpodložnijom najpodložniju podložnih podložnija podložnije podložnijeg podložnijega podložnijem podložnijemu podložnijih podložnijim podložnijima podložnijoj podložnijom podložniju podložnim podložnima podložnog podložnoga podložnoj podložnom podložnome podložnomu podložnu
čarobnica	čarobnicama čarobnici čarobnico čarobnicom
najuriti	najurih najurimo najurismo najuriste najurite najurivati najurivši najuriće najurićemo najurićete najurićeš najuriću najuriš najuriše
platni	platnih platnim platnima platnoga platnome platnomu
prestignuti	prestigavši prestigle prestiglo prestignete prestigneš prestignimo prestignite prestignu prestignuh prestignuli prestignuo prestignusmo prestignuste prestignuvši prestignuše prestigoh prestigosmo prestigoste prestigoše prestizati
usmeravati	usmeravah usmeravahu usmeravaj usmeravajmo usmeravajte usmeravajući usmeravasmo usmeravaste usmeravate usmeravaće usmeravaćemo usmeravaćete usmeravaćeš usmeravaću usmeravaše
bijedan	bijednima bijedno bijednoga bijednoj bijednome bijednomu bjednija bjednije bjednijeg bjednijega bjednijem bjednijemu bjedniji bjednijih bjednijim bjednijima bjednijoj bjednijom bjedniju najbjednija najbjednije najbjednijeg najbjednijega najbjednijem najbjednijemu najbjedniji najbjednijih najbjednijim najbjednijima najbjednijoj najbjednijom najbjedniju
zalog	zalogom zalogu založe
avans	avanse avansi avansima avansom avansu
adut	adutima adutom adutu
akutan	akutnih akutnija akutnije akutnijeg akutnijega akutnijem akutnijemu akutniji akutnijih akutnijim akutnijima akutnijoj akutnijom akutniju akutnima akutnoga akutnoj akutnome akutnomu najakutnija najakutnije najakutnijeg najakutnijega najakutnijem najakutnijemu najakutniji najakutnijih najakutnijim najakutnijima najakutnijoj najakutnijom najakutniju
suton	sutone sutoni sutonima sutonom
džokej	džokejima džokejom
kontrakcija	kontrakcijama kontrakciji kontrakcijo kontrakcijom
primoravati	primoravah primoravahu primoravajmo primoravajte primoravamo primoravanje primoravasmo primoravaste primoravaće primoravaćemo primoravaćete primoravaćeš primoravaću primoravaše
artritis	artritise artritisu
ep	epe epom epova epove epovi epovima
traumatičan	najtraumatičnija najtraumatičnije najtraumatičnijeg najtraumatičnijega najtraumatičnijem najtraumatičnijemu najtraumatičniji najtraumatičnijih najtraumatičnijim najtraumatičnijima najtraumatičnijoj najtraumatičnijom najtraumatičniju traumatičnih traumatičnija traumatičnije traumatičnijeg traumatičnijega traumatičnijem traumatičnijemu traumatičniji traumatičnijih traumatičnijim traumatičnijima traumatičnijoj traumatičnijom traumatičniju traumatičnim traumatičnima traumatičnoga traumatičnoj traumatičnom traumatičnome traumatičnomu traumatičnu
prevaliti	prevalih prevalimo prevalismo prevaliste prevalite prevalivši prevaliće prevalićemo prevalićete prevalićeš prevaliću prevališ prevališe
neizvesnost	neizvesnošću
novorođenče	novorođenčađu novorođenčetom novorođenčetu
samit	samite samiti samitima samitom
trska	trsaka trsci trskama trski trsko
neodlučan	najneodlučnija najneodlučnije najneodlučnijeg najneodlučnijega najneodlučnijem najneodlučnijemu najneodlučniji najneodlučnijih najneodlučnijim najneodlučnijima najneodlučnijoj najneodlučnijom najneodlučniju neodlučnija neodlučnije neodlučnijeg neodlučnijega neodlučnijem neodlučnijemu neodlučniji neodlučnijih neodlučnijim neodlučnijima neodlučnijoj neodlučnijom neodlučniju neodlučnim neodlučnima neodlučnog neodlučnoga neodlučnoj neodlučnom neodlučnome neodlučnomu neodlučnu
betonski	betonskima betonsko betonskoga betonskome betonskomu
sadist	sadistima sadistom
šljunak	šljunaka šljunci šljuncima šljunke šljunče
blenuti	blenemo bleni blenimo blenite blenuh blenusmo blenuste blenuvši blenuće blenućemo blenućete blenućeš blenuću blenuše
testenina	testeninama testenini testenino
pacifički	pacifičkim pacifičkima pacifičkoga pacifičkome pacifičkomu
pritvoriti	pritvorih pritvorismo pritvoriste pritvorivši pritvoriće pritvorićemo pritvorićete pritvorićeš pritvoriću pritvoriš pritvoriše
zaštitnički	zaštitničke zaštitničkih zaštitničkim zaštitničkima zaštitničko zaštitničkog zaštitničkoga zaštitničkoj zaštitničkom zaštitničkome zaštitničkomu zaštitničku
treperiti	treperah treperahu treperasmo treperaste treperaše trepereći treperimo treperite treperiće treperićemo treperićete treperićeš treperiću treperiš
kliker	klikerom klikeru
utapati	utapah utapahu utapaj utapajmo utapajte utapajući utapamo utapasmo utapaste utapate utapaće utapaćemo utapaćete utapaćeš utapaću utapaše
reciklirati	reciklirah reciklirahu recikliraj reciklirajmo reciklirajte reciklirajući recikliranje reciklirasmo recikliraste reciklirate recikliravši recikliraće recikliraćemo recikliraćete recikliraćeš recikliraću recikliraše
sirot	najsirotija najsirotije najsirotijeg najsirotijega najsirotijem najsirotijemu najsirotiji najsirotijih najsirotijim najsirotijima najsirotijoj najsirotijom najsirotiju sirotija sirotije sirotijeg sirotijega sirotijem sirotijemu sirotiji sirotijih sirotijim sirotijima sirotijoj sirotijom sirotiju sirotima sirotoga sirotome sirotomu
lopatica	lopaticama lopatico
urota	urotama uroto urotom
selen	seleni selenima selenom
aorta	aorata aortama aorto aortom
labav	labavija labavije labavijeg labavijega labavijem labavijemu labaviji labavijih labavijim labavijima labavijoj labavijom labaviju labavim labavima labavo labavoga labavoj labavom labavome labavomu labavu najlabavija najlabavije najlabavijeg najlabavijega najlabavijem najlabavijemu najlabaviji najlabavijih najlabavijim najlabavijima najlabavijoj najlabavijom najlabaviju
galaktika	galaktikama galaktiko galaktikom
prisloniti	prislanjati prislone prislonih prislonimo prislonismo prisloniste prislonivši prisloniće prislonićemo prislonićete prislonićeš prisloniću prisloniše
bezdušan	bezdušnih bezdušnija bezdušnije bezdušnijeg bezdušnijega bezdušnijem bezdušnijemu bezdušniji bezdušnijih bezdušnijim bezdušnijima bezdušnijoj bezdušnijom bezdušniju bezdušnim bezdušnima bezdušnog bezdušnoga bezdušnoj bezdušnom bezdušnome bezdušnomu bezdušnu najbezdušnija najbezdušnije najbezdušnijeg najbezdušnijega najbezdušnijem najbezdušnijemu najbezdušniji najbezdušnijih najbezdušnijim najbezdušnijima najbezdušnijoj najbezdušnijom najbezdušniju
naslednica	nasjednicama naslednicama naslednico
ništavilo	ništavilom
konfederacija	konfederacijama konfederacijo konfederacijom
tutor	tutore tutorima tutoru
derbi	derbije derbijem derbiji derbijima
talentiran	najtalentiranija najtalentiranije najtalentiranijeg najtalentiranijega najtalentiranijem najtalentiranijemu najtalentiraniji najtalentiranijih najtalentiranijim najtalentiranijima najtalentiranijoj najtalentiranijom najtalentiraniju talentirane talentiranih talentiranija talentiranije talentiranijeg talentiranijega talentiranijem talentiranijemu talentiraniji talentiranijih talentiranijim talentiranijima talentiranijoj talentiranijom talentiraniju talentiranim talentiranima talentirano talentiranog talentiranoga talentiranoj talentiranom talentiranome talentiranomu talentiranu
masnica	masnici
smiješiti	smiešiti smiješah smiješahu smiješasmo smiješaste smiješaše smiješenje smiješeći smiješimo smiješiće smiješićemo smiješićete smiješićeš smiješiću
miting	mitingom mitinzi mitinzima mitinže
ostanak	ostanaka ostanci ostancima ostanke ostanče
obrazovni	obrazovnim obrazovnima obrazovnoga obrazovnoj obrazovnome obrazovnomu obrazovnu
mašinerija	mašinerijama mašinerijo
unosan	najunosnija najunosnije najunosnijeg najunosnijega najunosnijem najunosnijemu najunosniji najunosnijih najunosnijim najunosnijima najunosnijoj najunosnijom najunosniju unosnih unosnija unosnijeg unosnijega unosnijem unosnijemu unosniji unosnijih unosnijim unosnijima unosnijoj unosnijom unosniju unosnim unosnima unosnog unosnoga unosnoj unosnom unosnome unosnomu
nagovestiti	nagoveste nagovestih nagovestimo nagovestismo nagovestiste nagovestite nagovestivši nagovestiće nagovestićemo nagovestićete nagovestićeš nagovestiše
anarhist	anarhistom anarhistu
preraditi	preradih preradismo preradiste preradite preradivši preradiće preradićemo preradićete preradićeš preradiću preradiš preradiše
proton	protonima protonom protonu
razonoda	razonodama razonodo razonodom
retkost	retkostima retkošću
lavabo	lavaboe lavaboi lavaboima lavaboom
kengur	kengurima kenguru
vutra	vutri vutro vutrom
sekundaran	sekundarnim sekundarnima sekundarnoga sekundarnoj sekundarnom sekundarnome sekundarnomu
polen	polene polenu
saudijski	saudijskih saudijskim saudijskima saudijsko saudijskoga saudijskome saudijskomu
suvišan	suvišnima suvišno suvišnoga suvišnoj suvišnom suvišnome suvišnomu suvišnu
obrukati	obrukah obrukaj obrukajmo obrukajte obrukaju obrukamo obrukasmo obrukaste obrukate obrukavši obrukaće obrukaćemo obrukaćete obrukaćeš obrukaću obrukaše
kolumbijski	kolumbijskima kolumbijsko kolumbijskoga kolumbijskoj kolumbijskome kolumbijskomu
pregovarač	pregovarače pregovaračem pregovaračima pregovaraču
vibrirati	vibrirah vibrirahu vibriraj vibrirajmo vibrirajte vibriramo vibrirasmo vibriraste vibrirate vibriraće vibriraćemo vibriraćete vibriraćeš vibriraću vibriraš vibriraše
posveta	posvetama posveto
aroma	aromama aromi aromo
prijemnik	prijemnicima prijemniku prijemniče
jagnjetina	jagnjetini jagnjetino
nedoumica	nedoumicama nedoumico nedoumicom
iznuda	iznudama iznudo iznudom
steg	stegom stegova stegove stegovi stegovima
udovac	udovaca udovce udovcem udovcima udovcu udovče
prodirati	prodirah prodirahu prodirasmo prodiraste prodiraće prodiraćemo prodiraćete prodiraćeš prodiraću prodiraše prodirem prodiremo prodirete prodireš prodiri prodirimo prodirite prodirući
svekrva	svekrvama svekrvo
kogod	kimegod kogagod komegod
sramotan	najsramotnija najsramotnije najsramotnijeg najsramotnijega najsramotnijem najsramotnijemu najsramotniji najsramotnijih najsramotnijim najsramotnijima najsramotnijoj najsramotnijom najsramotniju sramotnih sramotnija sramotnije sramotnijeg sramotnijega sramotnijem sramotnijemu sramotniji sramotnijih sramotnijim sramotnijima sramotnijoj sramotnijom sramotniju sramotnima sramotnoga sramotnoj sramotnom sramotnome sramotnomu
abnormalan	abnormalnima abnormalno abnormalnoga abnormalnoj abnormalnom abnormalnome abnormalnomu
jedriti	jedrah jedrahu jedrasmo jedraste jedraše jedreći jedrite jedriće jedrićemo jedrićete jedrićeš jedriću
uzgojiti	uzgoje uzgojih uzgojim uzgojismo uzgojiste uzgojite uzgojivši uzgojiće uzgojićemo uzgojićete uzgojićeš uzgojiću uzgojiš uzgojiše
treptati	treptah treptahu treptasmo treptaste treptaće treptaćemo treptaćete treptaćeš treptaću treptaše trepćemo trepćete trepćimo trepćite
ožujak	lažujak ožu ožujaka ožujci ožujcima ožujke ožujkom ožujski ožujče
izvijestiti	izvijeste izvijestih izvijestimo izvijestismo izvijestiste izvijestivši izvijestiće izvijestićemo izvijestićete izvijestićeš izvijestiću izvijestiš izvijestiše izvješćivati
spoznaja	spoznajama spoznajo
buna	bunama buno bunom
potezati	potezah potezahu potezasmo potezaste potezaće potezaćemo potezaćete potezaćeš potezaću potezaše potežemo potežimo potežite potežući
luster	lusterima lusterom
besnilo	besnilu
vrba	vrbom
mikrob	mikrobom mikrobu
utrkivati	utrkivah utrkivahu utrkivasmo utrkivaste utrkivaće utrkivaćemo utrkivaćete utrkivaćeš utrkivaću utrkivaše utrkuj utrkujete utrkujte utrkujući
iskvariti	iskvarih iskvarim iskvarimo iskvarismo iskvariste iskvarite iskvarivši iskvariće iskvarićemo iskvarićete iskvarićeš iskvariću iskvariš iskvariše
pjesnik	piesnik pjesnicima pjesnikom pjesniku pjesniče
diskriminacija	diskriminacijama diskriminacijo diskriminacijom
asfalt	asfalte asfaltom
podbaciti	podbace podbacih podbacim podbacimo podbacismo podbaciste podbacite podbacivši podbaciće podbacićemo podbacićete podbacićeš podbaciću podbaciše
uspavanka	uspavankama uspavanki uspavankom
organiziran	najorganiziranija najorganiziranije najorganiziranijeg najorganiziranijega najorganiziranijem najorganiziranijemu najorganiziraniji najorganiziranijih najorganiziranijim najorganiziranijima najorganiziranijoj najorganiziranijom najorganiziraniju organiziranih organiziranija organiziranije organiziranijeg organiziranijega organiziranijem organiziranijemu organiziraniji organiziranijih organiziranijim organiziranijima organiziranijoj organiziranijom organiziraniju organiziranima organiziranoga organiziranoj organiziranome organiziranomu organiziranu
maslo	masla maslima maslom maslu
ultimatum	ultimatumi ultimatumima ultimatumom ultimatumu
kran	kranova kranove kranovi kranovima
ovan	ovne ovnom ovnovima
abdomen	abdomene abdomeni abdomenima abdomenom
točiti	točah točahu točasmo točaste točaše točeći točimo točite točivši točiće točićemo točićete točićeš točiću
abeceda	abecedama abecedo abecedom
stvoritelj	stvoritelje stvoriteljima
metabolizam	metabolizama metabolizme metabolizmi metabolizmima metabolizmu
verbalan	verbalnih verbalnima verbalnoga verbalnoj verbalnom verbalnome verbalnomu
štenac	štencem štencu štenče
gunđati	gunđah gunđahu gunđajmo gunđajte gunđajući gunđamo gunđasmo gunđaste gunđate gunđaće gunđaćemo gunđaćete gunđaćeš gunđaću gunđaše
veranda	verandama verando verandom
ležaj	ležaje ležajem ležaji ležajima
krpelj	krpeljom krpelju
buncati	buncah buncahu buncaj buncajmo buncajte buncaju buncajući buncamo buncasmo buncaste buncaće buncaćemo buncaćete buncaćeš buncaću buncaše
razbacivati	razbacivah razbacivahu razbacivasmo razbacivaste razbacivaće razbacivaćemo razbacivaćete razbacivaćeš razbacivaću razbacivaše razbacuj razbacujmo razbacujte razbacujući
ćaknut	najćaknutija najćaknutije najćaknutijeg najćaknutijega najćaknutijem najćaknutijemu najćaknutiji najćaknutijih najćaknutijim najćaknutijima najćaknutijoj najćaknutijom najćaknutiju ćaknutih ćaknutija ćaknutije ćaknutijeg ćaknutijega ćaknutijem ćaknutijemu ćaknutiji ćaknutijih ćaknutijim ćaknutijima ćaknutijoj ćaknutijom ćaknutiju ćaknutim ćaknutima ćaknutog ćaknutoga ćaknutoj ćaknutom ćaknutome ćaknutomu ćaknutu
pudlica	pudlicama pudlici pudlico pudlicom
manjkati	manjkah manjkahu manjkaj manjkajmo manjkajte manjkaju manjkajući manjkam manjkamo manjkanje manjkasmo manjkaste manjkate manjkaće manjkaćemo manjkaćete manjkaćeš manjkaću manjkaš manjkaše
prirediti	priređjivati
avanturist	avanturistima avanturistom
zataškavanje	zataškavanjem zataškavanjima
poništavati	poništavah poništavahu poništavaj poništavajmo poništavajte poništavajući poništavamo poništavasmo poništavaste poništavate poništavaće poništavaćemo poništavaćete poništavaćeš poništavaću poništavaš poništavaše
vokal	vokalom vokalu
opažati	opažah opažahu opažaj opažajmo opažajte opažajući opažasmo opažaste opažaće opažaćemo opažaćete opažaćeš opažaću opažaše
pastrmka	pastrmkama pastrmko pastrmkom
strm	najstrmija najstrmije najstrmijeg najstrmijega najstrmijem najstrmijemu najstrmiji najstrmijih najstrmijim najstrmijima najstrmijoj najstrmijom najstrmiju strmija strmijeg strmijega strmijem strmijemu strmiji strmijih strmijim strmijima strmijoj strmijom strmiju strmima strmo strmog strmoga strmoj strmome strmomu
nepotpun	nepotpunih nepotpunim nepotpunima nepotpunog nepotpunoga nepotpunoj nepotpunom nepotpunome nepotpunomu nepotpunu
glavešina	glavešini glavešino glavešinom
istjerati	istjerah istjeraj istjerajmo istjeraju istjeram istjerasmo istjeraste istjerate istjeravši istjeraće istjeraćemo istjeraćete istjeraćeš istjeraću istjeraš istjeraše
sinhronizacija	sinhronizacijama sinhronizaciji sinhronizacijo sinhronizacijom
pseudonim	pseudonimima pseudonimu
zastavnik	zastavnici zastavnicima zastavnike zastavnikom zastavniku
utvrda	utvrdama utvrdo utvrdom
administrativan	administrativnima administrativnoga administrativnoj administrativnome administrativnomu
birač	biračem biraču
omalovažavati	omalovažavah omalovažavahu omalovažavajmo omalovažavajte omalovažavajući omalovažavamo omalovažavasmo omalovažavaste omalovažavaće omalovažavaćemo omalovažavaćete omalovažavaćeš omalovažavaću omalovažavaše
hakim	hakimi hakimima
raskršće	raskršćem raskršćima
ciganski	ciganskih ciganskim ciganskima ciganskoga ciganskoj ciganskome ciganskomu
lisac	lisaca liscem lisci liscima
nepravilnost	nepravilnošću
aga	agama agom
rastopiti	rastopih rastopim rastopimo rastopismo rastopiste rastopite rastopivši rastopiće rastopićemo rastopićete rastopićeš rastopiću rastopiš rastopiše
postideti	postideh postidesmo postideste postidevši postideće postidećemo postidećete postidećeš postideću postideše postidimo postidite postidiš
državljanstvo	državljanstava državljanstvima državljanstvom državljanstvu
pancir	pancirima pancirom panciru
odjek	odjecima odjekom odjeku
obalni	obalnih obalnima obalno obalnog obalnoga obalnome obalnomu
karlica	karlicama karlico karlicom
jajnik	jajnikom jajniče
biolog	biologe biologinja biologom biologu biolozima biolože
pjena	pjenama pjeno
djelić	djelićem djelićima
tačkica	tačkici tačkico tačkicom
tuberkuloza	tuberkulozama tuberkulozi tuberkulozo
razoran	najrazornija najrazornije najrazornijeg najrazornijega najrazornijem najrazornijemu najrazorniji najrazornijih najrazornijim najrazornijima najrazornijoj najrazornijom najrazorniju razornija razornije razornijeg razornijega razornijem razornijemu razorniji razornijih razornijim razornijima razornijoj razornijom razorniju razornim razornima razornog razornoga razornoj razornome razornomu
naslon	naslonima naslonom
bugarski	bugarskih bugarskim bugarskima bugarsko bugarskoga bugarskome bugarskomu
vučji	vučjega vučjem vučjemu vučjih vučjim vučjima vučjom
kemija	kemijo kemijom
nasledan	naslednim naslednima naslednog naslednoga naslednoj naslednom naslednome naslednomu naslednu
arheološki	arheološkima arheološkoga arheološkoj arheološkome arheološkomu
nevreme	nevremenima nevremenom
rajčica	rajčicama rajčici rajčicom
snalažljiv	najsnalažljivija najsnalažljivije najsnalažljivijeg najsnalažljivijega najsnalažljivijem najsnalažljivijemu najsnalažljiviji najsnalažljivijih najsnalažljivijim najsnalažljivijima najsnalažljivijoj najsnalažljivijom najsnalažljiviju snalažljive snalažljivih snalažljivija snalažljivije snalažljivijeg snalažljivijega snalažljivijem snalažljivijemu snalažljiviji snalažljivijih snalažljivijim snalažljivijima snalažljivijoj snalažljivijom snalažljiviju snalažljivim snalažljivima snalažljivog snalažljivoga snalažljivoj snalažljivom snalažljivome snalažljivomu snalažljivu
egzekucija	egzekucijama egzekucijo egzekucijom
poriv	porivom
ubrizgavati	ubrizgavah ubrizgavahu ubrizgavaj ubrizgavajmo ubrizgavajte ubrizgavajući ubrizgavamo ubrizgavasmo ubrizgavaste ubrizgavate ubrizgavaće ubrizgavaćemo ubrizgavaćete ubrizgavaćeš ubrizgavaću ubrizgavaše
uzleteti	uzleteh uzletesmo uzleteste uzletevši uzleteće uzletećemo uzletećete uzletećeš uzleteću uzleteše
desetljeće	desetljećem
nomad	nomadom nomadu
azot	azote azoti azotima azotu
cimerica	cimericama cimerici
kolosek	koloseci kolosecima koloseke kolosekom koloseče
strop	strope stropom stropova stropove stropovi stropovima
pojačalo	pojačalima pojačalom pojačalu
odazvati	odazovemo odazovete odazoveš odazovimo odazovu odazva odazvah odazvasmo odazvaste odazvavši odazvaće odazvaćemo odazvaćete odazvaćeš odazvaću odazvaše
egzorcizam	egzorcizama egzorcizme egzorcizmi egzorcizmima egzorcizmom
hobotnica	hobotnicama hobotnici hobotnico
krizni	kriznih kriznima kriznoga kriznome kriznomu
destruktivan	destruktivnih destruktivnija destruktivnije destruktivnijeg destruktivnijega destruktivnijem destruktivnijemu destruktivniji destruktivnijih destruktivnijim destruktivnijima destruktivnijoj destruktivnijom destruktivniju destruktivnima destruktivnog destruktivnoga destruktivnoj destruktivnom destruktivnome destruktivnomu najdestruktivnija najdestruktivnije najdestruktivnijeg najdestruktivnijega najdestruktivnijem najdestruktivnijemu najdestruktivniji najdestruktivnijih najdestruktivnijim najdestruktivnijima najdestruktivnijoj najdestruktivnijom najdestruktivniju
delati	delah delahu delaj delajmo delajte delajući delala delale delali delalo delan delana delane delani delasmo delaste delate delaće delaćemo delaćete delaćeš delaću delaše
šrafciger	šafciger šarafciger šrafcigere šrafcigeri šrafcigerima šrafcigeru
postavka	postavaka postavkama postavki postavko postavkom
odužiti	oduživati
streljivo	streljivima streljivu
mormon	mormonom mormonu
željezo	željezima željezu
grafit	grafitom grafitu
klimav	klimavih klimavija klimavije klimavijeg klimavijega klimavijem klimavijemu klimaviji klimavijih klimavijim klimavijima klimavijoj klimavijom klimaviju klimavima klimavog klimavoga klimavoj klimavom klimavome klimavomu klimavu najklimavija najklimavije najklimavijeg najklimavijega najklimavijem najklimavijemu najklimaviji najklimavijih najklimavijim najklimavijima najklimavijoj najklimavijom najklimaviju
skoč	skočeva skočeve skočevi skočevima skočom skoču
kazaljka	kazaljci kazaljkama kazaljko kazaljkom
talisman	talismanima talismanom talismanu
umarati	umarah umarahu umaraj umarajmo umarajte umarajući umaramo umaranje umarasmo umaraste umaraće umaraćemo umaraćete umaraćeš umaraću umaraše
divljač	divljačju
grubijan	grubijanima grubijanom
ratnički	ratničkih ratničkima ratničkog ratničkoga ratničkome ratničkomu
prazniti	prazneći praznite prazniće praznićemo praznićete praznićeš prazniću pražnjah pražnjahu pražnjasmo pražnjaste pražnjaše
kanarinac	kanarinaca kanarincem kanarincima kanarincu kanarinče
atletski	atletskih atletskima atletskoga atletskoj atletskome atletskomu
bezbrižan	bezbrižnih bezbrižnija bezbrižnije bezbrižnijeg bezbrižnijega bezbrižnijem bezbrižnijemu bezbrižniji bezbrižnijih bezbrižnijim bezbrižnijima bezbrižnijoj bezbrižnijom bezbrižniju bezbrižnim bezbrižnima bezbrižno bezbrižnoga bezbrižnoj bezbrižnom bezbrižnome bezbrižnomu bezbrižnu najbezbrižnija najbezbrižnije najbezbrižnijeg najbezbrižnijega najbezbrižnijem najbezbrižnijemu najbezbrižniji najbezbrižnijih najbezbrižnijim najbezbrižnijima najbezbrižnijoj najbezbrižnijom najbezbrižniju
gmizavac	gmizavcem gmizavcima gmizavcu
tuka	tukac tukama tuke tukom
iskaznica	iskaznicama iskaznici iskaznico iskaznicom
asocijacija	asocijacijama asocijacijo asocijacijom
tisak	tisaka tisci tiscima tiske tiskom tišče
razlaz	razlaze razlazi razlazima razlazom razlazu
pašteta	paštetama pašteti pašteto
bdeti	bde bdeh bdej bdejah bdejahu bdejasmo bdejaste bdejaše bdejmo bdejte bdesmo bdeste bdevši bdeće bdećemo bdećete bdećeš bdeći bdeću bdeše bdim bdimo bdite bdiš bđah bđahu bđasmo bđaste bđaše
siliti	sileći silila silili sililo silimo siliće silićemo silićete silićeš siliću siljah siljahu siljasmo siljaste siljaše siljen siljenje
branitelj	braniteljem braniteljima
sportaš	sportašem
ideologija	ideologijama ideologijo
prepoznatljiv	prepoznatljivim prepoznatljivima prepoznatljivoga prepoznatljivoj prepoznatljivom prepoznatljivome prepoznatljivomu
utovariti	utovarih utovarismo utovariste utovarivši utovariće utovarićemo utovarićete utovarićeš utovariću utovariš utovariše
efektivan	efektivne efektivnih efektivnija efektivnijeg efektivnijega efektivnijem efektivnijemu efektivniji efektivnijih efektivnijim efektivnijima efektivnijoj efektivnijom efektivniju efektivnim efektivnima efektivnog efektivnoga efektivnoj efektivnom efektivnome efektivnomu efektivnu najefektivnija najefektivnije najefektivnijeg najefektivnijega najefektivnijem najefektivnijemu najefektivniji najefektivnijih najefektivnijim najefektivnijima najefektivnijoj najefektivnijom najefektivniju
mig	migom migova migovi migovima migu
holokaust	holokauste holokausti holokaustima holokaustom
patriotski	patriotskih patriotskima patriotskoga patriotskoj patriotskome patriotskomu
mahovina	mahovinama mahovini mahovino
trojstvo	trojstava trojstvima trojstvom
spirala	spiralama spiralo spiralom
insulin	insuline insulinom insulinu
hvatač	hvatačem hvatačima
nemar	nemare nemari nemarima
pijanstvo	pijanstava pijanstvima pijanstvom
potpukovnik	potpukovnici potpukovnicima potpukovnike potpukovnikom potpukovniku
ljudožder	ljudožderom ljudožderu
zakočiti	zakoče zakočih zakočimo zakočismo zakočiste zakočivši zakočiće zakočićemo zakočićete zakočićeš zakočiću zakočiše
šarmirati	šarmirah šarmirahu šarmirajmo šarmirajte šarmiraju šarmirajući šarmiramo šarmiranje šarmirasmo šarmiraste šarmirate šarmiravši šarmiraće šarmiraćemo šarmiraćete šarmiraćeš šarmiraću šarmiraše
siječanj	siečanj sij siječanja siječanjski siječnje siječnjem siječnji siječnjima
enciklopedija	enciklopedijama enciklopedijo enciklopedijom
etnički	etničkima etničkoga etničkoj etničkom etničkome etničkomu
infrastruktura	infrastrukturama infrastrukturo infrastrukturom
kopito	kopitu
osvetoljubiv	najosvetoljubivija najosvetoljubivije najosvetoljubivijeg najosvetoljubivijega najosvetoljubivijem najosvetoljubivijemu najosvetoljubiviji najosvetoljubivijih najosvetoljubivijim najosvetoljubivijima najosvetoljubivijoj najosvetoljubivijom najosvetoljubiviju osvetoljubivih osvetoljubivija osvetoljubivije osvetoljubivijeg osvetoljubivijega osvetoljubivijem osvetoljubivijemu osvetoljubiviji osvetoljubivijih osvetoljubivijim osvetoljubivijima osvetoljubivijoj osvetoljubivijom osvetoljubiviju osvetoljubivim osvetoljubivima osvetoljubivoga osvetoljubivoj osvetoljubivom osvetoljubivome osvetoljubivomu osvetoljubivu
odlikovanje	odlikovanjem odlikovanju
ograditi	ogradih ogradim ogradismo ogradiste ogradivši ogradiće ogradićemo ogradićete ogradićeš ogradiću ogradiš ogradiše
uskrsnuće	uskrsnućem uskrsnućima
mleti	meljah meljahu meljasmo meljaste meljaše meljemo meljete melji meljimo meljite meljući mleo mleven mleće mlećemo mlećete mlećeš mleću
inat	inate inatom inatu
sutrašnjica	sutrašnjicama sutrašnjico sutrašnjicom
hebrejski	hebrejskih hebrejskim hebrejskima hebrejskoga hebrejskoj hebrejskome hebrejskomu hebrejsku
tabela	tabelama tabelo tabelom
starina	starini starinom
fašistički	fašističkima fašističkoga fašističkom fašističkome fašističkomu
akord	akorada akordima akordom akordu
premlatiti	premlatih premlatismo premlatiste premlatite premlativši premlatiće premlatićemo premlatićete premlatićeš premlatiš premlatiše premlaćenje
oduševljenje	oduševljenju
dremnuti	dremnete dremni dremnimo dremnite dremnu dremnuh dremnusmo dremnuste dremnuvši dremnuće dremnućemo dremnućete dremnućeš dremnuću dremnuše
uspostavljati	uspostavljah uspostavljahu uspostavljaj uspostavljajmo uspostavljajte uspostavljajući uspostavljasmo uspostavljaste uspostavljate uspostavljaće uspostavljaćemo uspostavljaćete uspostavljaćeš uspostavljaću uspostavljaš uspostavljaše
glazbenik	glazbenikom glazbeniku glazbeniče
ateist	ateiste ateistima ateistom
solidarnost	solidarnošću
rvač	rvačem rvačima rvaču
proljetni	proljetnim proljetnima proljetnoga proljetnoj proljetnom proljetnome proljetnomu
spol	spole spolom spolove spolovi spolovima
naglašavati	naglašavah naglašavahu naglašavaj naglašavajmo naglašavajte naglašavajući naglašavamo naglašavanje naglašavasmo naglašavaste naglašavate naglašavaće naglašavaćemo naglašavaćete naglašavaćeš naglašavaću naglašavaše
brazda	brazdama brazdo brazdom
posetnica	posetnicama posetnico posetnicom
hrvati	hrva hrvah hrvahu hrvaj hrvajmo hrvajte hrvaju hrvajući hrvam hrvamo hrvasmo hrvaste hrvaće hrvaćemo hrvaćete hrvaćeš hrvaću hrvaš hrvaše
vegetacija	vegetacijo
željeznički	željezničkih željezničkim željezničkima željezničko željezničkoga željezničkome željezničkomu
uposliti	uposle uposlih uposlismo uposliste uposlite uposlivši uposliće uposlićemo uposlićete uposlićeš uposliću uposliše upošljavati
južnjak	južnjakom južnjaku južnjače
druželjubiv	druželjubive druželjubivih druželjubivija druželjubivije druželjubivijeg druželjubivijega druželjubivijem druželjubivijemu druželjubiviji druželjubivijih druželjubivijim druželjubivijima druželjubivijoj druželjubivijom druželjubiviju druželjubivim druželjubivima druželjubivog druželjubivoga druželjubivoj druželjubivom druželjubivome druželjubivomu druželjubivu najdruželjubivija najdruželjubivije najdruželjubivijeg najdruželjubivijega najdruželjubivijem najdruželjubivijemu najdruželjubiviji najdruželjubivijih najdruželjubivijim najdruželjubivijima najdruželjubivijoj najdruželjubivijom najdruželjubiviju
guša	gušama gušo gušom
vestern	vesterni vesternima vesternom
sprdnja	sprdnjama sprdnji sprdnjo sprdnjom
mrzovoljan	mrzovoljana mrzovoljane mrzovoljani mrzovoljanih mrzovoljanim mrzovoljanima mrzovoljano mrzovoljanog mrzovoljanoga mrzovoljanoj mrzovoljanom mrzovoljanome mrzovoljanomu mrzovoljanu mrzovoljnija mrzovoljnije mrzovoljnijeg mrzovoljnijega mrzovoljnijem mrzovoljnijemu mrzovoljniji mrzovoljnijih mrzovoljnijim mrzovoljnijima mrzovoljnijoj mrzovoljnijom mrzovoljniju najmrzovoljnija najmrzovoljnije najmrzovoljnijeg najmrzovoljnijega najmrzovoljnijem najmrzovoljnijemu najmrzovoljniji najmrzovoljnijih najmrzovoljnijim najmrzovoljnijima najmrzovoljnijoj najmrzovoljnijom najmrzovoljniju
bife	bifee bifei bifeima bifeom
bludnica	bludnicama
inflacija	inflacijama inflacijo
pjevač	pjevačem pjevačima pjevaču
teletina	teletini teletino
doktorski	doktorskih doktorskima doktorsko doktorskog doktorskoga doktorskome doktorskomu
geometrija	geometrijama geometrijo geometrijom
plašljiv	najplašljivija najplašljivije najplašljivijeg najplašljivijega najplašljivijem najplašljivijemu najplašljiviji najplašljivijih najplašljivijim najplašljivijima najplašljivijoj najplašljivijom najplašljiviju plašljivih plašljivija plašljivije plašljivijeg plašljivijega plašljivijem plašljivijemu plašljiviji plašljivijih plašljivijim plašljivijima plašljivijoj plašljivijom plašljiviju plašljivim plašljivima plašljivog plašljivoga plašljivoj plašljivom plašljivome plašljivomu plašljivu
prisan	najprisnija najprisnije najprisnijeg najprisnijega najprisnijem najprisnijemu najprisniji najprisnijih najprisnijim najprisnijima najprisnijoj najprisnijom najprisniju prisnih prisnija prisnije prisnijeg prisnijega prisnijem prisnijemu prisnijih prisnijim prisnijima prisnijoj prisnijom prisniju prisnim prisnima prisnog prisnoga prisnoj prisnom prisnome prisnomu prisnu
hvalisati	hvalisah hvalisahu hvalisasmo hvalisaste hvalisaće hvalisaćemo hvalisaćete hvalisaćeš hvalisaću hvalisaše hvališemo hvališete hvališi hvališimo hvališite hvališu hvališući
njušiti	njušah njušahu njušasmo njušaste njušaše njušenje njušeći njušimo njušite njušiće njušićemo njušićete njušićeš njušiću
kukavičluk	kukavičluci kukavičlucima kukavičluke kukavičluku kukavičluče
poreznik	poreznikom porezniku porezniče
nerođen	nerođenih nerođenima nerođenoga nerođenoj nerođenome nerođenomu
veto	vetima vetom vetu
tikvan	tikvanima tikvanom tikvanu
popriličan	poprilični popriličnih popriličnim popriličnima popriličnog popriličnoga popriličnoj popriličnom popriličnome popriličnomu
mačevanje	mačevanjem mačevanjima
maternica	maternicama maternico maternicom
levica	levicama levico
pikado	pikadima pikadom
pršut	pršuti pršutima
kriminalistički	kriminalističkih kriminalističkim kriminalističkima kriminalističko kriminalističkoga kriminalističkom kriminalističkome kriminalističkomu
cunami	cunamije cunamijem cunamiji cunamijima
portugalski	portugalskih portugalskim portugalskima portugalsko portugalskoga portugalskoj portugalskome portugalskomu portugalsku
fešta	feštama fešto feštom
strahota	strahoti strahoto strahotom
mamut	mamutima mamutom
podmićivati	podmićivah podmićivahu podmićivasmo podmićivaste podmićivaće podmićivaćemo podmićivaćete podmićivaćeš podmićivaću podmićivaše podmićuj podmićujemo podmićujete podmićujmo podmićujte podmićujući
uzjahati	uzjaha uzjahah uzjahasmo uzjahaste uzjahavši uzjahaće uzjahaćemo uzjahaćete uzjahaćeš uzjahaću uzjahaše uzjašemo uzjašete uzjašiti uzjašu
blef	blefa blefe blefom blefova blefove blefovi blefovima blefu
fetiš	fetiše fetišima fetišom fetišu
lakoća	lakoći lakoćo
strina	strinama strino strinom
nagib	nagibe nagibi nagibima
dijagram	dijagramima dijagramom
kolera	koleri kolero kolerom
samoobrana	samoobrano samoobranom
koincidencija	koincidencijama koincidenciji koincidencijo koincidencijom koincidenciju
iskazivati	iskazivah iskazivahu iskazivasmo iskazivaste iskazivaće iskazivaćemo iskazivaćete iskazivaćeš iskazivaću iskazivaše iskazuj iskazujete iskazujmo iskazujte iskazujući
umišljen	najumišljenija najumišljenije najumišljenijeg najumišljenijega najumišljenijem najumišljenijemu najumišljeniji najumišljenijih najumišljenijim najumišljenijima najumišljenijoj najumišljenijom najumišljeniju umišljenih umišljenija umišljenije umišljenijeg umišljenijega umišljenijem umišljenijemu umišljeniji umišljenijih umišljenijim umišljenijima umišljenijoj umišljenijom umišljeniju umišljenim umišljenima umišljenog umišljenoga umišljenoj umišljenom umišljenome umišljenomu umišljenu
dramski	dramskim dramskima dramsko dramskoga dramskome dramskomu
spremnost	spremnošću
letač	letače letačem letačima
ovladati	ovladah ovladaj ovladajmo ovladajte ovladamo ovladasmo ovladaste ovladate ovladavši ovladaće ovladaćemo ovladaćete ovladaćeš ovladaću ovladaše
trzati	trzah trzahu trzajmo trzajte trzajući trzamo trzasmo trzaste trzate trzaće trzaćemo trzaćete trzaćeš trzaću trzaše trznuti
mamlaz	mamlazima mamlazom mamlazu
otvarač	otvarače otvarači otvaračima otvaraču
poligraf	poligrafe poligrafi poligrafima
smola	smolama smoli smolo
demokracija	demokracijama demokracijo demokracijom
trapav	najtrapavija najtrapavije najtrapavijeg najtrapavijega najtrapavijem najtrapavijemu najtrapaviji najtrapavijih najtrapavijim najtrapavijima najtrapavijoj najtrapavijom najtrapaviju trapave trapavih trapavija trapavije trapavijeg trapavijega trapavijem trapavijemu trapaviji trapavijih trapavijim trapavijima trapavijoj trapavijom trapaviju trapavim trapavima trapavog trapavoga trapavoj trapavom trapavome trapavomu trapavu
namijeniti	namijene namijeni namijenih namijenim namijenimo namijenismo namijeniste namijenite namijenivši namijeniće namijenićemo namijenićete namijenićeš namijeniću namijeniš namijeniše
galamiti	galameći galamimo galamiće galamićemo galamićete galamićeš galamiću galamljah galamljahu galamljasmo galamljaste galamljaše galamljenje
pretrpjeti	pretrpim pretrpimo pretrpite pretrpiš pretrpje pretrpjeh pretrpjesmo pretrpjeste pretrpjevši pretrpjeće pretrpjećemo pretrpjećete pretrpjećeš pretrpjeću pretrpješe
lovina	lovinama lovini lovino lovinom
otirač	otirače otirači otiračima
angažirati	angažira angažirah angažirahu angažiraj angažirajmo angažirajte angažiraju angažirajući angažiramo angažiranje angažirasmo angažiraste angažirate angažiravši angažiraće angažiraćemo angažiraćete angažiraćeš angažiraću angažiraš angažiraše
zastor	zastorima zastorom zastoru
penzioner	penzionerom penzioneru
obveznik	obveznikom obvezniku obvezniče
okaniti	okanih okanim okanimo okanismo okaniste okanivši okaniće okanićemo okanićete okanićeš okaniću okaniš okaniše
izazivač	izazivače izazivačem izazivačima izazivaču
testosteron	testosterone testosteronu
kozmetika	kozmetiko
neprirodan	najneprirodnija najneprirodnije najneprirodnijeg najneprirodnijega najneprirodnijem najneprirodnijemu najneprirodniji najneprirodnijih najneprirodnijim najneprirodnijima najneprirodnijoj najneprirodnijom najneprirodniju neprirodnija neprirodnije neprirodnijeg neprirodnijega neprirodnijem neprirodnijemu neprirodniji neprirodnijih neprirodnijim neprirodnijima neprirodnijoj neprirodnijom neprirodniju neprirodnima neprirodnoga neprirodnoj neprirodnome neprirodnomu
smeniti	smenih smenimo smenismo smeniste smenivši smeniće smenićemo smenićete smenićeš smeniću smeniš smeniše
pank	pankovi
revanš	revanše revanši revanšima revanšom revanšu
kroasan	kroasanima kroasanom kroasanu
štednja	štednjama štednjo
oploditi	oplodih oplodimo oplodismo oplodiste oplodite oplodivši oplodiće oplodićemo oplodićete oplodićeš oplodiću oplodiš oplodiše
čačkati	čačkah čačkahu čačkajmo čačkajte čačkajući čačkamo čačkasmo čačkaste čačkate čačkaće čačkaćemo čačkaćete čačkaćeš čačkaću čačkaše
patološki	patoloških patološkim patološkima patološkoga patološkoj patološkom patološkome patološkomu
odstupati	odstupah odstupahu odstupaj odstupajmo odstupajte odstupajući odstupasmo odstupaste odstupate odstupaće odstupaćemo odstupaćete odstupaćeš odstupaću odstupaše
kartati	kartah kartahu kartaj kartajmo kartajte kartajući kartanje kartasmo kartaste kartaće kartaćemo kartaćete kartaćeš kartaću kartaše
čiča	čičama čiče čičo čičom
porijeklo	porijeklima
povest	povestima
bezub	bezuba bezube bezubih bezubim bezubima bezubo bezuboga bezuboj bezubom bezubome bezubomu bezubu
omotač	omotače omotačem omotači omotačima
šapat	šapate šapatima šapatu
kandidirati	kandidirah kandidirahu kandidiraj kandidirajmo kandidirajte kandidiraju kandidirajući kandidiramo kandidiranje kandidirasmo kandidiraste kandidirate kandidiravši kandidiraće kandidiraćemo kandidiraćete kandidiraćeš kandidiraću kandidiraše
razglasiti	razglase razglasih razglasismo razglasiste razglasivši razglasiće razglasićemo razglasićete razglasićeš razglasiću razglasiše razglašavati razglašivati
kočijaš	kočijaše kočijašem kočijašima
ptić	ptićem ptićima ptiću
karakterističan	karakterističnih karakterističnima karakterističnog karakterističnoga karakterističnoj karakterističnom karakterističnome karakterističnomu
sistematski	sistematska sistematske sistematskih sistematskim sistematskima sistematskoga sistematskoj sistematskome sistematskomu sistematsku
nasip	nasipi nasipima nasipom
riđ	riđega riđem riđemu riđih riđim riđima riđoj riđom
prokrijumčariti	prokrijumčarih prokrijumčarimo prokrijumčarismo prokrijumčariste prokrijumčarite prokrijumčarivši prokrijumčariće prokrijumčarićemo prokrijumčarićete prokrijumčarićeš prokrijumčariću prokrijumčariš prokrijumčariše
obostran	obostranih obostranim obostranima obostranoga obostranoj obostranome obostranomu
podlac	podlace podlacem podlacima podlacu
planer	planere planerima planerom
katran	katrane
šalter	šaltere šalteri šalterima šalterom
monarhija	monarhijama monarhijo monarhijom
strahovit	strahoviti strahovitih strahovitim strahovitima strahovitog strahovitoga strahovitoj strahovitome strahovitomu
humanost	humanošću
sakupljač	sakupljače sakupljačem sakupljačima sakupljaču
fiziološki	fizioloških fiziološkim fiziološkima fiziološko fiziološkoga fiziološkoj fiziološkom fiziološkome fiziološkomu
osporavati	osporavah osporavahu osporavaj osporavajmo osporavajte osporavajući osporavamo osporavasmo osporavaste osporavaće osporavaćemo osporavaćete osporavaćeš osporavaću osporavaše
ćuretina	ćuretinama ćuretini ćuretino
pivski	pivskima pivsko pivskog pivskoga pivskoj pivskome pivskomu
pojednostaviti	pojednostave pojednostavih pojednostavismo pojednostaviste pojednostavite pojednostavivši pojednostaviće pojednostavićemo pojednostavićete pojednostavićeš pojednostaviš pojednostaviše pojednostavljenje
uzburkati	uzburkah uzburkaj uzburkajmo uzburkajte uzburkaju uzburkam uzburkamo uzburkasmo uzburkaste uzburkate uzburkavati uzburkavši uzburkaće uzburkaćemo uzburkaćete uzburkaćeš uzburkaću uzburkaš uzburkaše
razglas	razglase razglasima razglasom
hlad	hladom hladova hladove hladovi hladovima
antilopa	antilopama antilopi antilopo antilopom
spokojan	najspokojnija najspokojnije najspokojnijeg najspokojnijega najspokojnijem najspokojnijemu najspokojniji najspokojnijih najspokojnijim najspokojnijima najspokojnijoj najspokojnijom najspokojniju spokojne spokojnih spokojnija spokojnije spokojnijeg spokojnijega spokojnijem spokojnijemu spokojniji spokojnijih spokojnijim spokojnijima spokojnijoj spokojnijom spokojniju spokojnim spokojnima spokojnog spokojnoga spokojnoj spokojnom spokojnome spokojnomu spokojnu
odredba	odredaba odredbo odredbom
predosjećaj	predosjećaje predosjećajem predosjećaji predosjećajima predosjećaju
vandalizam	vandalizama vandalizme vandalizmi vandalizmima vandalizmom
proćaskati	proćaskah proćaskaj proćaskajmo proćaskajte proćaskaju proćaskasmo proćaskaste proćaskate proćaskavši proćaskaće proćaskaćemo proćaskaćete proćaskaćeš proćaskaću proćaskaš proćaskaše
privržen	najprivrženija najprivrženije najprivrženijeg najprivrženijega najprivrženijem najprivrženijemu najprivrženiji najprivrženijih najprivrženijim najprivrženijima najprivrženijoj najprivrženijom najprivrženiju privržene privrženih privrženija privrženije privrženijeg privrženijega privrženijem privrženijemu privrženiji privrženijih privrženijim privrženijima privrženijoj privrženijom privrženiju privrženim privrženima privrženog privrženoga privrženoj privrženom privrženome privrženomu privrženu
harfa	harfama harfo
dezertirati	dezertirah dezertirahu dezertiraj dezertirajmo dezertirajte dezertirajući dezertiramo dezertirasmo dezertiraste dezertirate dezertiravši dezertiraće dezertiraćemo dezertiraćete dezertiraćeš dezertiraću dezertiraš dezertiraše
kolektivan	kolektivnih kolektivnim kolektivnima kolektivno kolektivnoga kolektivnome kolektivnomu
priviknuti	priviknemo priviknete priviknimo priviknite priviknuvši privikoh privikosmo privikoste privikoše priviče
prepad	prepadi prepadima prepadom
diktatura	diktaturama diktaturo
jugozapad	jugozapade jugozapadom
kondukter	konduktere kondukteri kondukterima kondukterom
podoficir	podoficirima podoficirom
odjeljenje	odjeljenjem odjeljenjima
prigušiti	priguše priguših prigušim prigušimo prigušismo prigušiste prigušivši prigušiće prigušićemo prigušićete prigušićeš prigušiću prigušiš prigušiše
snop	snope snopova snopovima
rt	rte rti rtima rtom rtova rtove rtovi rtovima
prekjuče	prekičer
jaz	jaze jazom jazova jazove jazovi jazovima
golman	golmane golmani golmanima golmanom
pričljiv	najpričljivija najpričljivije najpričljivijeg najpričljivijega najpričljivijem najpričljivijemu najpričljiviji najpričljivijih najpričljivijim najpričljivijima najpričljivijoj najpričljivijom najpričljiviju pričljive pričljivih pričljivija pričljivije pričljivijeg pričljivijega pričljivijem pričljivijemu pričljiviji pričljivijih pričljivijim pričljivijima pričljivijoj pričljivijom pričljiviju pričljivim pričljivima pričljivo pričljivog pričljivoga pričljivoj pričljivom pričljivome pričljivomu pričljivu
ogavan	najogavnija najogavnije najogavnijeg najogavnijega najogavnijem najogavnijemu najogavniji najogavnijih najogavnijim najogavnijima najogavnijoj najogavnijom najogavniju ogavnih ogavnija ogavnije ogavnijeg ogavnijega ogavnijem ogavnijemu ogavniji ogavnijih ogavnijim ogavnijima ogavnijoj ogavnijom ogavniju ogavnim ogavnima ogavnog ogavnoga ogavnoj ogavnom ogavnome ogavnomu ogavnu
pesticid	pesticidom pesticidu
mirisan	mirisnima mirisnog mirisnoga mirisnoj mirisnom mirisnome mirisnomu
vetrenjača	vetrenjačo vetrenjačom
gramofon	gramofone gramofoni gramofonima gramofonom
galija	galijama galijo galijom
nezaštićen	nezaštićenih nezaštićenim nezaštićenima nezaštićenoga nezaštićenoj nezaštićenom nezaštićenome nezaštićenomu
unca	uncama unco uncom
izba	istba izbama izbe izbom izbu
patos	patose patosi patosima patosom
improvizacija	improvizacijama improvizacijo improvizacijom
kraljevina	kraljevinama kraljevino
legitimacija	legitimacijama legitimaciji legitimacijo legitimacijom
pošast	pošastima
frakcija	frakcijama frakciji frakcijo frakcijom
primjedba	primjedaba primjedbama primjedbo primjedbom
mena	menama
metež	meteže meteži metežima metežom
oplodnja	oplodnjama oplodnjo
stiska	stisaka stiskama stiske stiski stisko
željezan	željeznima željezno željeznoga željeznoj željeznome željeznomu
šrapnel	šrapnelima šrapnelom šrapnelu
taština	taštinama taštino
rekreacija	rekreacijama rekreaciji rekreacijo rekreacijom
inovacija	inovaciji inovacijo inovacijom
zbijati	zbijah zbijahu zbijajmo zbijajte zbijajući zbijamo zbijasmo zbijaste zbijaće zbijaćemo zbijaćete zbijaćeš zbijaću zbijaše
kapati	kapah kapahu kapaj kapajmo kapajte kapaju kapajući kapam kapamo kapasmo kapaste kapate kapaće kapaćemo kapaćete kapaćeš kapaću kapaš kapaše kapljem kapljemo kapljete kaplješ kaplji kapljimo kapljite kapljući
nasmiješiti	nasmiješe nasmiješih nasmiješim nasmiješimo nasmiješismo nasmiješiste nasmiješivši nasmiješiće nasmiješićemo nasmiješićete nasmiješićeš nasmiješiću nasmiješiš nasmiješiše
nadvladati	nadvladah nadvladaj nadvladajmo nadvladajte nadvladam nadvladamo nadvladasmo nadvladaste nadvladate nadvladavati nadvladavši nadvladaće nadvladaćemo nadvladaćete nadvladaćeš nadvladaću nadvladaš nadvladaše
bezvrijedan	bezvrednija bezvrednije bezvrednijeg bezvrednijega bezvrednijem bezvrednijemu bezvredniji bezvrednijih bezvrednijim bezvrednijima bezvrednijoj bezvrednijom bezvredniju bezvrijednih bezvrijednim bezvrijednima bezvrijednog bezvrijednoga bezvrijednoj bezvrijednom bezvrijednome bezvrijednomu bezvrijednu najbezvrednija najbezvrednije najbezvrednijeg najbezvrednijega najbezvrednijem najbezvrednijemu najbezvredniji najbezvrednijih najbezvrednijim najbezvrednijima najbezvrednijoj najbezvrednijom najbezvredniju
blještav	blještavih blještavija blještavije blještavijeg blještavijega blještavijem blještavijemu blještaviji blještavijih blještavijim blještavijima blještavijoj blještavijom blještaviju blještavima blještavoga blještavoj blještavome blještavomu najblještavija najblještavije najblještavijeg najblještavijega najblještavijem najblještavijemu najblještaviji najblještavijih najblještavijim najblještavijima najblještavijoj najblještavijom najblještaviju
postolje	postoljem postoljima
harem	hareme haremi haremima haremom
tanker	tankerima tankerom
nagrađivati	nagrađivah nagrađivahu nagrađivasmo nagrađivaste nagrađivaće nagrađivaćemo nagrađivaćete nagrađivaćeš nagrađivaću nagrađivaše nagrađuj nagrađujete nagrađuješ nagrađujmo nagrađujte nagrađujući
bliskost	bliskošću
naslaga	naslago naslagom naslagu naslazi
konvencionalan	konvencionalnija konvencionalnije konvencionalnijeg konvencionalnijega konvencionalnijem konvencionalnijemu konvencionalniji konvencionalnijih konvencionalnijim konvencionalnijima konvencionalnijoj konvencionalnijom konvencionalniju konvencionalnima konvencionalno konvencionalnoga konvencionalnoj konvencionalnome konvencionalnomu najkonvencionalnija najkonvencionalnije najkonvencionalnijeg najkonvencionalnijega najkonvencionalnijem najkonvencionalnijemu najkonvencionalniji najkonvencionalnijih najkonvencionalnijim najkonvencionalnijima najkonvencionalnijoj najkonvencionalnijom najkonvencionalniju
blejati	blejah blejahu blejasmo blejaste blejaće blejaćemo blejaćete blejaćeš blejaću blejaše blejeći izblejati zablejati
bruka	bruci brukama bruko brukom
bogohuliti	bogohule bogohuleći bogohulim bogohulimo bogohulite bogohuliće bogohulićemo bogohulićete bogohulićeš bogohuliću bogohuljah bogohuljahu bogohuljasmo bogohuljaste bogohuljaše
kamuflaža	kamuflažama kamuflaži kamuflažo kamuflažom
dukat	dukatima dukatom dukatu
kapica	kapicama kapici
zrelost	zrelostima zrelošću
ovisan	najovisnija najovisnije najovisnijeg najovisnijega najovisnijem najovisnijemu najovisniji najovisnijih najovisnijim najovisnijima najovisnijoj najovisnijom najovisniju ovisne ovisnih ovisnija ovisnije ovisnijeg ovisnijega ovisnijem ovisnijemu ovisniji ovisnijih ovisnijim ovisnijima ovisnijoj ovisnijom ovisniju ovisnim ovisnima ovisno ovisnog ovisnoga ovisnoj ovisnom ovisnome ovisnomu ovisnu
fasada	fasadama fasado fasadom
niš	niški nišlija nišlijka nišom
konfuzija	konfuzijama konfuzijo konfuzijom
kašljati	kašljah kašljahu kašljajući kašljasmo kašljaste kašljaće kašljaćemo kašljaćete kašljaćeš kašljaću kašljaše kašljemo kašljimo
odrađivati	odrađivah odrađivahu odrađivanje odrađivasmo odrađivaste odrađivaće odrađivaćemo odrađivaćete odrađivaćeš odrađivaću odrađivaše odrađuj odrađujete odrađujmo odrađujte odrađujući
inozemstvo	inozemstvom
psihoza	psihozama psihozi psihozo psihozom
kompozicija	kompozicijama kompozicijo kompozicijom
nepromišljen	nepromišljenih nepromišljenima nepromišljenog nepromišljenoga nepromišljenoj nepromišljenom nepromišljenome nepromišljenomu nepromišljenu
maketa	maketama maketo maketom
smiješak	smiešak smiješaka smiješci smiješcima smiješke smiješku
impulsan	impulsnih impulsnim impulsnima impulsno impulsnoga impulsnoj impulsnome impulsnomu
čavao	čavlom čavlu
ucjenjivati	ucjenjivah ucjenjivahu ucjenjivasmo ucjenjivaste ucjenjivaće ucjenjivaćemo ucjenjivaćete ucjenjivaćeš ucjenjivaću ucjenjivaše ucjenjuj ucjenjujem ucjenjujemo ucjenjujete ucjenjujmo ucjenjujte ucjenjujući
progres	progrese progresi progresima progresom
giljotina	giljotinama giljotino
okultan	okultnima okultnoga okultnoj okultnome okultnomu okultnu
iskrcavati	iskrcavah iskrcavahu iskrcavaj iskrcavajmo iskrcavajte iskrcavajući iskrcavam iskrcavasmo iskrcavaste iskrcavate iskrcavaće iskrcavaćemo iskrcavaćete iskrcavaćeš iskrcavaću iskrcavaš iskrcavaše
paskal	paskali paskalima paskalom paskalu
rogonja	rogonjama rogonji rogonjom
voćnjak	voćnjacima voćnjake voćnjakom voćnjače
hronika	hroniko hronikom
reprodukcija	reprodukcijama reprodukcijo reprodukcijom
gustina	gustinama gustino gustinom
šuškati	šuškah šuškahu šuškaj šuškajmo šuškajte šuškaju šuškajući šuškam šuškamo šuškasmo šuškaste šuškate šuškaće šuškaćemo šuškaćete šuškaćeš šuškaću šuškaš šuškaše
raznolikost	raznolikostima raznolikošću
iščašiti	iščaše iščaši iščaših iščašim iščašimo iščašismo iščašiste iščašite iščašivši iščašiće iščašićemo iščašićete iščašićeš iščašiću iščašiš iščašiše
zaklada	zakladama zaklado zakladom
naklon	naklone naklonima naklonom naklonu
smaragd	smaragdom smaragdu
guliti	guleći gulimo gulite guliće gulićemo gulićete gulićeš guliću guljah guljahu guljasmo guljaste guljaše
balega	balegama balegi balego balezi
izbezumljen	izbezumljene izbezumljenih izbezumljenija izbezumljenije izbezumljenijeg izbezumljenijega izbezumljenijem izbezumljenijemu izbezumljeniji izbezumljenijih izbezumljenijim izbezumljenijima izbezumljenijoj izbezumljenijom izbezumljeniju izbezumljenim izbezumljenima izbezumljenog izbezumljenoga izbezumljenoj izbezumljenom izbezumljenome izbezumljenomu izbezumljenu najizbezumljenija najizbezumljenije najizbezumljenijeg najizbezumljenijega najizbezumljenijem najizbezumljenijemu najizbezumljeniji najizbezumljenijih najizbezumljenijim najizbezumljenijima najizbezumljenijoj najizbezumljenijom najizbezumljeniju
semenka	semenaka semenci semenko semenkom semenku
smokva	smokvo smokvom
počinak	počinaka počinci počincima počinke počinkom počinku
simulirati	simulirah simulirahu simuliraj simulirajmo simulirajte simulirajući simuliranje simulirasmo simuliraste simulirate simuliraće simuliraćemo simuliraćete simuliraćeš simuliraću simuliraš simuliraše
koban	kobnih kobnima kobno kobnoga kobnoj kobnom kobnome kobnomu
opipati	opipa opipah opipajmo opipaju opipamo opipasmo opipaste opipate opipavši opipaće opipaćemo opipaćete opipaćeš opipaću opipaše
začarati	začarah začaraj začarajmo začarajte začaraju začaram začaramo začarasmo začaraste začarate začaravši začaraće začaraćemo začaraćete začaraćeš začaraću začaraš začaraše
kompanjon	kompanjonom kompanjonu
podrignuti	podrigivati podrignemo podrignete podrigneš podrignimo podrignite podrignu podrignuh podrignusmo podrignuste podrignuvši podrignuće podrignućemo podrignućete podrignućeš podrignuću podrignuše
odbojka	odbojko odbojkom
upitan	najupitnija najupitnije najupitnijeg najupitnijega najupitnijem najupitnijemu najupitniji najupitnijih najupitnijim najupitnijima najupitnijoj najupitnijom najupitniju upitni upitnih upitnija upitnije upitnijeg upitnijega upitnijem upitnijemu upitniji upitnijih upitnijim upitnijima upitnijoj upitnijom upitniju upitnim upitnima upitnog upitnoga upitnoj upitnom upitnome upitnomu upitnu
punoletan	punoletnih punoletnim punoletnima punoletno punoletnog punoletnoga punoletnoj punoletnom punoletnome punoletnomu punoletnu
oposum	oposumima oposumom oposumu
zapostaviti	zapostave zapostavi zapostavih zapostavimo zapostavismo zapostaviste zapostavite zapostavivši zapostaviće zapostavićemo zapostavićete zapostavićeš zapostaviću zapostaviš zapostaviše
gnjev	gnjeve gnjevi gnjevima gnjevova gnjevove gnjevovi gnjevovima gnjevu
matica	maticama matici matico maticom
crtaći	crtaćeg crtaćega crtaćem crtaćemu crtaćih crtaćim crtaćoj crtaćom
senilan	najsenilnija najsenilnije najsenilnijeg najsenilnijega najsenilnijem najsenilnijemu najsenilniji najsenilnijih najsenilnijim najsenilnijima najsenilnijoj najsenilnijom najsenilniju senilne senilnih senilnija senilnije senilnijeg senilnijega senilnijem senilnijemu senilniji senilnijih senilnijim senilnijima senilnijoj senilnijom senilniju senilnim senilnima senilno senilnoga senilnoj senilnom senilnome senilnomu senilnu
izvodljiv	izvodljiva izvodljive izvodljivi izvodljivih izvodljivija izvodljivije izvodljivijeg izvodljivijega izvodljivijem izvodljivijemu izvodljiviji izvodljivijih izvodljivijim izvodljivijima izvodljivijoj izvodljivijom izvodljiviju izvodljivim izvodljivima izvodljivog izvodljivoga izvodljivoj izvodljivom izvodljivome izvodljivomu izvodljivu najizvodljivija najizvodljivije najizvodljivijeg najizvodljivijega najizvodljivijem najizvodljivijemu najizvodljiviji najizvodljivijih najizvodljivijim najizvodljivijima najizvodljivijoj najizvodljivijom najizvodljiviju
privrženost	privrženostima privrženošću
udruživati	udruživah udruživahu udruživasmo udruživaste udruživaće udruživaćemo udruživaćete udruživaćeš udruživaću udruživaše udružuj udružujem udružujete udružuješ udružujmo udružujte udružujući
emitirati	emitirah emitirahu emitiraj emitirajmo emitirajte emitirajući emitiram emitirasmo emitiraste emitirate emitiravši emitiraće emitiraćemo emitiraćete emitiraćeš emitiraću emitiraš emitiraše
kačket	kačketa kačketi kačketima kačketu
brežuljak	brežuljom brežuljče
zaslon	zaslone zasloni zaslonima zaslonom
razoružati	razoružah razoružajmo razoružaju razoružasmo razoružaste razoružate razoružavši razoružaće razoružaćemo razoružaćete razoružaćeš razoružaću razoružaš razoružaše
atelje	ateljee ateljei ateljeima ateljeom
tutanj	tutnja tutnjem tutnjeva tutnjeve tutnjevi tutnjevima tutnjima tutnju
grudva	grudava grudvo grudvom
podsvestan	podsvesnih podsvesnim podsvesnima podsvesnog podsvesnoga podsvesnoj podsvesnome podsvesnomu podsvesnu
haringa	haringama haringo haringom
slezina	slezinama slezini slezino slezinom
grabiti	grabeći grabiće grabićemo grabićete grabićeš grabiću grabljah grabljahu grabljasmo grabljaste grabljaše grabljenje
telepatski	telepatskim telepatskima telepatskog telepatskoga telepatskoj telepatskom telepatskome telepatskomu
nabasati	nabasah nabasaj nabasajmo nabasajte nabasaju nabasam nabasamo nabasasmo nabasaste nabasate nabasavati nabasavši nabasaće nabasaćemo nabasaćete nabasaćeš nabasaću nabasaš nabasaše
skela	skelo skelom
herc	hercem hercu herčeva herčeve herčevi herčevima
gasnuti	gasnem gasnemo gasnete gasneš gasnimo gasnite gasnuvši gasnuće gasnućemo gasnućete gasnućeš gasnući gasnuću gašnja gašnjah gašnjasmo gašnjaste gašnjaše
ljepilo	ljepilima ljepilu
hemičar	hemičare hemičarima hemičarom hemičaru
velikan	velikanom velikanu
prodavaonica	prodavaonicama prodavaonico prodavaonicom
slad	sladom sladova sladove sladovi sladovima sladu
tiskati	tiskah tiskahu tiskajmo tiskajući tiskam tiskamo tiskasmo tiskaste tiskate tiskaće tiskaćemo tiskaćete tiskaćeš tiskaću tiskaš tiskaše
omamiti	omame omamih omamim omamimo omamismo omamiste omamite omamivši omamiće omamićemo omamićete omamićeš omamiću omamiš omamiše
mačor	mačorima mačorom
kanibal	kanibalima kanibalom kanibalu
utući	utuci utucimo utucite utukavši utukoh utukosmo utukoste utukoše utuku utuče utučem utučemo utučete utučeš
raskošan	najraskošnija najraskošnije najraskošnijeg najraskošnijega najraskošnijem najraskošnijemu najraskošniji najraskošnijih najraskošnijim najraskošnijima najraskošnijoj najraskošnijom najraskošniju raskošnija raskošnije raskošnijeg raskošnijega raskošnijem raskošnijemu raskošniji raskošnijih raskošnijim raskošnijima raskošnijoj raskošnijom raskošniju raskošnima raskošno raskošnog raskošnoga raskošnoj raskošnome raskošnomu
proglas	proglasa proglasima proglasom proglasu
zloća	zloćama zloći zloćom
raspuštati	raspuštah raspuštahu raspuštaj raspuštajmo raspuštajte raspuštaju raspuštajući raspuštasmo raspuštaste raspuštate raspuštaće raspuštaćemo raspuštaćete raspuštaćeš raspuštaću raspuštaš raspuštaše
koridor	koridori koridorima koridorom
poznanstvo	poznanstvima poznanstvom poznanstvu
rukovodstvo	rukovodstava rukovodstvima
očinski	očinskih očinskim očinskima očinsko očinskog očinskoga očinskoj očinskom očinskome očinskomu
čipka	čipaka čipci čipkama čipki čipko
zidar	zidarima zidarom zidaru
mišićni	mišićnim mišićnima mišićnoga mišićnoj mišićnome mišićnomu
tenkovski	tenkovskima tenkovsko tenkovskoga tenkovskom tenkovskome tenkovskomu
danonoćni	danonoćna danonoćne danonoćnih danonoćnim danonoćnima danonoćnog danonoćnoga danonoćnoj danonoćnom danonoćnome danonoćnomu danonoćnu
pedijatar	pedijatara pedijatre pedijatrima pedijatrom pedijatru
provokacija	provokacijama provokaciji provokacijo provokacijom
selekcija	selekcijama selekciji selekcijo
implicirati	implicirah implicirahu impliciraj implicirajmo implicirajte impliciraju implicirajući impliciramo impliciranje implicirasmo impliciraste impliciravši impliciraće impliciraćemo impliciraćete impliciraćeš impliciraću impliciraše
aktuelan	aktuelnih aktuelnija aktuelnije aktuelnijeg aktuelnijega aktuelnijem aktuelnijemu aktuelniji aktuelnijih aktuelnijim aktuelnijima aktuelnijoj aktuelnijom aktuelniju aktuelnima aktuelnoga aktuelnoj aktuelnome aktuelnomu aktuelnu najaktuelnija najaktuelnije najaktuelnijeg najaktuelnijega najaktuelnijem najaktuelnijemu najaktuelniji najaktuelnijih najaktuelnijim najaktuelnijima najaktuelnijoj najaktuelnijom najaktuelniju
kampirati	kampira kampirah kampirahu kampiraj kampirajmo kampirajte kampirajući kampiram kampiramo kampirasmo kampiraste kampirate kampiraće kampiraćemo kampiraćete kampiraćeš kampiraću kampiraš kampiraše
operator	operatorima operatorom
neuron	neuronom neuronu
kovrdžav	kovrdžavih kovrdžavija kovrdžavije kovrdžavijeg kovrdžavijega kovrdžavijem kovrdžavijemu kovrdžaviji kovrdžavijih kovrdžavijim kovrdžavijima kovrdžavijoj kovrdžavijom kovrdžaviju kovrdžavim kovrdžavima kovrdžavo kovrdžavog kovrdžavoga kovrdžavoj kovrdžavome kovrdžavomu najkovrdžavija najkovrdžavije najkovrdžavijeg najkovrdžavijega najkovrdžavijem najkovrdžavijemu najkovrdžaviji najkovrdžavijih najkovrdžavijim najkovrdžavijima najkovrdžavijoj najkovrdžavijom najkovrdžaviju
stupati	stupah stupahu stupajmo stupajte stupajući stupasmo stupaste stupaće stupaćemo stupaćete stupaćeš stupaću stupaše
izrastati	izrastah izrastahu izrastaj izrastajmo izrastajte izrastajući izrastam izrastamo izrastanje izrastasmo izrastaste izrastate izrastaće izrastaćemo izrastaćete izrastaćeš izrastaću izrastaš izrastaše
zelenilo	zelenilima
nepovezan	nepovezanim nepovezanima nepovezanog nepovezanoga nepovezanoj nepovezanom nepovezanome nepovezanomu nepovezanu
šepati	šepah šepahu šepaj šepajmo šepajte šepaju šepamo šepasmo šepaste šepate šepaće šepaćemo šepaćete šepaćeš šepaću šepaše
paragraf	paragrafe paragrafi paragrafima paragrafom
sjahati	sjahavši sjaše sjaših sjašim sjašimo sjašismo sjašiste sjašiti sjašiće sjašićemo sjašićete sjašićeš sjašiću sjašiš sjašiše
slavuj	slavuje slavujem slavujima
veleposlanstvo	veleposlanstava veleposlanstvima veleposlanstvom
jež	ježe ježevima ježić ježom ježu
impotentan	impotentna impotentne impotentnih impotentnima impotentno impotentnog impotentnoga impotentnoj impotentnom impotentnome impotentnomu impotentnu
jednostavnost	jednostavnostima
zamjerati	zamjerah zamjerahu zamjeraj zamjerajmo zamjerajte zamjeraju zamjerajući zamjeramo zamjeranje zamjerasmo zamjeraste zamjeraće zamjeraćemo zamjeraćete zamjeraćeš zamjeraću zamjeraše
talasni	talasnima talasno talasnog talasnoga talasnom talasnome talasnomu
krma	krmama krme krmo
zaseban	zasebnima zasebno zasebnog zasebnoga zasebnoj zasebnom zasebnome zasebnomu
porezati	porezah porezasmo porezaste porezavši porezaće porezaćemo porezaćete porezaćeš porezaću porezaše poreže porežem porežemo porežete porežeš poreži porežimo porežite porežu
presti	predahu predasmo predaste predaše preden predena predene predeni predeno predete predijah predijahu predijasmo predijaste predijaše predimo predite predoh predosmo predoste predoše predući prela prele preli prelo preo prešće prešćemo prešćete prešćeš prešću
razmetati	razmetah razmetahu razmetasmo razmetaste razmetaće razmetaćemo razmetaćete razmetaćeš razmetaću razmetaše razmećemo razmećete razmeći razmećimo razmećite razmećući
špijunka	špijunkama špijunki špijunko špijunkom
svit	svitova svitove svitovi svitovima
iranski	iranskima iransko iranskoga iranskoj iranskome iranskomu
plavokos	plavokosih plavokosim plavokosima plavokoso plavokosoga plavokosoj plavokosom plavokosome plavokosomu
ovalan	ovalnih ovalnim ovalnima ovalno ovalnoga ovalnome ovalnomu
paradirati	paradirah paradirahu paradiraj paradirajmo paradirajte paradirajući paradiramo paradirasmo paradiraste paradiraće paradiraćemo paradiraćete paradiraćeš paradiraću paradiraše
tjelohranitelj	tjelohraniteljem tjelohraniteljima tjelohranitelju
krošnja	krošanja krošnjo krošnjom
rđav	najrđavija najrđavije najrđavijeg najrđavijega najrđavijem najrđavijemu najrđaviji najrđavijih najrđavijim najrđavijima najrđavijoj najrđavijom najrđaviju rđavih rđavija rđavije rđavijeg rđavijega rđavijem rđavijemu rđaviji rđavijih rđavijim rđavijima rđavijoj rđavijom rđaviju rđavim rđavima rđavog rđavoga rđavoj rđavom rđavome rđavomu rđavu
prisluškivač	prisluškivačem prisluškivačima prisluškivaču
močvaran	močvarnima močvarnoga močvarnoj močvarnome močvarnomu
blic	blicem bliceva bliceve blicevima blicom blicu
mlaz	mlaze mlazova mlazove mlazovima
glinen	glinenim glinenima glineno glinenog glinenoga glinenoj glinenom glinenome glinenomu
svrab	svrabe svrabom svrabu
provalija	provalijama provalijo provalijom
koalicija	koalicijama koalicijo koalicijom
projektor	projektore projektori projektorima
duplikat	duplikatima duplikatom duplikatu
bezobziran	bezobzirnih bezobzirnija bezobzirnije bezobzirnijeg bezobzirnijega bezobzirnijem bezobzirnijemu bezobzirniji bezobzirnijih bezobzirnijim bezobzirnijima bezobzirnijoj bezobzirnijom bezobzirniju bezobzirnim bezobzirnima bezobzirno bezobzirnog bezobzirnoga bezobzirnoj bezobzirnom bezobzirnome bezobzirnomu bezobzirnu najbezobzirnija najbezobzirnije najbezobzirnijeg najbezobzirnijega najbezobzirnijem najbezobzirnijemu najbezobzirniji najbezobzirnijih najbezobzirnijim najbezobzirnijima najbezobzirnijoj najbezobzirnijom najbezobzirniju
abortirati	abortirah abortirahu abortiraj abortirajmo abortirajte abortiraju abortirajući abortiramo abortiranje abortirasmo abortiraste abortirate abortiravši abortiraće abortiraćemo abortiraćete abortiraćeš abortiraću abortiraše
patricij	patricijem patricijima
intelekt	intelekata intelekte intelekti intelektima
kutijica	kutijicama kutijico kutijicom
klada	kladama klado kladom
bura	burama buro burom
kijati	kijah kijahu kijaj kijajmo kijajte kijaju kijajući kijamo kijasmo kijaste kijate kijaće kijaćemo kijaćete kijaćeš kijaću kijaše
skrb	skrblju
oličenje	oličenja oličenjem oličenjima oličenju
garant	garanata garanta garante garanti garantima garantom garantu
odgoj	odgojem
dinamika	dinamikama dinamiko dinamikom
predahnuti	predahnete predahnimo predahnu predahnuh predahnusmo predahnuste predahnuvši predahnuće predahnućemo predahnućete predahnućeš predahnuću predahnuše
levoruk	levorukih levorukim levorukima levoruko levorukog levorukoga levorukoj levorukom levorukome levorukomu levoruku
overiti	overe overih overismo overiste overivši overiće overićemo overićete overićeš overiću overiše
zvocati	zvocah zvocahu zvocaj zvocajmo zvocajte zvocajući zvocamo zvocasmo zvocaste zvocate zvocaće zvocaćemo zvocaćete zvocaćeš zvocaću zvocaše
nerazdvojan	nerazdvojna nerazdvojnih nerazdvojnim nerazdvojnima nerazdvojno nerazdvojnog nerazdvojnoga nerazdvojnoj nerazdvojnom nerazdvojnome nerazdvojnomu nerazdvojnu
udio	udjele udjeli udjelima udjelom udjelu
poslovođa	poslovođama poslovođi poslovođo poslovođom
biciklist	biciklistima biciklistom
balistički	balistička balističkim balističkima balističkoga balističkoj balističkom balističkome balističkomu
žohar	žoharima žoharom
trampiti	trampeći trampih trampismo trampiste trampite trampivši trampiće trampićemo trampićete trampićeš trampiću trampiše trampljah trampljahu trampljasmo trampljaste trampljaše
kompenzacija	kompenzacijama kompenzaciji kompenzacijo kompenzacijom
tigrica	tigricama tigrici tigricom
prerija	prerijo prerijom
posrnuti	posrnem posrnemo posrnete posrneš posrni posrnimo posrnite posrnu posrnuh posrnusmo posrnuste posrnuvši posrnuće posrnućemo posrnućete posrnućeš posrnuću posrnuše
narančast	narančastih narančastim narančastima narančastog narančastoga narančastoj narančastome narančastomu
atentator	atentatorima atentatorom atentatoru
iznimka	iznimci iznimkama iznimko iznimkom
slonovača	slonovači slonovačo
naslovnik	naslovnicima naslovnika naslovnike naslovnikom naslovniku naslovniče
svršeni	svršene svršenih svršenim svršenima svršenog svršenoga svršenoj svršenom svršenome svršenomu svršenu
zagrijavati	zagrijavah zagrijavahu zagrijavaj zagrijavajmo zagrijavajte zagrijavajući zagrijavamo zagrijavasmo zagrijavaste zagrijavate zagrijavaće zagrijavaćemo zagrijavaćete zagrijavaćeš zagrijavaću zagrijavaš zagrijavaše
razdražljiv	razdražljive razdražljivih razdražljivim razdražljivima razdražljivog razdražljivoga razdražljivoj razdražljivom razdražljivome razdražljivomu razdražljivu
kiklop	kiklopima kiklopom kiklopu
kičmeni	kičmenih kičmenim kičmenima kičmeno kičmenoga kičmenoj kičmenom kičmenome kičmenomu
dragan	draganima draganom
mitski	mitskim mitskima mitskoga mitskoj mitskome mitskomu
narkomanka	narkomankama narkomanki narkomanko narkomankom
opsedati	opsedah opsedahu opsedaj opsedajmo opsedajte opsedajući opsedam opsedamo opsedasmo opsedaste opsedate opsedaće opsedaćemo opsedaćete opsedaćeš opsedaću opsedaše
dopuna	dopunama dopuno dopunom
ludjeti	ludeći ludite ludjeće ludjećemo ludjećete ludjećeš ludjeću luđah luđahu luđasmo luđaste luđaše luđenje
spajalica	spajalici spajalico
polusestra	polusestrama polusestri polusestro
čačkalica	čačkalicama čačkalici čačkalico
partijski	partijskima partijsko partijskoga partijskoj partijskome partijskomu
vekna	veknama vekno veknom
pasivan	najpasivnija najpasivnije najpasivnijeg najpasivnijega najpasivnijem najpasivnijemu najpasivniji najpasivnijih najpasivnijim najpasivnijima najpasivnijoj najpasivnijom najpasivniju pasivnih pasivnija pasivnije pasivnijeg pasivnijega pasivnijem pasivnijemu pasivniji pasivnijih pasivnijim pasivnijima pasivnijoj pasivnijom pasivniju pasivnim pasivnima pasivno pasivnoga pasivnoj pasivnom pasivnome pasivnomu pasivnu
osnivati	osnivah osnivahu osnivaj osnivajmo osnivajte osnivajući osnivasmo osnivaste osnivate osnivaće osnivaćemo osnivaćete osnivaćeš osnivaću osnivaš osnivaše
pivnica	pivnicama pivnicom
zboriti	zborah zborahu zborasmo zboraste zboraše zbore zborenje zboreći zborimo zboriće zborićemo zborićete zborićeš zboriću
škare	škara
blesan	blesanima blesanom blesanu
renesansa	renesansama renesanso renesansom
astronomija	astronomijo astronomijom
specifikacija	specifikaciji specifikacijo specifikacijom specifikaciju
iscrpljivati	iscrpljivah iscrpljivahu iscrpljivasmo iscrpljivaste iscrpljivaće iscrpljivaćemo iscrpljivaćete iscrpljivaćeš iscrpljivaću iscrpljivaše iscrpljuj iscrpljujem iscrpljujemo iscrpljujete iscrpljujmo iscrpljujte
močiti	močah močahu močasmo močaste močaše moče močenje močeći močim močimo močite močiće močićemo močićete močićeš močiću močiš
kolino	kolinima
sušilica	sušilicama sušilico sušilicom
izgnanstvo	izgnanstvom
kršćanin	kršćanina kršćanine kršćaninom kršćaninu
kelner	kelnere kelnerima kelnerom
hodočašće	hodočašćem hodočašćima
poprište	poprištem poprištima
anestetik	anestetici anesteticima anestetikom anestetiku anestetiče
transvestit	transvestitima transvestitom transvestitu
bezazlen	bezazlenih bezazlenija bezazlenije bezazlenijeg bezazlenijega bezazlenijem bezazlenijemu bezazleniji bezazlenijih bezazlenijim bezazlenijima bezazlenijoj bezazlenijom bezazleniju bezazlenim bezazlenima bezazleno bezazlenog bezazlenoga bezazlenoj bezazlenom bezazlenome bezazlenomu najbezazlenija najbezazlenije najbezazlenijeg najbezazlenijega najbezazlenijem najbezazlenijemu najbezazleniji najbezazlenijih najbezazlenijim najbezazlenijima najbezazlenijoj najbezazlenijom najbezazleniju
đon	đone đonova
patologija	patologijama patologijo patologijom
nastaniti	nastanih nastanim nastanimo nastanismo nastaniste nastanite nastanivši nastaniće nastanićemo nastanićete nastanićeš nastaniću nastaniš nastaniše
adaptirati	adaptirah adaptirahu adaptiraj adaptirajmo adaptirajte adaptirajući adaptiram adaptiramo adaptiranje adaptirasmo adaptiraste adaptirate adaptiravši adaptiraće adaptiraćemo adaptiraćete adaptiraćeš adaptiraću adaptiraš adaptiraše
neposlušan	najneposlušnija najneposlušnije najneposlušnijeg najneposlušnijega najneposlušnijem najneposlušnijemu najneposlušniji najneposlušnijih najneposlušnijim najneposlušnijima najneposlušnijoj najneposlušnijom najneposlušniju neposlušnih neposlušnija neposlušnije neposlušnijeg neposlušnijega neposlušnijem neposlušnijemu neposlušniji neposlušnijih neposlušnijim neposlušnijima neposlušnijoj neposlušnijom neposlušniju neposlušnim neposlušnima neposlušno neposlušnoga neposlušnoj neposlušnom neposlušnome neposlušnomu neposlušnu
gaziran	gaziranih gaziranim gaziranima gaziranoga gaziranoj gaziranom gaziranome gaziranomu
predavač	predavače predavačem predavačima predavaču
ekscentričan	ekscentičnija ekscentičnije ekscentičnijeg ekscentičnijega ekscentičnijem ekscentičnijemu ekscentičniji ekscentičnijih ekscentičnijim ekscentičnijima ekscentičnijoj ekscentičnijom ekscentičniju ekscentrične ekscentričnih ekscentričnim ekscentričnima ekscentričnoga ekscentričnoj ekscentričnom ekscentričnome ekscentričnomu ekscentričnu najekscentičnija najekscentičnije najekscentičnijeg najekscentičnijega najekscentičnijem najekscentičnijemu najekscentičniji najekscentičnijih najekscentičnijim najekscentičnijima najekscentičnijoj najekscentičnijom najekscentičniju
nagoveštavati	nagoveštavah nagoveštavahu nagoveštavaj nagoveštavajmo nagoveštavajte nagoveštavajući nagoveštavamo nagoveštavanje nagoveštavasmo nagoveštavaste nagoveštavaće nagoveštavaćemo nagoveštavaćete nagoveštavaćeš nagoveštavaću nagoveštavaše
nepismen	nepismenim nepismenima nepismeno nepismenog nepismenoga nepismenoj nepismenom nepismenome nepismenomu nepismenu
hijerarhija	hijerarhijama hijerarhijo hijerarhijom
avokado	avokadima avokadu
krstaš	krstašom krstašu
presjeći	presijecimo presijecite presijeku presiječe presiječem presiječemo presiječete presiječeš presjekavši presjekoh presjekosmo presjekoste presjekoše
rubrika	rubrikama rubriko rubrikom
pletenica	pletenici pletenico pletenicom
neuk	najneukija najneukije najneukijeg najneukijega najneukijem najneukijemu najneukiji najneukijih najneukijim najneukijima najneukijoj najneukijom najneukiju neukija neukije neukijeg neukijega neukijem neukijemu neukiji neukijih neukijim neukijima neukijoj neukijom neukiju neukim neukima neukog neukoga neukoj neukom neukome neukomu neuku
potkupiti	potkupe potkupih potkupimo potkupismo potkupiste potkupite potkupivši potkupiće potkupićemo potkupićete potkupićeš potkupiću potkupiše
neobuzdan	najneobuzdanija najneobuzdanije najneobuzdanijeg najneobuzdanijega najneobuzdanijem najneobuzdanijemu najneobuzdaniji najneobuzdanijih najneobuzdanijim najneobuzdanijima najneobuzdanijoj najneobuzdanijom najneobuzdaniju neobuzdanih neobuzdanija neobuzdanije neobuzdanijeg neobuzdanijega neobuzdanijem neobuzdanijemu neobuzdaniji neobuzdanijih neobuzdanijim neobuzdanijima neobuzdanijoj neobuzdanijom neobuzdaniju neobuzdanim neobuzdanima neobuzdanoga neobuzdanoj neobuzdanom neobuzdanome neobuzdanomu
balaviti	balaveći balavimo balavite balaviće balavićemo balavićete balavićeš balaviću balavljah balavljahu balavljasmo balavljaste balavljaše balavljenje
celibat	celibate celibatom
minijaturni	minijaturnima minijaturno minijaturnog minijaturnoga minijaturnoj minijaturnom minijaturnome minijaturnomu
ubojit	najubojitija najubojitije najubojitijeg najubojitijega najubojitijem najubojitijemu najubojitiji najubojitijih najubojitijim najubojitijima najubojitijoj najubojitijom najubojitiju ubojitih ubojitija ubojitije ubojitijeg ubojitijega ubojitijem ubojitijemu ubojitiji ubojitijih ubojitijim ubojitijima ubojitijoj ubojitijom ubojitiju ubojitima ubojito ubojitoga ubojitoj ubojitom ubojitome ubojitomu
potpredsednica	potpredsednicama potpredsednico potpredsednicom
zubarski	zubarskih zubarskima zubarskoga zubarskome zubarskomu
dlačica	dlačici dlačico dlačicom
nepozvan	nepozvanih nepozvanim nepozvanima nepozvano nepozvanog nepozvanoga nepozvanoj nepozvanom nepozvanome nepozvanomu nepozvanu
nepogrešiv	nepogrešive nepogrešivih nepogrešivim nepogrešivima nepogrešivog nepogrešivoga nepogrešivoj nepogrešivom nepogrešivome nepogrešivomu nepogrešivu
krštenica	krštenicama krštenico krštenicom
hašiš	hašiše hašišu
homoseksualnost	homoseksualnošću
zajedništvo	zajedništvom
čahura	čahurama čahuro čahurom
drmati	drmah drmahu drmajmo drmajte drmajući drmamo drmasmo drmaste drmate drmaće drmaćemo drmaćete drmaćeš drmaću drmaše
pokoravati	pokoravah pokoravahu pokoravaj pokoravajmo pokoravajte pokoravajući pokoravasmo pokoravaste pokoravate pokoravaće pokoravaćemo pokoravaćete pokoravaćeš pokoravaću pokoravaše
individualan	individualnima individualno individualnoga individualnoj individualnome individualnomu
postotak	postoci postocima postotci postotcima postotke postotkom postotku
varvarski	najvarvarskija najvarvarskije najvarvarskijeg najvarvarskijega najvarvarskijem najvarvarskijemu najvarvarskiji najvarvarskijih najvarvarskijim najvarvarskijima najvarvarskijoj najvarvarskijom najvarvarskiju varvarskija varvarskije varvarskijeg varvarskijega varvarskijem varvarskijemu varvarskiji varvarskijih varvarskijim varvarskijima varvarskijoj varvarskijom varvarskiju varvarskima varvarskog varvarskoga varvarskoj varvarskome varvarskomu varvarsku
bestseler	bestselere bestseleri bestselerima bestselerom bestseleru
rumen	najrumenija najrumenije najrumenijeg najrumenijega najrumenijem najrumenijemu najrumeniji najrumenijih najrumenijim najrumenijima najrumenijoj najrumenijom najrumeniju rumenija rumenije rumenijeg rumenijega rumenijem rumenijemu rumeniji rumenijih rumenijim rumenijima rumenijoj rumenijom rumeniju rumenima rumenju rumenog rumenoga rumenoj rumenom rumenome rumenomu rumenu
beživotan	beživotnih beživotnim beživotnima beživotnoga beživotnoj beživotnom beživotnome beživotnomu
nadmoćan	nadmoćnih nadmoćnija nadmoćnijeg nadmoćnijega nadmoćnijem nadmoćnijemu nadmoćnijih nadmoćnijim nadmoćnijima nadmoćnijoj nadmoćnijom nadmoćniju nadmoćnima nadmoćnog nadmoćnoga nadmoćnoj nadmoćnom nadmoćnome nadmoćnomu najnadmoćnija najnadmoćnije najnadmoćnijeg najnadmoćnijega najnadmoćnijem najnadmoćnijemu najnadmoćniji najnadmoćnijih najnadmoćnijim najnadmoćnijima najnadmoćnijoj najnadmoćnijom najnadmoćniju
nadmoć	nadmoćima nadmoću
ravnopravan	najravnopravnija najravnopravnije najravnopravnijeg najravnopravnijega najravnopravnijem najravnopravnijemu najravnopravniji najravnopravnijih najravnopravnijim najravnopravnijima najravnopravnijoj najravnopravnijom najravnopravniju ravnopravnih ravnopravnija ravnopravnije ravnopravnijeg ravnopravnijega ravnopravnijem ravnopravnijemu ravnopravniji ravnopravnijih ravnopravnijim ravnopravnijima ravnopravnijoj ravnopravnijom ravnopravniju ravnopravnim ravnopravnima ravnopravnog ravnopravnoga ravnopravnoj ravnopravnom ravnopravnome ravnopravnomu ravnopravnu
socijalistički	socijalističkim socijalističkima socijalističko socijalističkoga socijalističkome socijalističkomu
svod	svodova svodove svodovi svodovima
deblo	deblima deblom
dodeljivati	dodeljivah dodeljivahu dodeljivasmo dodeljivaste dodeljivaće dodeljivaćemo dodeljivaćete dodeljivaćeš dodeljivaću dodeljivaše dodeljuj dodeljujete dodeljuješ dodeljujmo dodeljujte dodeljujući
mlitav	mlitavih mlitavija mlitavije mlitavijeg mlitavijega mlitavijem mlitavijemu mlitaviji mlitavijih mlitavijim mlitavijima mlitavijoj mlitavijom mlitaviju mlitavima mlitavog mlitavoga mlitavoj mlitavom mlitavome mlitavomu mlitavu najmlitavija najmlitavije najmlitavijeg najmlitavijega najmlitavijem najmlitavijemu najmlitaviji najmlitavijih najmlitavijim najmlitavijima najmlitavijoj najmlitavijom najmlitaviju
živopisan	najživopisnija najživopisnije najživopisnijeg najživopisnijega najživopisnijem najživopisnijemu najživopisniji najživopisnijih najživopisnijim najživopisnijima najživopisnijoj najživopisnijom najživopisniju živopisnija živopisnije živopisnijeg živopisnijega živopisnijem živopisnijemu živopisniji živopisnijih živopisnijim živopisnijima živopisnijoj živopisnijom živopisniju živopisnima živopisno živopisnog živopisnoga živopisnoj živopisnome živopisnomu
fijasko	fijaskima fijaskom fijasku
vrtlar	vrtlare vrtlarima
ribnjak	ribnjaci ribnjacima ribnjake ribnjakom ribnjače
ubrus	ubrusima ubrusom ubrusu
barbika	barbiki
sinagoga	sinagogama sinagogo sinagogom sinagozi
napomena	napomenama napomeno napomenom
pijun	pijunima pijunom pijunu
interpretacija	interpretacijama interpretacijo interpretacijom
ženstven	najženstvenija najženstvenije najženstvenijeg najženstvenijega najženstvenijem najženstvenijemu najženstveniji najženstvenijih najženstvenijim najženstvenijima najženstvenijoj najženstvenijom najženstveniju ženstvenih ženstvenija ženstvenijeg ženstvenijega ženstvenijem ženstvenijemu ženstveniji ženstvenijih ženstvenijim ženstvenijima ženstvenijoj ženstvenijom ženstveniju ženstvenim ženstvenima ženstvenog ženstvenoga ženstvenoj ženstvenom ženstvenome ženstvenomu ženstvenu
dosadašnji	dosadašnjega dosadašnjemu dosadašnjima dosadašnjom dosadašnju
ustupiti	ustupe ustupih ustupimo ustupismo ustupiste ustupivši ustupiće ustupićemo ustupićete ustupićeš ustupiću ustupiš ustupiše
bokal	bokale bokali bokalima bokalom
kirurški	kirurškima kirurško kirurškog kirurškoga kirurškoj kirurškome kirurškomu
izmamiti	izmame izmamih izmamismo izmamiste izmamite izmamivši izmamiće izmamićemo izmamićete izmamićeš izmamiću izmamiše
mislilac	misliocem misliocima misliocu mislioče
kongresni	kongresnih kongresnima kongresno kongresnoga kongresnome kongresnomu
stampedo	stampede stampedi stampedima stampedom
dragocenost	dragocenošću
latiti	latenje latih latismo latiste latite lativši latiće latićemo latićete latićeš latiću latiš latiše laćati
indicija	indiciji indicijo indicijom indiciju
podrediti	podrede podredi podredih podredim podredimo podredismo podrediste podredite podredivši podrediće podredićemo podredićete podredićeš podrediću podrediš podrediše
likvidirati	likvidirah likvidirahu likvidiraj likvidirajmo likvidirajte likvidirajući likvidiranje likvidirasmo likvidiraste likvidirate likvidiravši likvidiraće likvidiraćemo likvidiraćete likvidiraćeš likvidiraću likvidiraš likvidiraše
skrbništvo	skrbništvom
stidan	stidni stidnim stidnima stidno stidnog stidnoga stidnoj stidnom stidnome stidnomu stidnu
jednook	jednooke jednookih jednookim jednookima jednooko jednookoga jednookoj jednookome jednookomu jednooku
razvodnik	razvodnici razvodnicima razvodnike razvodnikom
redovnik	redovnicima redovnikom redovniku
čaršaf	čaršafom čaršafu
bakalar	bakalare bakalari bakalarima bakalarom bakalaru
melem	meleme melemi melemima melemom melemu
linč	linčem linčeva linčeve linčevi linčevima
odlika	odlici odliko odlikom
tjestenina	tjesteninama tjestenini tjestenino
kvartal	kvartale kvartali kvartalima kvartalom
ilegalac	ilegalcem ilegalcu ilegalče
izroditi	izrađati izrodih izrodim izrodimo izrodismo izrodiste izrodite izrodivši izrodiće izrodićemo izrodićete izrodićeš izrodiću izrodiš izrodiše
opatija	opatijama opatijo opatijom
poređati	poređa poređah poređajmo poređanje poređasmo poređaste poređate poređavši poređaće poređaćemo poređaćete poređaćeš poređaću poređaš poređaše
zabeleška	zabelešci zabeleško zabeleškom zabeležaka
mahala	mahalama mahale mahalom mahalu
izviđati	izviđa izviđah izviđahu izviđaj izviđajmo izviđajte izviđaju izviđajući izviđam izviđamo izviđasmo izviđaste izviđate izviđaće izviđaćemo izviđaćete izviđaćeš izviđaću izviđaš izviđaše
tvrdoglavost	tvrdoglavostima
fenjer	fenjerima fenjerom fenjeru
najlon	najlone najlonu
ljaga	ljagama ljagi ljago ljagom ljazi
dočekivati	dočekivah dočekivahu dočekivanje dočekivasmo dočekivaste dočekivaće dočekivaćemo dočekivaćete dočekivaćeš dočekivaću dočekivaše dočekuj dočekujmo dočekujte dočekujući
mnogobrojan	mnogobrojnima mnogobrojno mnogobrojnog mnogobrojnoga mnogobrojnoj mnogobrojnom mnogobrojnome mnogobrojnomu mnogobrojnu
ratnica	ratnicama ratnico ratnicom ratnicu
pogodnost	pogodnošću
strankinja	strankinjama strankinji
dokučiti	dokuče dokučih dokučismo dokučiste dokučite dokučivati dokučivši dokučiće dokučićemo dokučićete dokučićeš dokučiću dokučiš dokučiše
klanac	klanaca klance klancem klanci klancima klanče
zavidan	najzavidnija najzavidnije najzavidnijeg najzavidnijega najzavidnijem najzavidnijemu najzavidniji najzavidnijih najzavidnijim najzavidnijima najzavidnijoj najzavidnijom najzavidniju zavidnih zavidnija zavidnije zavidnijeg zavidnijega zavidnijem zavidnijemu zavidniji zavidnijih zavidnijim zavidnijima zavidnijoj zavidnijom zavidniju zavidnim zavidnima zavidnog zavidnoga zavidnoj zavidnom zavidnome zavidnomu
austrijski	austrijskih austrijskima austrijsko austrijskoga austrijskoj austrijskome austrijskomu austrijsku
nestašica	nestašicama nestašici nestašico nestašicom
skijaški	skijaškima skijaško skijaškog skijaškoga skijaškoj skijaškome skijaškomu
sužavati	sužavah sužavahu sužavaj sužavajmo sužavajte sužavajući sužavam sužavamo sužavanje sužavasmo sužavaste sužavate sužavaće sužavaćemo sužavaćete sužavaćeš sužavaću sužavaš sužavaše
pevac	pevce pevcem pevci pevcima pevče
ljudina	ljudinama ljudine ljudini ljudinom ljudinu
obrtaj	obrtajem obrtaju
brujati	brujah brujahu brujasmo brujaste brujaće brujaćemo brujaćete brujaćeš brujaću brujaše brujeći brujim brujimo brujite brujiš
bezobrazluk	bezobrazluci bezobrazlucima bezobrazlukom bezobrazluku bezobrazluče
balavac	balavaca balavce balavcem balavcima balavcu
oklijevati	oklijevah oklijevahu oklijevajmo oklijevajte oklijevaju oklijevajući oklijevam oklijevamo oklijevasmo oklijevaste oklijevate oklijevaće oklijevaćemo oklijevaćete oklijevaćeš oklijevaću oklijevaše
lestvica	lestvicama lestvico lestvicom
sljedbenik	sljedbenikom sljedbeniku sljedbeniče
sled	sleda sledom sledova sledove sledovi sledovima
telepatija	telepatiji telepatijo
ekvator	ekvatore ekvatori ekvatorima ekvatorom
provokativan	najprovokativnija najprovokativnije najprovokativnijeg najprovokativnijega najprovokativnijem najprovokativnijemu najprovokativniji najprovokativnijih najprovokativnijim najprovokativnijima najprovokativnijoj najprovokativnijom najprovokativniju provokativni provokativnih provokativnija provokativnije provokativnijeg provokativnijega provokativnijem provokativnijemu provokativniji provokativnijih provokativnijim provokativnijima provokativnijoj provokativnijom provokativniju provokativnim provokativnima provokativnog provokativnoga provokativnoj provokativnom provokativnome provokativnomu
maštovit	maštovitih maštovitija maštovitije maštovitijeg maštovitijega maštovitijem maštovitijemu maštovitiji maštovitijih maštovitijim maštovitijima maštovitijoj maštovitijom maštovitiju maštovitim maštovitima maštovitog maštovitoga maštovitoj maštovitom maštovitome maštovitomu maštovitu najmaštovitija najmaštovitije najmaštovitijeg najmaštovitijega najmaštovitijem najmaštovitijemu najmaštovitiji najmaštovitijih najmaštovitijim najmaštovitijima najmaštovitijoj najmaštovitijom najmaštovitiju
vunen	vunenima vunenog vunenoga vunenoj vunenom vunenome vunenomu
brusnica	brusnici brusnico brusnicom brusnicu
sagoreti	sagoreh sagoresmo sagoreste sagorevši sagoreće sagorećemo sagorećete sagorećeš sagoreću sagoreše sagorimo sagorite sagoriš
prigušivač	prigušivači prigušivačima prigušivaču
krvopija	krvopijama krvopiji krvopijom
gricnuti	gricnete gricnimo gricnite gricnu gricnuh gricnusmo gricnuste gricnuvši gricnuće gricnućemo gricnućete gricnućeš gricnuću gricnuše
antimaterija	antimateriji antimaterijo antimaterijom
tastatura	tastaturama tastaturo
opruga	oprugo opruzi
okolišati	okolišah okolišahu okolišajmo okolišajte okolišaju okolišajući okolišasmo okolišaste okolišate okolišaće okolišaćemo okolišaćete okolišaćeš okolišaću okolišaše
gerilac	gerilca gerilcem gerilcu gerilče
ljubičica	ljubičicama ljubičici ljubičicom ljubičicu
pronalazač	pronalazače pronalazačem pronalazačima pronalazaču
oganj	ognje ognjeva ognjeve ognjevi ognjevima ognji ognjima
ljepljiv	ljepljivih ljepljivim ljepljivima ljepljivog ljepljivoga ljepljivoj ljepljivome ljepljivomu
krivokletstvo	krivokletstvima krivokletstvom krivokletstvu
stanovište	stanovištem stanovištima stanovištu
leća	lećama lećo lećom
mješavina	mješavinama mješavini mješavino mješavinom
šizofrenija	šizofrenijama šizofreniji šizofrenijo šizofrenijom
staklenik	staklenici staklenicima staklenike staklenikom stakleniče
brisač	brisačem brisaču
utrnuo	utrnulih utrnulim utrnulima utrnulog utrnuloga utrnuloj utrnulom utrnulome utrnulomu utrnulu
brojač	brojače brojačem brojačima
koljač	koljače koljačem koljačima
energičan	energičnih energičnija energičnijeg energičnijega energičnijem energičnijemu energičnijih energičnijim energičnijima energičnijoj energičnijom energičniju energičnim energičnima energično energičnog energičnoga energičnoj energičnom energičnome energičnomu energičnu najenergičnija najenergičnije najenergičnijeg najenergičnijega najenergičnijem najenergičnijemu najenergičniji najenergičnijih najenergičnijim najenergičnijima najenergičnijoj najenergičnijom najenergičniju
odlomak	odlomcima odlomkom odlomku odlomče
krajolik	krajolici krajolicima krajolike krajoliče
rafinerija	rafinerijama rafinerijo rafinerijom
nedostižan	najnedostižnija najnedostižnije najnedostižnijeg najnedostižnijega najnedostižnijem najnedostižnijemu najnedostižniji najnedostižnijih najnedostižnijim najnedostižnijima najnedostižnijoj najnedostižnijom najnedostižniju nedostižnih nedostižnija nedostižnije nedostižnijeg nedostižnijega nedostižnijem nedostižnijemu nedostižniji nedostižnijih nedostižnijim nedostižnijima nedostižnijoj nedostižnijom nedostižniju nedostižnim nedostižnima nedostižnog nedostižnoga nedostižnoj nedostižnom nedostižnome nedostižnomu
naslutiti	naslute naslutih naslutimo naslutismo naslutiste naslutite naslutivši naslutiće naslutićemo naslutićete naslutićeš naslutiću naslutiše naslućivati
secirati	secirah secirahu seciraj secirajmo secirajte seciraju secirajući secirasmo seciraste secirate seciravši seciraće seciraćemo seciraćete seciraćeš seciraću seciraš seciraše
nakupiti	nakupe nakupih nakupim nakupimo nakupismo nakupiste nakupite nakupivši nakupiće nakupićemo nakupićete nakupićeš nakupiću nakupiš nakupiše nakupljati
safir	safirima safirom safiru
telegraf	telegrafe telegrafi telegrafima
sob	sobova sobovima
vreti	vrah vrahu vrasmo vraste vraše vrenje vrevši vrećemo vrećete vrećeš vrijah vrijahu vrijasmo vrijaste vrijaše vrijući vrim vrimo vrite vriš vru
bujica	bujicama bujico bujicom
šlic	šlicem šliceva šliceve šlicevi šlicevima šlicom šlicu
treptaj	treptaje treptajem treptaji treptajima
malj	maljeva maljeve maljevi maljevima malju
umetnuti	umetnem umetnemo umetnete umetneš umetnimo umetnite umetnu umetnuh umetnusmo umetnuste umetnuvši umetnuće umetnućemo umetnućete umetnućeš umetnuću umetnuše umetoh umetosmo umetoste umetoše
autentičnost	autentičnostima autentičnošću
taliti	taleći talim talimo talite taliće talićemo talićete talićeš taliću tališ taljah taljahu taljasmo taljaste taljaše taljenje
posjetnica	posjetnicama posjetnici posjetnico posjetnicom
tetiva	tetivama tetivi tetivo tetivom
potpetica	potpetici potpetico potpeticu
aristokrat	aristokratima aristokratom aristokratu
zečji	zečjeg zečjega zečjem zečjemu zečjih zečjim zečjima zečjom
gorčina	gorčini gorčino
medvedić	medvedićem medvedićima
beskonačnost	beskonačnošću
žiri	žirije žirijem žiriji žirijima
vegetarijanski	vegetarijanskih vegetarijanskim vegetarijanskima vegetarijanskog vegetarijanskoga vegetarijanskoj vegetarijanskom vegetarijanskome vegetarijanskomu
šaržer	šaržere šaržeri šaržerima šaržerom
izumirati	izumirah izumirahu izumirasmo izumiraste izumiraće izumiraćemo izumiraćete izumiraćeš izumiraću izumiraše izumirem izumiremo izumirete izumireš izumiri izumirimo izumirite izumirući
glista	glisti glisto glistom
priseban	najprisebnija najprisebnije najprisebnijeg najprisebnijega najprisebnijem najprisebnijemu najprisebniji najprisebnijih najprisebnijim najprisebnijima najprisebnijoj najprisebnijom najprisebniju prisebne prisebnih prisebnija prisebnije prisebnijeg prisebnijega prisebnijem prisebnijemu prisebniji prisebnijih prisebnijim prisebnijima prisebnijoj prisebnijom prisebniju prisebnim prisebnima prisebno prisebnog prisebnoga prisebnoj prisebnom prisebnome prisebnomu prisebnu
atlas	atlasi atlasima atlasom
tačnost	tačnostima
zrcalo	zrcalima zrcalom
kripta	kripata kriptama kripto kriptom
jajce	jajaca jajcem jajcima jajcu jajčanin jajčanka
hunta	huntama hunti hunto
ukrašavati	ukrašavah ukrašavahu ukrašavaj ukrašavajmo ukrašavajte ukrašavajući ukrašavasmo ukrašavaste ukrašavate ukrašavaće ukrašavaćemo ukrašavaćete ukrašavaćeš ukrašavaću ukrašavaše
ded	dedima dedove dedovima
neriješen	neriješenim neriješenima neriješenog neriješenoga neriješenoj neriješenom neriješenome neriješenomu neriješenu
bogac	bogaca bogec bokce bokcem bokci bokcima bokcu bokče
dren	drena drenom drenova drenove drenovi drenovima drenu
flert	flerte flertom flertova flertove flertovi flertovima flertu
brodogradilište	brodogradilištem brodogradilištima
prenosiv	prenosivim prenosivima prenosivog prenosivoga prenosivoj prenosivom prenosivome prenosivomu
bljuvati	bljuj bljujem bljujemo bljujete bljuješ bljujmo bljujte bljujući bljuvah bljuvahu bljuvasmo bljuvaste bljuvaće bljuvaćemo bljuvaćete bljuvaćeš bljuvaću bljuvaše
stabljika	stabljikama stabljiko stabljikom
menopauza	menopauzo menopauzom
samokontrola	samokontrolama samokontrolo samokontrolom
globus	globuse globusi globusima globusom
beneficija	beneficiji beneficijo beneficijom beneficiju
batak	batacima batakom bataku batače
izmjena	izmjenama izmjeno izmjenom
gledatelj	gledateljem gledateljica gledateljski gledatelju
bockati	bockah bockahu bockaj bockajmo bockajte bockajući bockamo bockasmo bockaste bockate bockaće bockaćemo bockaćete bockaćeš bockaću bockaše
crveniti	crveneći crvenimo crvenite crveniće crvenićemo crvenićete crvenićeš crveniću crvenjah crvenjahu crvenjasmo crvenjaste crvenjaše crvenjenje
nemogućnost	nemogućnošću
pora	porama pori poro porom
neurolog	neurologe neurologinja neurologom neurologu neurolozima neurolože
usputan	najusputnija najusputnije najusputnijeg najusputnijega najusputnijem najusputnijemu najusputniji najusputnijih najusputnijim najusputnijima najusputnijoj najusputnijom najusputniju usputnija usputnije usputnijeg usputnijega usputnijem usputnijemu usputniji usputnijih usputnijim usputnijima usputnijoj usputnijom usputniju usputnim usputnima usputnog usputnoga usputnoj usputnom usputnome usputnomu
sjenka	sjenko sjenkom
vetrovit	najvetrovitija najvetrovitije najvetrovitijeg najvetrovitijega najvetrovitijem najvetrovitijemu najvetrovitiji najvetrovitijih najvetrovitijim najvetrovitijima najvetrovitijoj najvetrovitijom najvetrovitiju vetrovitih vetrovitija vetrovitije vetrovitijeg vetrovitijega vetrovitijem vetrovitijemu vetrovitiji vetrovitijih vetrovitijim vetrovitijima vetrovitijoj vetrovitijom vetrovitiju vetrovitim vetrovitima vetrovitog vetrovitoga vetrovitoj vetrovitome vetrovitomu vetrovitu
bilježnica	bilježnicama bilježnico bilježnicom
ambijent	ambijenata ambijente ambijenti ambijentima ambijentom
pelikan	pelikanima pelikanom pelikanu
odmoran	najodmornija najodmornije najodmornijeg najodmornijega najodmornijem najodmornijemu najodmorniji najodmornijih najodmornijim najodmornijima najodmornijoj najodmornijom najodmorniju odmornih odmornija odmornije odmornijeg odmornijega odmornijem odmornijemu odmorniji odmornijih odmornijim odmornijima odmornijoj odmornijom odmorniju odmornim odmornima odmornog odmornoga odmornoj odmornom odmornome odmornomu odmornu
ađutant	ađutanata ađutanti ađutantima ađutantom ađutantu
šerpa	šerpama šerpo šerpom
dosledan	dosledne doslednih doslednija doslednije doslednijeg doslednijega doslednijem doslednijemu dosledniji doslednijih doslednijim doslednijima doslednijoj doslednijom dosledniju doslednim doslednima doslednog doslednoga doslednoj doslednom doslednome doslednomu doslednu najdoslednija najdoslednije najdoslednijeg najdoslednijega najdoslednijem najdoslednijemu najdosledniji najdoslednijih najdoslednijim najdoslednijima najdoslednijoj najdoslednijom najdosledniju
dvoličan	dvolične dvoličnih dvoličnija dvoličnije dvoličnijeg dvoličnijega dvoličnijem dvoličnijemu dvoličniji dvoličnijih dvoličnijim dvoličnijima dvoličnijoj dvoličnijom dvoličniju dvoličnim dvoličnima dvoličnog dvoličnoga dvoličnoj dvoličnom dvoličnome dvoličnomu dvoličnu najdvoličnija najdvoličnije najdvoličnijeg najdvoličnijega najdvoličnijem najdvoličnijemu najdvoličniji najdvoličnijih najdvoličnijim najdvoličnijima najdvoličnijoj najdvoličnijom najdvoličniju
recesija	recesijama recesijo recesijom
divljački	divljačkih divljačkim divljačkima divljačkoga divljačkoj divljačkom divljačkome divljačkomu divljačku
prosjek	prosjeci prosjecima prosjeke prosječe
perverzija	perverziji perverzijo perverzijom
gorući	gorućega gorućem gorućemu gorućima gorućoj gorućom
neosnovan	neosnovanima neosnovanog neosnovanoga neosnovanoj neosnovanom neosnovanome neosnovanomu neosnovanu
bova	bovama bovo bovom
incest	inceste incesti incestima incestom
moskovski	moskovskih moskovskim moskovskima moskovsko moskovskoga moskovskoj moskovskome moskovskomu moskovsku
babun	babunima babunom babunu
dresirati	dresirah dresirahu dresiraj dresirajmo dresirajte dresiraju dresirajući dresiramo dresiranje dresirasmo dresiraste dresirate dresiravši dresiraće dresiraćemo dresiraćete dresiraćeš dresiraću dresiraše
poverenik	poverenicima poverenike poverenikom povereniku povereniče
srednjoškolac	rednjoškolaca srednjoškolcem srednjoškolcu srednjoškolče
ljepotan	ljepotani ljepotanima ljepotanom ljepotanu
monarh	monarhe monarhom monarsima monarše
nepažljiv	nepažljive nepažljivih nepažljivim nepažljivima nepažljivog nepažljivoga nepažljivoj nepažljivom nepažljivome nepažljivomu nepažljivu
žderati	žderah žderahu žderasmo žderaste žderaće žderaćemo žderaćete žderaćeš žderaću žderaše žderemo žderete žderimo žderite žderući
epruveta	epruveto epruvetom
sjati	sjah sjahu sjajenje sjajmo sjajte sjajući sjam sjamo sjasmo sjaste sjate sjaće sjaćemo sjaćete sjaćeš sjaću sjaš sjaše
sutkinja	sutkinjama sutkinje sutkinji sutkinjom
ispoved	ispovedima ispoveđu
postanak	postanaka postanci postancima postanke postankom postanče
kontrast	kontraste kontrasti kontrastima
sijeno	sijenima sijenom
fašizam	fašizama fašizme fašizmi fašizmima
pakistanski	pakistanskih pakistanskim pakistanskima pakistansko pakistanskoga pakistanskoj pakistanskome pakistanskomu
zdanje	zdanjem zdanjima
gnjavator	gnjavatore gnjavatorima gnjavatorom
potaknuti	potakavši potaknem potaknemo potaknete potakneš potakni potaknimo potaknite potaknu potakoh potakosmo potakoste potakoše potaći potače
izostati	izostade izostadoh izostadosmo izostadoste izostadoše izostanemo izostanete izostani izostanimo izostanite izostanu izostavši izostaće izostaćemo izostaćete izostaćeš izostaću
otuđiti	otuđe otuđi otuđih otuđim otuđimo otuđismo otuđiste otuđite otuđivši otuđiće otuđićemo otuđićete otuđićeš otuđiću otuđiš otuđiše
pridošlica	pridošlici pridošlico pridošlicom
neboder	neboderom neboderu
prepreden	najprepredenija najprepredenije najprepredenijeg najprepredenijega najprepredenijem najprepredenijemu najprepredeniji najprepredenijih najprepredenijim najprepredenijima najprepredenijoj najprepredenijom najprepredeniju prepredene prepredenih prepredenija prepredenije prepredenijeg prepredenijega prepredenijem prepredenijemu prepredeniji prepredenijih prepredenijim prepredenijima prepredenijoj prepredenijom prepredeniju prepredenim prepredenima prepredenog prepredenoga prepredenoj prepredenom prepredenome prepredenomu prepredenu
monolog	monologom monologu monolozima monolože
boravište	boravištem boravištima
budist	budiste budistima budistom budistu
dovoziti	dovozeći dovozite dovoziće dovozićemo dovozićete dovozićeš dovoziću dovoziš dovožah dovožahu dovožasmo dovožaste dovožaše dovoženje
saksofon	saksofone saksofoni saksofonima saksofonom
smernica	smernici smernico smernicom smernicu
dolikovati	dolikovah dolikovahu dolikovanje dolikovasmo dolikovaste dolikovaće dolikovaćemo dolikovaćete dolikovaćeš dolikovaću dolikovaše dolikuj dolikujem dolikujemo dolikujete dolikuješ dolikujmo dolikujte dolikuju dolikujući
devin	devini devinih devinim devinima devino devinoj devinom devinu
svojina	svojinama svojini svojino svojinom
tamošnji	tamošnjeg tamošnjega tamošnjem tamošnjemu tamošnjima tamošnjoj tamošnjom
albino	albini albinima albinom albinu
sastavni	sastavna sastavnih sastavnim sastavnima sastavno sastavnog sastavnoga sastavnoj sastavnom sastavnome sastavnomu sastavnu
maz	mazom mazova mazove mazovi mazovima
nozdrva	nozdrvi nozdrvo nozdrvom
bodlja	bodalja bodljo bodljom bodlju
neformalan	najneformalnija najneformalnije najneformalnijeg najneformalnijega najneformalnijem najneformalnijemu najneformalniji najneformalnijih najneformalnijim najneformalnijima najneformalnijoj najneformalnijom najneformalniju neformalne neformalnih neformalnija neformalnije neformalnijeg neformalnijega neformalnijem neformalnijemu neformalniji neformalnijih neformalnijim neformalnijima neformalnijoj neformalnijom neformalniju neformalnim neformalnima neformalnog neformalnoga neformalnoj neformalnom neformalnome neformalnomu neformalnu
marmelada	marmeladama marmeladi marmelado
zavodnik	zavodnici zavodnicima zavodnike zavodnikom zavodniku
pripravan	najpripravnija najpripravnije najpripravnijeg najpripravnijega najpripravnijem najpripravnijemu najpripravniji najpripravnijih najpripravnijim najpripravnijima najpripravnijoj najpripravnijom najpripravniju pripravne pripravnih pripravnija pripravnije pripravnijeg pripravnijega pripravnijem pripravnijemu pripravniji pripravnijih pripravnijim pripravnijima pripravnijoj pripravnijom pripravniju pripravnim pripravnima pripravno pripravnog pripravnoga pripravnoj pripravnom pripravnome pripravnomu pripravnu
ležeran	ležerne ležernih ležernija ležernije ležernijeg ležernijega ležernijem ležernijemu ležerniji ležernijih ležernijim ležernijima ležernijoj ležernijom ležerniju ležernim ležernima ležernog ležernoga ležernoj ležernom ležernome ležernomu ležernu najležernija najležernije najležernijeg najležernijega najležernijem najležernijemu najležerniji najležernijih najležernijim najležernijima najležernijoj najležernijom najležerniju
sujeta	sujetama sujeto sujetom
planinar	planinarima planinarom planinaru
zloupotrebiti	zloupotrebih zloupotrebimo zloupotrebismo zloupotrebiste zloupotrebite zloupotrebivši zloupotrebiće zloupotrebićemo zloupotrebićete zloupotrebićeš zloupotrebiću zloupotrebiš zloupotrebiše
mačevalac	mačevaoce mačevaocem mačevaocima mačevaocu mačevaoče
magma	magmama magmi magmo
spletka	spletaka spletko spletkom
selotejp	selotejpe selotejpi selotejpima selotejpu
dobrotvor	dobrotvore dobrotvorima dobrotvorka dobrotvorom
priviđenje	priviđenjem priviđenjima priviđenju
kotlet	kotletima kotletom kotletu
jestiv	jestivija jestivije jestivijeg jestivijega jestivijem jestivijemu jestiviji jestivijih jestivijim jestivijima jestivijoj jestivijom jestiviju jestivima jestivo jestivoga jestivoj jestivom jestivome jestivomu jestivu najjestivija najjestivije najjestivijeg najjestivijega najjestivijem najjestivijemu najjestiviji najjestivijih najjestivijim najjestivijima najjestivijoj najjestivijom najjestiviju
sadržavati	sadržavah sadržavahu sadržavaj sadržavajmo sadržavajte sadržavajući sadržavam sadržavamo sadržavanje sadržavasmo sadržavaste sadržavate sadržavaće sadržavaćemo sadržavaćete sadržavaćeš sadržavaću sadržavaš sadržavaše
njuh	njuhu
zamenica	zamenicama zamenicom
retorički	retoričke retoričkih retoričkim retoričkima retoričkog retoričkoga retoričkoj retoričkom retoričkome retoričkomu retoričku
prigodan	prigodni prigodnih prigodnim prigodnima prigodnog prigodnoga prigodnoj prigodnom prigodnome prigodnomu
individua	individuama individui individuo individuom
obziran	najobzirnija najobzirnije najobzirnijeg najobzirnijega najobzirnijem najobzirnijemu najobzirniji najobzirnijih najobzirnijim najobzirnijima najobzirnijoj najobzirnijom najobzirniju obzirne obzirnih obzirnija obzirnije obzirnijeg obzirnijega obzirnijem obzirnijemu obzirnijih obzirnijim obzirnijima obzirnijoj obzirnijom obzirniju obzirnim obzirnima obzirnog obzirnoga obzirnoj obzirnom obzirnome obzirnomu obzirnu
iracionalan	iracionalnih iracionalnija iracionalnije iracionalnijeg iracionalnijega iracionalnijem iracionalnijemu iracionalniji iracionalnijih iracionalnijim iracionalnijima iracionalnijoj iracionalnijom iracionalniju iracionalnima iracionalno iracionalnoga iracionalnoj iracionalnom iracionalnome iracionalnomu iracionalnu najiracionalnija najiracionalnije najiracionalnijeg najiracionalnijega najiracionalnijem najiracionalnijemu najiracionalniji najiracionalnijih najiracionalnijim najiracionalnijima najiracionalnijoj najiracionalnijom najiracionalniju
uračunati	uračuna uračunah uračunajmo uračunajte uračunaju uračunam uračunasmo uračunaste uračunavši uračunaće uračunaćemo uračunaćete uračunaćeš uračunaću uračunaše
supervizor	supervizore supervizori supervizorima supervizoru
rugoba	rugobama rugobi rugobom
krak	kracima krake krakom krakovima kraku krače
kolektiv	kolektive kolektivi kolektivima kolektivom
kontracepcija	kontracepcijo kontracepcijom
doktrina	doktrinama doktrino doktrinom
struk	strukova strukove strukovi strukovima struče
komfor	komfore komforom
izdržljiv	izdržljivih izdržljivija izdržljivije izdržljivijeg izdržljivijega izdržljivijem izdržljivijemu izdržljivijih izdržljivijim izdržljivijima izdržljivijoj izdržljivijom izdržljiviju izdržljivim izdržljivima izdržljivog izdržljivoga izdržljivoj izdržljivom izdržljivome izdržljivomu izdržljivu najizdržljivija najizdržljivije najizdržljivijeg najizdržljivijega najizdržljivijem najizdržljivijemu najizdržljiviji najizdržljivijih najizdržljivijim najizdržljivijima najizdržljivijoj najizdržljivijom najizdržljiviju
drvoseča	drvosečama drvoseči drvosečo drvosečom drvoseču
celer	celere celeri celerima celeru
delikt	delikta deliktom deliktu
janje	janjadi janjađu janjetom janjetu
veljača	velj veljačama veljački veljačo veljačom veljaču
socijalizam	socijalizme socijalizmom
budaletina	budaletinama budaletini budaletinom budaletinu
sobica	sobicama sobico sobicom
opipljiv	najopipljivija najopipljivije najopipljivijeg najopipljivijega najopipljivijem najopipljivijemu najopipljiviji najopipljivijih najopipljivijim najopipljivijima najopipljivijoj najopipljivijom najopipljiviju opipljivih opipljivija opipljivijeg opipljivijega opipljivijem opipljivijemu opipljiviji opipljivijih opipljivijim opipljivijima opipljivijoj opipljivijom opipljiviju opipljivim opipljivima opipljivog opipljivoga opipljivoj opipljivom opipljivome opipljivomu opipljivu
ljuštura	ljušturama ljušturi ljušturo ljušturom
deklaracija	deklaracijama deklaracijo deklaracijom
pričest	pričestima
tetkica	tetkicama tetkici tetkico tetkicom
snagator	snagatorima snagatorom
fobija	fobijama fobiji fobijo fobijom
zaceliti	zacelih zacelim zacelimo zacelismo zaceliste zacelite zacelivši zaceliće zacelićemo zacelićete zacelićeš zaceliću zaceliš zaceliše
prikrasti	prikradete prikradeš prikradi prikradimo prikradite prikradoh prikradosmo prikradoste prikradoše prikravši prikrašće prikrašćemo prikrašćete prikrašćeš prikrašću
vlažnost	vlažnošću
prilagodba	prilagodaba prilagodbama prilagodbi prilagodbo prilagodbom
kameleon	kameleone kameleonima kameleonom kameleonu
apotekar	apotekare apotekari apotekarima apotekarom
harpun	harpuni harpunima harpunu
bezimen	bezimenim bezimenima bezimeno bezimenoga bezimenoj bezimenome bezimenomu bezimenu
nabor	naborom naboru
prsni	prsna prsnih prsnim prsnima prsnoga prsnoj prsnom prsnome prsnomu
pasus	pasusi pasusima pasusom
pekmez	pekmeze pekmezi pekmezima
neobavezan	neobavezne neobaveznih neobaveznim neobaveznima neobaveznog neobaveznoga neobaveznoj neobaveznom neobaveznome neobaveznomu neobaveznu
severozapad	severozapade severozapadom
radikal	radikalom radikalu
povratnik	povratnikom povratniku povratniče
ludorija	ludoriji ludorijo ludorijom
levak	levacima levaka levake levakom levaku levače levci levcima levka levke levkom levkova levkove levkovi levkovima levku levče
izumjeti	izumij izumije izumijem izumijemo izumijete izumiješ izumijmo izumijte izumiju izumje izumjeh izumjesmo izumjeste izumjevši izumjeće izumjećemo izumjećete izumjećeš izumjeću izumješe
pedantan	najpedantnija najpedantnije najpedantnijeg najpedantnijega najpedantnijem najpedantnijemu najpedantniji najpedantnijih najpedantnijim najpedantnijima najpedantnijoj najpedantnijom najpedantniju pedantne pedantnih pedantnija pedantnije pedantnijeg pedantnijega pedantnijem pedantnijemu pedantniji pedantnijih pedantnijim pedantnijima pedantnijoj pedantnijom pedantniju pedantnim pedantnima pedantnog pedantnoga pedantnoj pedantnom pedantnome pedantnomu pedantnu
kasta	kastama kasto kastom
podgrejati	podgreja podgrejah podgrejasmo podgrejaste podgrejavši podgrejaće podgrejaćemo podgrejaćete podgrejaćeš podgrejaše podgrejemo podgrejete podgrejmo podgrejte podgreju
gazela	gazelama gazeli gazelo gazelom
rječnik	rječnici rječnicima rječnike rječniče
maser	masere maseri maserima maserom
adresar	adresare adresari adresarima adresarom
olakšica	olakšicama olakšici olakšico olakšicom
iscelitelj	iscelitele iscelitelem isceliteljima
nametljiv	najnametljivija najnametljivije najnametljivijeg najnametljivijega najnametljivijem najnametljivijemu najnametljiviji najnametljivijih najnametljivijim najnametljivijima najnametljivijoj najnametljivijom najnametljiviju nametljive nametljivih nametljivija nametljivije nametljivijeg nametljivijega nametljivijem nametljivijemu nametljiviji nametljivijih nametljivijim nametljivijima nametljivijoj nametljivijom nametljiviju nametljivim nametljivima nametljivog nametljivoga nametljivoj nametljivom nametljivome nametljivomu nametljivu
opsesivan	opsesivnih opsesivnim opsesivnima opsesivno opsesivnog opsesivnoga opsesivnoj opsesivnom opsesivnome opsesivnomu
pisar	pisare pisarima pisarom
zvečarka	zvečarkama zvečarko zvečarkom
ždral	ždrale ždralom ždralovima ždralu
stalak	stalaka stalci stalcima stalkom stalče
obijati	obijah obijahu obijaj obijajmo obijajte obijajući obijamo obijasmo obijaste obijate obijaće obijaćemo obijaćete obijaćeš obijaću obijaše
sedati	sedah sedahu sedajmo sedaju sedajući sedanje sedasmo sedaste sedate sedaće sedaćemo sedaćete sedaćeš sedaću sedaše
odjeljak	odjeljaka odjeljci odjeljcima odjeljke odjeljkom odjeljče
monstruozan	monstruoznih monstruoznija monstruoznije monstruoznijeg monstruoznijega monstruoznijem monstruoznijemu monstruozniji monstruoznijih monstruoznijim monstruoznijima monstruoznijoj monstruoznijom monstruozniju monstruoznim monstruoznima monstruoznoga monstruoznoj monstruoznom monstruoznome monstruoznomu monstruoznu najmonstruoznija najmonstruoznije najmonstruoznijeg najmonstruoznijega najmonstruoznijem najmonstruoznijemu najmonstruozniji najmonstruoznijih najmonstruoznijim najmonstruoznijima najmonstruoznijoj najmonstruoznijom najmonstruozniju
nepostojeći	nepostojećega nepostojećem nepostojećemu nepostojećih nepostojećim nepostojećima nepostojećoj nepostojećom
neizlečiv	neizlečivih neizlečivim neizlečivima neizlečivog neizlečivoga neizlečivoj neizlečivom neizlečivome neizlečivomu
razmirica	razmiricama razmirici razmiricom razmiricu
kažiprst	kažiprste kažiprsti kažiprstima
njiva	njivo njivom
zapustiti	zapuste zapusti zapustih zapustim zapustimo zapustismo zapustiste zapustite zapustivši zapustiće zapustićemo zapustićete zapustićeš zapustiću zapustiš zapustiše
šmrkati	šmrkah šmrkahu šmrkasmo šmrkaste šmrkaće šmrkaćemo šmrkaćete šmrkaćeš šmrkaću šmrkaše šmrknuti šmrktati šmrčemo šmrčete šmrči šmrčimo šmrčite šmrčući
smelost	smelostima smelošću
krinka	krinci krinkama krinki krinko
strahopoštovanje	strahopoštovanju
paviljon	paviljone paviljoni paviljonima paviljonom
radilica	radilicama radilici radilico radilicom
balada	baladama baladi balado baladom
berlinski	berlinskih berlinskim berlinskima berlinsko berlinskoga berlinskoj berlinskome berlinskomu berlinsku
izazovan	izazovnih izazovnija izazovnijeg izazovnijega izazovnijem izazovnijemu izazovniji izazovnijih izazovnijim izazovnijima izazovnijoj izazovnijom izazovniju izazovnim izazovnima izazovno izazovnog izazovnoga izazovnoj izazovnom izazovnome izazovnomu najizazovnija najizazovnije najizazovnijeg najizazovnijega najizazovnijem najizazovnijemu najizazovniji najizazovnijih najizazovnijim najizazovnijima najizazovnijoj najizazovnijom najizazovniju
sujeveran	najsujevernija najsujevernije najsujevernijeg najsujevernijega najsujevernijem najsujevernijemu najsujeverniji najsujevernijih najsujevernijim najsujevernijima najsujevernijoj najsujevernijom najsujeverniju sujeverne sujevernih sujevernija sujevernije sujevernijeg sujevernijega sujevernijem sujevernijemu sujeverniji sujevernijih sujevernijim sujevernijima sujevernijoj sujevernijom sujeverniju sujevernim sujevernima sujeverno sujevernog sujevernoga sujevernoj sujevernom sujevernome sujevernomu sujevernu
olovan	olovnih olovnima olovnog olovnoga olovnoj olovnome olovnomu
prestiž	prestižem prestiži prestižima
stolnjak	stolnjakom stolnjaku stolnjače
nabrojati	nabrojavši nabroje nabrojih nabrojimo nabrojismo nabrojiste nabrojite nabrojiti nabrojiće nabrojićemo nabrojićete nabrojićeš nabrojiću nabrojiše
grimasa	grimasama grimasi grimaso grimasom
lomljiv	lomivija lomivije lomivijeg lomivijega lomivijem lomivijemu lomiviji lomivijih lomivijim lomivijima lomivijoj lomivijom lomiviju lomljivih lomljiviji lomljivim lomljivima lomljivog lomljivoga lomljivoj lomljivom lomljivome lomljivomu lomljivu najlomivija najlomivije najlomivijeg najlomivijega najlomivijem najlomivijemu najlomiviji najlomivijih najlomivijim najlomivijima najlomivijoj najlomivijom najlomiviju
nanišaniti	nanišane nanišanih nanišanimo nanišanismo nanišaniste nanišanivši nanišaniće nanišanićemo nanišanićete nanišanićeš nanišaniću nanišaniše
štamparija	štamparijama štamparijo štamparijom
obistiniti	obistinih obistinim obistinimo obistinismo obistiniste obistinite obistinivši obistiniće obistinićemo obistinićete obistinićeš obistiniću obistiniš obistiniše
gađenje	gađenjima gađenju
kontuzija	kontuzijama kontuziji kontuzijo kontuzijom
gepard	geparde gepardima gepardom gepardu
mišica	mišicama mišicom
usidriti	usidre usidrih usidrim usidrimo usidrismo usidriste usidrite usidrivši usidriće usidrićemo usidrićete usidrićeš usidriću usidriš usidriše
mučan	mučnija mučnije mučnijeg mučnijega mučnijem mučnijemu mučniji mučnijih mučnijim mučnijima mučnijoj mučnijom mučniju mučnima mučnoga mučnoj mučnom mučnome mučnomu mučnu najmučnija najmučnije najmučnijeg najmučnijega najmučnijem najmučnijemu najmučniji najmučnijih najmučnijim najmučnijima najmučnijoj najmučnijom najmučniju
tribun	tribuni tribunima tribunom tribunu
kamilica	kamilicama kamilici kamilico kamilicom
senzacionalan	najsenzacionalnija najsenzacionalnije najsenzacionalnijeg najsenzacionalnijega najsenzacionalnijem najsenzacionalnijemu najsenzacionalniji najsenzacionalnijih najsenzacionalnijima najsenzacionalnijoj najsenzacionalnijom najsenzacionalniju senzacionalnih senzacionalnija senzacionalnije senzacionalnijeg senzacionalnijega senzacionalnijem senzacionalnijemu senzacionalniji senzacionalnijih senzacionalnijim senzacionalnijima senzacionalnijoj senzacionalnijom senzacionalniju senzacionalnim senzacionalnima senzacionalno senzacionalnog senzacionalnoga senzacionalnoj senzacionalnom senzacionalnome senzacionalnomu
režati	režah režahu režasmo režaste režaće režaćemo režaćete režaćeš režaću režaše režeći režimo
presek	presecima preseke presekom
anksioznost	anksioznostima anksioznošću
staž	stažem
tržišni	tržišnih tržišnim tržišnima tržišno tržišnog tržišnoga tržišnom tržišnome tržišnomu
trbušni	trbušnih trbušnima trbušno trbušnog trbušnoga trbušnoj trbušnom trbušnome trbušnomu
lipa	lipama lipom
osjećajan	najosjećajnija najosjećajnije najosjećajnijeg najosjećajnijega najosjećajnijem najosjećajnijemu najosjećajniji najosjećajnijih najosjećajnijim najosjećajnijima najosjećajnijoj najosjećajnijom najosjećajniju osjećajne osjećajnih osjećajnija osjećajnije osjećajnijeg osjećajnijega osjećajnijem osjećajnijemu osjećajniji osjećajnijih osjećajnijim osjećajnijima osjećajnijoj osjećajnijom osjećajniju osjećajnim osjećajnima osjećajnog osjećajnoga osjećajnoj osjećajnom osjećajnome osjećajnomu osjećajnu
alkoholizam	alkoholizme
upadljiv	najupadljivija najupadljivije najupadljivijeg najupadljivijega najupadljivijem najupadljivijemu najupadljiviji najupadljivijih najupadljivijim najupadljivijima najupadljivijoj najupadljivijom najupadljiviju upadljivih upadljivija upadljivije upadljivijeg upadljivijega upadljivijem upadljivijemu upadljiviji upadljivijih upadljivijim upadljivijima upadljivijoj upadljivijom upadljiviju upadljivim upadljivima upadljivo upadljivog upadljivoga upadljivoj upadljivom upadljivome upadljivomu upadljivu
doseg	dosege dosegom dosezi dosezima
entitet	entitete entitetima entitetom entitetu
albatros	albatrose albatrosima albatrosom albatrosu
intenzitet	intenzitete intenziteti intenzitetima
obuhvatati	obuhvatah obuhvatahu obuhvataj obuhvatajmo obuhvatajte obuhvatajući obuhvatam obuhvatamo obuhvatanje obuhvatasmo obuhvataste obuhvatate obuhvataće obuhvataćemo obuhvataćete obuhvataćeš obuhvataću obuhvataš obuhvataše
nepravilan	najnepravilnija najnepravilnije najnepravilnijeg najnepravilnijega najnepravilnijem najnepravilnijemu najnepravilniji najnepravilnijih najnepravilnijim najnepravilnijima najnepravilnijoj najnepravilnijom najnepravilniju nepravilnih nepravilnija nepravilnije nepravilnijeg nepravilnijega nepravilnijem nepravilnijemu nepravilniji nepravilnijih nepravilnijim nepravilnijima nepravilnijoj nepravilnijom nepravilniju nepravilnim nepravilnima nepravilno nepravilnoga nepravilnoj nepravilnom nepravilnome nepravilnomu nepravilnu
kolebati	kolebah kolebahu kolebaj kolebajmo kolebajte kolebajući kolebamo kolebasmo kolebaste kolebate kolebaće kolebaćemo kolebaćete kolebaćeš kolebaću kolebaše
lekovit	lekoviti lekovitija lekovitije lekovitijeg lekovitijega lekovitijem lekovitijemu lekovitiji lekovitijih lekovitijim lekovitijima lekovitijoj lekovitijom lekovitiju lekovitima lekovitoga lekovitoj lekovitom lekovitome lekovitomu najlekovitija najlekovitije najlekovitijeg najlekovitijega najlekovitijem najlekovitijemu najlekovitiji najlekovitijih najlekovitijim najlekovitijima najlekovitijoj najlekovitijom najlekovitiju
kontaminacija	kontaminacijama kontaminaciji kontaminacijo kontaminacijom
kompresija	kompresijama kompresiji kompresijo kompresijom
vjerojatnost	vjerojatnostima vjerojatnošću
paun	paune pauni paunima paunom paunu
hibernacija	hibernacijo hibernacijom
izmlatiti	izmlate izmlatih izmlatimo izmlatismo izmlatiste izmlatite izmlativši izmlatiće izmlatićemo izmlatićete izmlatićeš izmlatiću izmlatiš izmlatiše izmlaćenje
lepiti	lepeći lepite lepiće lepićemo lepićete lepićeš lepiću lepljah lepljahu lepljasmo lepljaste lepljaše
istovar	istovarima istovarom
soliti	soleći solile solim solimo solio solite soliće solićemo solićete solićeš soliću soljah soljahu soljasmo soljaste soljaše soljen
cesar	cesarem cesari cesarima cesaru
piton	pitone pitonima pitonom pitonu
punjač	punjače punjačem punjači punjačima punjaču
aerobik	aerobici aerobicima aerobike aerobikom aerobiče
obdariti	obdare obdari obdarih obdarim obdarimo obdarismo obdariste obdarite obdarivši obdariće obdarićemo obdarićete obdarićeš obdariću obdariš obdariše
kapelan	kapelani kapelanima kapelanom kapelanu
zapovjediti	zapovjede zapovjedih zapovjedim zapovjedimo zapovjedismo zapovjediste zapovjedite zapovjedivši zapovjediće zapovjedićemo zapovjedićete zapovjedićeš zapovjediću zapovjediš zapovjediše
kolonist	kolonistom kolonistu
ukrasni	ukrasnih ukrasnima ukrasnoga ukrasnoj ukrasnom ukrasnome ukrasnomu
radijator	radijatori radijatorima radijatorom
nužan	najnužnija najnužnijeg najnužnijega najnužnijem najnužnijemu najnužniji najnužnijih najnužnijim najnužnijima najnužnijoj najnužnijom najnužniju nužnih nužnija nužnije nužnijeg nužnijega nužnijem nužnijemu nužniji nužnijih nužnijim nužnijima nužnijoj nužnijom nužniju nužnima nužnog nužnoga nužnoj nužnom nužnome nužnomu nužnu
lobi	lobije lobijem lobiji lobijima
izbjeglica	izbjeglici izbjeglico izbjeglicom izbjeglicu
ulepšavati	ulepšavah ulepšavahu ulepšavaj ulepšavajmo ulepšavajte ulepšavajući ulepšavamo ulepšavasmo ulepšavaste ulepšavate ulepšavaće ulepšavaćemo ulepšavaćete ulepšavaćeš ulepšavaću ulepšavaše
vozati	vozah vozahu vozaj vozajmo vozajte vozajući vozanje vozasmo vozaste vozate vozaće vozaćemo vozaćete vozaćeš vozaću vozaše
balistika	balistiko balistikom
čučati	čučah čučahu čučanje čučasmo čučaste čučaće čučaćemo čučaćete čučaćeš čučaću čučaše čučimo čučite čučnuti
podij	podije podijem podiji podijima
brzoplet	brzopletih brzopletija brzopletije brzopletijeg brzopletijega brzopletijem brzopletijemu brzopletiji brzopletijih brzopletijim brzopletijima brzopletijoj brzopletijom brzopletiju brzopletim brzopletima brzopletog brzopletoga brzopletoj brzopletom brzopletome brzopletomu brzopletu najbrzopletija najbrzopletije najbrzopletijeg najbrzopletijega najbrzopletijem najbrzopletijemu najbrzopletiji najbrzopletijih najbrzopletijim najbrzopletijima najbrzopletijoj najbrzopletijom najbrzopletiju
tov	tovom tovova tovove tovovi tovovima tovu
mustra	mustrama mustri mustro mustrom
životopis	životopisi životopisima životopisom
antraks	antrakse antraksu
turbina	turbinama turbini turbino turbinom
meteorološki	meteoroloških meteorološkim meteorološkima meteorološko meteorološkoga meteorološkoj meteorološkome meteorološkomu meteorološku
nadoknađivati	nadoknađivah nadoknađivahu nadoknađivanje nadoknađivasmo nadoknađivaste nadoknađivaće nadoknađivaćemo nadoknađivaćete nadoknađivaćeš nadoknađivaću nadoknađivaše nadoknađuj nadoknađujete nadoknađujmo nadoknađujte nadoknađujući
predomišljati	predomišljah predomišljahu predomišljaj predomišljajmo predomišljajte predomišljaju predomišljajući predomišljamo predomišljasmo predomišljaste predomišljate predomišljaće predomišljaćemo predomišljaćete predomišljaćeš predomišljaću predomišljaše
mucati	mucah mucahu mucaj mucajmo mucajte mucaju mucajući mucamo mucanje mucasmo mucaste mucate mucaće mucaćemo mucaćete mucaćeš mucaću mucaše
neprestan	neprestanih neprestanima neprestanoga neprestanoj neprestanome neprestanomu
trampa	trampama trampo trampom
epilepsija	epilepsijama epilepsiji epilepsijo epilepsijom
oblačan	najoblačnija najoblačnije najoblačnijeg najoblačnijega najoblačnijem najoblačnijemu najoblačniji najoblačnijih najoblačnijim najoblačnijima najoblačnijoj najoblačnijom najoblačniju oblačna oblačne oblačni oblačnih oblačnija oblačnije oblačnijeg oblačnijega oblačnijem oblačnijemu oblačniji oblačnijih oblačnijim oblačnijima oblačnijoj oblačnijom oblačniju oblačnim oblačnima oblačnog oblačnoga oblačnoj oblačnom oblačnome oblačnomu oblačnu
parobrod	parobrode parobrodi parobrodima
prijelaz	prijelaze prijelazi prijelazima prijelazom
polijetati	polijetah polijetahu polijetasmo polijetaste polijetaće polijetaćemo polijetaćete polijetaćeš polijetaću polijetaše polijećem polijećete polijećeš polijeći polijećimo polijećite polijeću polijećući
burza	burzama burzo burzom
neumoran	najneumornija najneumornije najneumornijeg najneumornijega najneumornijem najneumornijemu najneumorniji najneumornijih najneumornijim najneumornijima najneumornijoj najneumornijom najneumorniju neumornih neumornija neumornije neumornijeg neumornijega neumornijem neumornijemu neumorniji neumornijih neumornijim neumornijima neumornijoj neumornijom neumorniju neumornim neumornima neumorno neumornoga neumornoj neumornom neumornome neumornomu neumornu
demonstrant	demonstranta demonstrantom demonstrantu
snošaj	snošaje snošajem snošajeva snošajeve snošajevi snošajevima snošaji snošajima
nestabilnost	nestabilnostima nestabilnošću
kralježnica	kralježnicama kralježnico kralježnicom
podružnica	podružnicama podružnico podružnicom
kozmetički	kozmetičkim kozmetičkima kozmetičko kozmetičkog kozmetičkoga kozmetičkoj kozmetičkome kozmetičkomu
vratni	vratnih vratnim vratnima vratno vratnoga vratnoj vratnom vratnome vratnomu
sinčić	sinčiće sinčićem sinčići sinčićima
varljiv	najvarljivija najvarljivije najvarljivijeg najvarljivijega najvarljivijem najvarljivijemu najvarljiviji najvarljivijih najvarljivijim najvarljivijima najvarljivijoj najvarljivijom najvarljiviju varljivih varljivija varljivije varljivijeg varljivijega varljivijem varljivijemu varljiviji varljivijih varljivijim varljivijima varljivijoj varljivijom varljiviju varljivim varljivima varljivog varljivoga varljivoj varljivom varljivome varljivomu varljivu
pretplata	pretplatama pretplati pretplato pretplatom
džihad	džihade džihadi džihadima džihadom đihad
žarulja	žaruljama žarulji žaruljo žaruljom
sumnjičiti	sumnjičah sumnjičahu sumnjičasmo sumnjičaste sumnjičaše sumnjičenje sumnjičeći sumnjičim sumnjičiće sumnjičićemo sumnjičićete sumnjičićeš sumnjičiću
brlog	brloge brlogom brlozi brlozima brlože
košarkaš	košarkašem košarkašima košarkašu
šija	šijama šiji šijo šijom
bližiti	bližah bližahu bližasmo bližaste bližaše bližen bliženje bližeći bližite bližiće bližićemo bližićete bližićeš bližiću
poligon	poligone poligoni poligonima poligonom
interval	intervalom
krvožedan	krvožednija krvožednije krvožednijeg krvožednijega krvožednijem krvožednijemu krvožedniji krvožednijih krvožednijim krvožednijima krvožednijoj krvožednijom krvožedniju krvožednim krvožednima krvožednoga krvožednoj krvožednom krvožednome krvožednomu krvožednu najkrvožednija najkrvožednije najkrvožednijeg najkrvožednijega najkrvožednijem najkrvožednijemu najkrvožedniji najkrvožednijih najkrvožednijim najkrvožednijima najkrvožednijoj najkrvožednijom najkrvožedniju
iskoreniti	iskorenih iskorenismo iskoreniste iskorenite iskorenivši iskoreniće iskorenićemo iskorenićete iskorenićeš iskoreniću iskoreniš iskoreniše
jedinka	jedinaka jedinci jedinkama jedinko jedinkom
sednica	sednicama sednico sednicom
uteći	uteci utecimo utecite utekavši uteknem uteknemo uteknete utekneš utekni uteknimo uteknite uteknu utekoh utekosmo utekoste utekoše uteku utečem utečemo utečete utečeš
uvidjeti	uvidje uvidjeh uvidjesmo uvidjeste uvidjevši uvidjeće uvidjećemo uvidjećete uvidjećeš uvidjeću uvidješe
učenjak	učenjacima učenjake učenjakom učenjaku
hazard	hazardi hazardima hazardom
prezalogajiti	prezalogaje prezalogajih prezalogajismo prezalogajiste prezalogajivati prezalogajivši prezalogajiće prezalogajićemo prezalogajićete prezalogajićeš prezalogajiću prezalogajiše
kvaran	kvarnih kvarnija kvarnije kvarnijeg kvarnijega kvarnijem kvarnijemu kvarniji kvarnijih kvarnijim kvarnijima kvarnijoj kvarnijom kvarniju kvarnim kvarnima kvarnog kvarnoga kvarnoj kvarnom kvarnome kvarnomu kvarnu najkvarnija najkvarnije najkvarnijeg najkvarnijega najkvarnijem najkvarnijemu najkvarniji najkvarnijih najkvarnijim najkvarnijima najkvarnijoj najkvarnijom najkvarniju
omotati	omotah omotajmo omotajte omotaju omotam omotamo omotasmo omotaste omotate omotavši omotaće omotaćemo omotaćete omotaćeš omotaću omotaš omotaše
paketić	paketićem paketići paketićima paketiću
glamur	glamurom glamuru
slaganje	slaganjima
crtica	crticama crtici crtico
suncokret	suncokretima suncokretom suncokretu
alkoholni	alkoholne alkoholnim alkoholnima alkoholnoga alkoholnoj alkoholnom alkoholnome alkoholnomu alkoholnu
dopisnik	dopisnicima dopisnike dopisnikom dopisniku dopisniče
prijestolje	prijestoljem prijestoljima
loj	lojem lojeva lojeve lojevi lojevima
prodor	prodore prodori prodorima prodorom
isplaćivati	isplaćivah isplaćivahu isplaćivanje isplaćivasmo isplaćivaste isplaćivaće isplaćivaćemo isplaćivaćete isplaćivaćeš isplaćivaću isplaćivaše isplaćuj isplaćujemo isplaćujete isplaćujmo isplaćujte isplaćujući
rastavljati	rastavljah rastavljahu rastavljaj rastavljajmo rastavljajte rastavljajući rastavljasmo rastavljaste rastavljate rastavljaće rastavljaćemo rastavljaćete rastavljaćeš rastavljaću rastavljaše
imućan	imućnija imućnije imućnijeg imućnijega imućnijem imućnijemu imućniji imućnijih imućnijim imućnijima imućnijoj imućnijom imućniju imućnim imućnima imućno imućnoga imućnoj imućnom imućnome imućnomu imućnu najimućnija najimućnije najimućnijeg najimućnijega najimućnijem najimućnijemu najimućniji najimućnijih najimućnijim najimućnijima najimućnijoj najimućnijom najimućniju
žal	žala žalima žalom žalova žalove žalovi žalovima
antropolog	antropologe antropologinja antropologom antropologu antropolozima antropolože
nj	njem
umeren	najumerenija najumerenije najumerenijeg najumerenijega najumerenijem najumerenijemu najumereniji najumerenijih najumerenijim najumerenijima najumerenijoj najumerenijom najumereniju umerenija umerenije umerenijeg umerenijega umerenijem umerenijemu umereniji umerenijih umerenijim umerenijima umerenijoj umerenijom umereniju umerenima umereno umerenog umerenoga umerenoj umerenom umerenome umerenomu umerenu
grbav	grbave grbavija grbavije grbavijeg grbavijega grbavijem grbavijemu grbaviji grbavijih grbavijim grbavijima grbavijoj grbavijom grbaviju grbavim grbavima grbavoga grbavoj grbavom grbavome grbavomu grbavu najgrbavija najgrbavije najgrbavijeg najgrbavijega najgrbavijem najgrbavijemu najgrbaviji najgrbavijih najgrbavijim najgrbavijima najgrbavijoj najgrbavijom najgrbaviju
sliniti	slineći slinimo slinite slinivši sliniće slinićemo slinićete slinićeš sliniću slinjah slinjahu slinjasmo slinjaste slinjaše slinjenje
starjeti	starah starahu starasmo staraste staraše stareći starjeće starjećemo starjećete starjećeš starjeću
direktorica	direktoricama direktorici direktoricom
darežljivost	darežljivošću
trabunjati	trabunjah trabunjahu trabunjaj trabunjajmo trabunjajte trabunjaju trabunjajući trabunjamo trabunjasmo trabunjaste trabunjate trabunjavši trabunjaće trabunjaćemo trabunjaćete trabunjaćeš trabunjaću trabunjaše
množiti	množah množahu množasmo množaste množaše množeći množim množimo množiće množićemo množićete množićeš množiću množiš
posredovati	posredovah posredovahu posredovasmo posredovaste posredovaće posredovaćemo posredovaćete posredovaćeš posredovaću posredovaše posreduj posredujemo posredujete posreduješ posredujmo posredujte posreduju posredujući
žonglirati	žonglirah žonglirahu žongliraj žonglirajmo žonglirajte žongliraju žonglirajući žongliramo žonglirasmo žongliraste žonglirate žongliraće žongliraćemo žongliraćete žongliraćeš žongliraću žongliraše
ohol	najoholija najoholije najoholijeg najoholijega najoholijem najoholijemu najoholiji najoholijih najoholijim najoholijima najoholijoj najoholijom najoholiju oholih oholija oholije oholijeg oholijega oholijem oholijemu oholiji oholijih oholijim oholijima oholijoj oholijom oholiju oholim oholima oholog ohologa oholoj oholom oholome oholomu oholu
imela	imelama imeli imelo
pokleknuti	pokleknem pokleknemo pokleknete poklekni pokleknimo pokleknite pokleknu pokleknuh pokleknula pokleknule pokleknuli pokleknulo pokleknusmo pokleknuste pokleknuvši pokleknuće pokleknućemo pokleknućete pokleknućeš pokleknuću pokleknuše poklekoh poklekosmo poklekoste poklekoše pokleče
gejša	gejšama gejšo gejšom
kormilar	kormilare kormilari kormilarima kormilarom
sejati	sejah sejahu sejala sejan sejasmo sejaste sejaće sejaćemo sejaćete sejaćeš sejaću sejaše sejete sejmo sejte sejući
komemoracija	komemoracijama komemoracijo komemoracijom
tortura	torturama torturo torturom
kositi	koseći kosite kosiće kosićemo kosićete kosićeš kosiću košah košahu košasmo košaste košaše
trijem	trijeme trijemom trijemova trijemove trijemovi trijemovima
pamflet	pamfletima pamfletom
izbočina	izbočinama izbočini izbočino izbočinom
izoliran	izoliranih izoliranim izoliranima izoliranog izoliranoga izoliranoj izoliranom izoliranome izoliranomu izoliranu
amnestija	amnestijama amnestijo amnestijom
komičan	komičnih komičnija komičnije komičnijeg komičnijega komičnijem komičnijemu komičniji komičnijih komičnijim komičnijima komičnijoj komičnijom komičniju komičnim komičnima komičnog komičnoga komičnoj komičnom komičnome komičnomu komičnu najkomičnija najkomičnije najkomičnijeg najkomičnijega najkomičnijem najkomičnijemu najkomičniji najkomičnijih najkomičnijim najkomičnijima najkomičnijoj najkomičnijom najkomičniju
pripisivati	pripisivah pripisivahu pripisivanje pripisivasmo pripisivaste pripisivaće pripisivaćemo pripisivaćete pripisivaćeš pripisivaću pripisivaše pripisuj pripisujemo pripisujmo pripisujte pripisujući
putokaz	putokazima putokazom putokazu
žargon	žargone žargoni žargonima
sedmorica	sedmorici sedmorico sedmoricom
autorski	autorske autorskima autorskog autorskoga autorskoj autorskom autorskome autorskomu autorsku
jabukovača	jabukovačama jabukovači jabukovačo jabukovačom
oživiti	oživih oživismo oživiste oživivši oživiće oživićemo oživićete oživićeš oživiću oživiše
jecaj	jecajem jecajima
hladnjača	hladnjačama hladnjačo hladnjačom
budalica	budalicama budalici budalicom budalicu
grobar	grobare grobarem grobarima
održiv	najodrživija najodrživije najodrživijeg najodrživijega najodrživijem najodrživijemu najodrživiji najodrživijih najodrživijim najodrživijima najodrživijoj najodrživijom najodrživiju održivih održivija održivije održivijeg održivijega održivijem održivijemu održiviji održivijih održivijim održivijima održivijoj održivijom održiviju održivim održivima održivog održivoga održivoj održivom održivome održivomu
dijabetičar	dijabetičare dijabetičari dijabetičarima dijabetičarom dijabetičaru
adresirati	adresira adresirah adresirahu adresiraj adresirajmo adresirajte adresiraju adresirajući adresiram adresiramo adresiranje adresirasmo adresiraste adresirate adresiravši adresiraće adresiraćemo adresiraćete adresiraćeš adresiraću adresiraš adresiraše
genom	genome genomi genomima genomom
dijafragma	dijafragmama dijafragmo dijafragmom
pivar	pivarima pivarom
administrator	administrativka administratore administratorica administratorima administratorka administratorom administratoru
manifestacija	manifestacijama manifestaciji manifestacijo manifestacijom
pruski	pruskih pruskim pruskima prusko pruskoga pruskome pruskomu
lopuža	lopužama lopuži lopužom lopužu
umrlica	umrlicama umrlico umrlicom
obris	obrisa obrisima obrisom obrisu
ljekarna	ljekarnama ljekarno ljekarnom
opservatorij	opservatorijima opservatorijom
arsen	arsenu
astronomski	astronomskima astronomskog astronomskoga astronomskoj astronomskom astronomskome astronomskomu astronomsku
arheologija	arheologijo arheologijom
brzati	brzah brzahu brzaj brzajmo brzajte brzaju brzajući brzanje brzasmo brzaste brzate brzaće brzaćemo brzaćete brzaćeš brzaću brzaše
spona	sponama sponi spono sponom
nostalgičan	najnostalgičnija najnostalgičnije najnostalgičnijeg najnostalgičnijega najnostalgičnijem najnostalgičnijemu najnostalgičniji najnostalgičnijih najnostalgičnijim najnostalgičnijima najnostalgičnijoj najnostalgičnijom najnostalgičniju nostalgične nostalgičnih nostalgičnija nostalgičnije nostalgičnijeg nostalgičnijega nostalgičnijem nostalgičnijemu nostalgičniji nostalgičnijih nostalgičnijim nostalgičnijima nostalgičnijoj nostalgičnijom nostalgičniju nostalgičnim nostalgičnima nostalgičnog nostalgičnoga nostalgičnoj nostalgičnom nostalgičnome nostalgičnomu nostalgičnu
gramatika	gramatikama gramatiko gramatikom
postiti	posteći postite postiće postićemo postićete postićeš postiću pošćah pošćahu pošćasmo pošćaste pošćaše pošćenje
gojiti	gojah gojahu gojasmo gojaste gojaše gojeći gojimo gojite gojiće gojićemo gojićete gojićeš gojiću
nezreo	najnezrelija najnezrelije najnezrelijeg najnezrelijega najnezrelijem najnezrelijemu najnezreliji najnezrelijih najnezrelijim najnezrelijima najnezrelijoj najnezrelijom najnezreliju nezrelija nezrelije nezrelijeg nezrelijega nezrelijem nezrelijemu nezreliji nezrelijih nezrelijim nezrelijima nezrelijoj nezrelijom nezreliju nezrla nezrle nezrli nezrlih nezrlim nezrlima nezrlo nezrlog nezrloga nezrloj nezrlom nezrlome nezrlomu nezrlu
rezervirati	rezervira rezervirah rezervirahu rezervirajmo rezerviraju rezervirajući rezerviramo rezerviranje rezervirasmo rezerviraste rezervirate rezerviravši rezerviraće rezerviraćemo rezerviraćete rezerviraćeš rezerviraću rezerviraš rezerviraše
masturbacija	masturbacijama masturbacijo
tamjan	tamjane tamjanu
dušnik	dušnici dušnicima dušnike dušnikom dušniče
fazan	fazanima fazanom fazanu
bezbrojan	bezbrojnima bezbrojno bezbrojnog bezbrojnoga bezbrojnoj bezbrojnom bezbrojnome bezbrojnomu bezbrojnu
turizam	turizme turizmom
zasedanje	zasedanjem zasedanjima
rđa	rđama rđi rđo rđom
odgađati	odgađah odgađahu odgađaj odgađajmo odgađajte odgađaju odgađajući odgađasmo odgađaste odgađate odgađaće odgađaćemo odgađaćete odgađaćeš odgađaću odgađaše
štivo	čtivo
iskaliti	iskale iskalih iskalimo iskalismo iskaliste iskalite iskalivši iskaliće iskalićemo iskalićete iskalićeš iskaliću iskališe
eliksir	eliksire eliksiri eliksirima eliksirom eliksiru
vetrobran	vetrobrane vetrobrani vetrobranima vetrobranom
pravosudni	pravosudna pravosudne pravosudnih pravosudnim pravosudnima pravosudno pravosudnoga pravosudnoj pravosudnome pravosudnomu pravosudnu
svetlucati	svetlucah svetlucahu svetlucaj svetlucajmo svetlucajte svetlucajući svetlucam svetlucamo svetlucasmo svetlucaste svetlucate svetlucaće svetlucaćemo svetlucaćete svetlucaćeš svetlucaću svetlucaš svetlucaše
polugodište	polugodištem polugodištima
trojanski	trojanske trojanskih trojanskim trojanskima trojansko trojanskoga trojanskoj trojanskome trojanskomu trojansku
proporcija	proporcijo proporcijom proporciju
menica	menici menico menicom
učinkovit	najučinkovitija najučinkovitije najučinkovitijeg najučinkovitijega najučinkovitijem najučinkovitijemu najučinkovitiji najučinkovitijih najučinkovitijim najučinkovitijima najučinkovitijoj najučinkovitijom najučinkovitiju učinkovitih učinkovitija učinkovitijeg učinkovitijega učinkovitijem učinkovitijemu učinkovitijih učinkovitijim učinkovitijima učinkovitijoj učinkovitijom učinkovitiju učinkovitim učinkovitima učinkovito učinkovitog učinkovitoga učinkovitoj učinkovitom učinkovitome učinkovitomu učinkovitu
inferioran	inferiornija inferiornije inferiornijeg inferiornijega inferiornijem inferiornijemu inferiornijih inferiornijim inferiornijima inferiornijoj inferiornijom inferiorniju inferiornima inferiornog inferiornoga inferiornoj inferiornom inferiornome inferiornomu inferiornu najinferiornija najinferiornije najinferiornijeg najinferiornijega najinferiornijem najinferiornijemu najinferiorniji najinferiornijih najinferiornijim najinferiornijima najinferiornijoj najinferiornijom najinferiorniju
kažnjiv	kažnjive kažnjivi kažnjivih kažnjivija kažnjivije kažnjivijeg kažnjivijega kažnjivijem kažnjivijemu kažnjiviji kažnjivijih kažnjivijim kažnjivijima kažnjivijoj kažnjivijom kažnjiviju kažnjivim kažnjivima kažnjivog kažnjivoga kažnjivoj kažnjivom kažnjivome kažnjivomu kažnjivu najkažnjivija najkažnjivije najkažnjivijeg najkažnjivijega najkažnjivijem najkažnjivijemu najkažnjiviji najkažnjivijih najkažnjivijim najkažnjivijima najkažnjivijoj najkažnjivijom najkažnjiviju
zakopavati	zakopavah zakopavahu zakopavaj zakopavajmo zakopavajte zakopavajući zakopavasmo zakopavaste zakopavate zakopavaće zakopavaćemo zakopavaćete zakopavaćeš zakopavaću zakopavaše
tapija	tapijama tapiji tapijo tapijom
zamrzavati	zamrzavah zamrzavahu zamrzavaj zamrzavajmo zamrzavajte zamrzavajući zamrzavam zamrzavamo zamrzavasmo zamrzavaste zamrzavate zamrzavaće zamrzavaćemo zamrzavaćete zamrzavaćeš zamrzavaću zamrzavaš zamrzavaše
koordinacija	koordinacijama koordinacijo koordinacijom
tmuran	najtmurnija najtmurnije najtmurnijeg najtmurnijega najtmurnijem najtmurnijemu najtmurniji najtmurnijih najtmurnijim najtmurnijima najtmurnijoj najtmurnijom najtmurniju tmurnih tmurnija tmurnije tmurnijeg tmurnijega tmurnijem tmurnijemu tmurniji tmurnijih tmurnijim tmurnijima tmurnijoj tmurnijom tmurniju tmurnim tmurnima tmurnog tmurnoga tmurnoj tmurnom tmurnome tmurnomu tmurnu
karantena	karantenama karanteno karantenom
sablastan	najsablasnija najsablasnije najsablasnijeg najsablasnijega najsablasnijem najsablasnijemu najsablasniji najsablasnijih najsablasnijim najsablasnijima najsablasnijoj najsablasnijom najsablasniju sablasnih sablasnija sablasnije sablasnijeg sablasnijega sablasnijem sablasnijemu sablasniji sablasnijih sablasnijim sablasnijima sablasnijoj sablasnijom sablasniju sablasnima sablasno sablasnoga sablasnoj sablasnome sablasnomu
urođenik	urođenikom urođeniku urođeniče
jagodica	jagodici jagodicom
britva	britava britvama britvi britvo
maglina	maglinama maglino maglinom
razotkrivati	razotkrivah razotkrivahu razotkrivaj razotkrivajmo razotkrivajte razotkrivajući razotkrivamo razotkrivasmo razotkrivaste razotkrivate razotkrivaće razotkrivaćemo razotkrivaćete razotkrivaćeš razotkrivaću razotkrivaš razotkrivaše
probava	probavo
oblina	oblini oblino oblinom oblinu
prepelica	prepelicama prepelici prepelicom
povelja	poveljama poveljo poveljom
razarati	razarah razarahu razaraj razarajmo razarajte razaram razaramo razarasmo razaraste razarate razaraće razaraćemo razaraćete razaraćeš razaraću razaraš razaraše
ćilim	ćilimima ćilimom
znamenitost	znamenitostima znamenitošću
vjenčanica	vjenčanicama vjenčanico vjenčanicom
zapadnjački	zapadnjačkih zapadnjačkima zapadnjačko zapadnjačkog zapadnjačkoga zapadnjačkoj zapadnjačkome zapadnjačkomu
penzioni	penziona penzione penzionih penzionim penzionima penzionoga penzionoj penzionome penzionomu penzionu
grumen	grumene grumeni grumenima grumenom grumenova grumenove grumenovi grumenovima
spanać	spanaću
autizam	autizme autizmu
snaha	snahama snahom snasi snaša
degenerik	degenericima degenerike degenerikom degeneriče
kaluđer	kaluđere kaluđerima kaluđerom
pristupačan	najpristupačnija najpristupačnije najpristupačnijeg najpristupačnijega najpristupačnijem najpristupačnijemu najpristupačniji najpristupačnijih najpristupačnijim najpristupačnijima najpristupačnijoj najpristupačnijom najpristupačniju pristupačnih pristupačnija pristupačnijeg pristupačnijega pristupačnijem pristupačnijemu pristupačnijih pristupačnijim pristupačnijima pristupačnijoj pristupačnijom pristupačniju pristupačnima pristupačnog pristupačnoga pristupačnoj pristupačnom pristupačnome pristupačnomu pristupačnu
animacija	animacijama animacijo animacijom
inhalator	inhalatore inhalatori inhalatorima inhalatorom inhalatoru
pjevačica	pjevačicama pjevačici pjevačicom
svršetak	svršeci svršecima svršetaka svršetci svršetcima svršetke svršetkom
primalac	primaoce primaocem primaocima primaocu primaoče
neurotičan	neurotičnih neurotičnim neurotičnima neurotičnog neurotičnoga neurotičnoj neurotičnom neurotičnome neurotičnomu neurotičnu
naoštriti	naoštre naoštrih naoštrimo naoštrismo naoštriste naoštrivši naoštriće naoštrićemo naoštrićete naoštrićeš naoštriću naoštriš naoštriše
katalizator	katalizatore katalizatori katalizatorima katalizatorom katalizatoru
utičnica	utičnicama utičnici utičnico utičnicom
ruglo	rugla ruglima ruglom
praćka	praćaka praćkama praćki praćko
porobiti	porobih porobim porobimo porobismo porobiste porobite porobivši porobiće porobićemo porobićete porobićeš porobiću porobiš porobiše
gonič	goničem goničima goniču
tolerantan	najtolerantnija najtolerantnije najtolerantnijeg najtolerantnijega najtolerantnijem najtolerantnijemu najtolerantniji najtolerantnijih najtolerantnijim najtolerantnijima najtolerantnijoj najtolerantnijom najtolerantniju tolerantne tolerantnih tolerantnija tolerantnije tolerantnijeg tolerantnijega tolerantnijem tolerantnijemu tolerantnijih tolerantnijim tolerantnijima tolerantnijoj tolerantnijom tolerantniju tolerantnim tolerantnima tolerantno tolerantnog tolerantnoga tolerantnoj tolerantnom tolerantnome tolerantnomu tolerantnu
sajla	sajlama sajli sajlo
bandera	banderama bandero banderom
kompić	kompiće kompićem
homoseksualan	homoseksualnim homoseksualnima homoseksualnoga homoseksualnoj homoseksualnom homoseksualnome homoseksualnomu homoseksualnu
vijak	vijcima vijkom vijku vijče
zapoved	zapovedima zapoveđu
isprazan	ispraznih ispraznija ispraznije ispraznijeg ispraznijega ispraznijem ispraznijemu isprazniji ispraznijih ispraznijim ispraznijima ispraznijoj ispraznijom isprazniju ispraznima ispraznog ispraznoga ispraznoj ispraznom ispraznome ispraznomu ispraznu najispraznija najispraznije najispraznijeg najispraznijega najispraznijem najispraznijemu najisprazniji najispraznijih najispraznijim najispraznijima najispraznijoj najispraznijom najisprazniju
skraćenica	skraćenicama skraćenici skraćenicom
lema	lemama lemo lemom
potplatiti	potplatih potplatim potplatimo potplatismo potplatiste potplatite potplativši potplatiće potplatićemo potplatićete potplatićeš potplatiću potplatiš potplatiše
proziran	najprozirnija najprozirnije najprozirnijeg najprozirnijega najprozirnijem najprozirnijemu najprozirniji najprozirnijih najprozirnijim najprozirnijima najprozirnijoj najprozirnijom najprozirniju prozirnih prozirnija prozirnije prozirnijeg prozirnijega prozirnijem prozirnijemu prozirniji prozirnijih prozirnijim prozirnijima prozirnijoj prozirnijom prozirniju prozirnim prozirnima prozirnog prozirnoga prozirnoj prozirnom prozirnome prozirnomu
naočit	najnaočitija najnaočitije najnaočitijeg najnaočitijega najnaočitijem najnaočitijemu najnaočitiji najnaočitijih najnaočitijim najnaočitijima najnaočitijoj najnaočitijom najnaočitiju naočite naočitih naočitija naočitije naočitijeg naočitijega naočitijem naočitijemu naočitiji naočitijih naočitijim naočitijima naočitijoj naočitijom naočitiju naočitim naočitima naočitoga naočitoj naočitom naočitome naočitomu naočitu
svirač	svirače sviračem sviračica sviračima
gangsterski	gangsterskih gangsterskima gangsterskoga gangsterskoj gangsterskome gangsterskomu gangstersku
pokoran	najpokornija najpokornije najpokornijeg najpokornijega najpokornijem najpokornijemu najpokorniji najpokornijih najpokornijim najpokornijima najpokornijoj najpokornijom najpokorniju pokornih pokornija pokornije pokornijeg pokornijega pokornijem pokornijemu pokorniji pokornijih pokornijim pokornijima pokornijoj pokornijom pokorniju pokornim pokornima pokorno pokornog pokornoga pokornoj pokornom pokornome pokornomu pokornu
hostesa	hostesama hostesi hosteso hostesom
duhan	duhane duhanom duhanu
saksija	saksijo saksijom
merač	merače meračem meračima meraču
popustljiv	najpopustljivija najpopustljivije najpopustljivijeg najpopustljivijega najpopustljivijem najpopustljivijemu najpopustljiviji najpopustljivijih najpopustljivijim najpopustljivijima najpopustljivijoj najpopustljivijom najpopustljiviju popustljive popustljivih popustljivija popustljivije popustljivijeg popustljivijega popustljivijem popustljivijemu popustljivijih popustljivijim popustljivijima popustljivijoj popustljivijom popustljiviju popustljivim popustljivima popustljivo popustljivog popustljivoga popustljivoj popustljivom popustljivome popustljivomu popustljivu
algebra	algebara algebrama algebro algebrom
uzajaman	uzajamnih uzajamnim uzajamnima uzajamnoga uzajamnoj uzajamnome uzajamnomu
kreator	kreatore kreatorima kreatorom kreatoru
aktivacija	aktivacijama aktivaciji aktivacijo aktivacijom
poglavar	poglavare poglavarima poglavarom
rumunski	rumunskih rumunskim rumunskima rumunsko rumunskoga rumunskoj rumunskome rumunskomu rumunsku
zloupotrebljavati	zloupotrebljavah zloupotrebljavahu zloupotrebljavaj zloupotrebljavajmo zloupotrebljavajte zloupotrebljavajući zloupotrebljavamo zloupotrebljavanje zloupotrebljavasmo zloupotrebljavaste zloupotrebljavaće zloupotrebljavaćemo zloupotrebljavaćete zloupotrebljavaćeš zloupotrebljavaću zloupotrebljavaše
skupocen	najskupocenija najskupocenije najskupocenijeg najskupocenijega najskupocenijem najskupocenijemu najskupoceniji najskupocenijih najskupocenijim najskupocenijima najskupocenijoj najskupocenijom najskupoceniju skupocenih skupocenija skupocenije skupocenijeg skupocenijega skupocenijem skupocenijemu skupoceniji skupocenijih skupocenijim skupocenijima skupocenijoj skupocenijom skupoceniju skupocenim skupocenima skupocenog skupocenoga skupocenoj skupocenom skupocenome skupocenomu
carev	carevim carevoj
navrat	navratima navratom navratu
pustinjak	pustinjacima pustinjake pustinjakom pustinjaku pustinjače
salutirati	salutirah salutirahu salutirajmo salutirajte salutirajući salutiramo salutirasmo salutiraste salutirate salutiravši salutiraće salutiraćemo salutiraćete salutiraćeš salutiraću salutiraše
prospekt	prospekata prospektima prospektom
